kod,ad,kategori,1a,3a,6a,yb,1y,3y,buyukluk,yatirimci,kurucu,satis_valoru,risk,tasfiye_kurucu,nitelikli_serbest,sepet,ozel_fon,tefas_kapali,sinif,kamu_payi,ozel_payi,hisse_payi,max_dusus_1y,kucuk,supheli,kunye_tarihi
PGE,PARDUS PORTFÖY GÜNEY HİSSE SENEDİ SERBEST FON (HİSSE SENEDİ YOĞUN FON),Serbest Şemsiye Fonu,-9.2914,14.7824,93.4162,487.6952,775.651,,,,,,,True,True,False,False,False,Hisse (aktif),,,,,False,False,
PKU,PARDUS PORTFÖY KUZEY HİSSE SENEDİ SERBEST FON (HİSSE SENEDİ YOĞUN FON),Serbest Şemsiye Fonu,-69.6781,-58.426,-25.8176,104.2362,257.9493,,,,,,,True,True,False,False,False,Hisse (aktif),,,,,False,False,
PBE,PUSULA PORTFÖY BATI SERBEST FON,Serbest Şemsiye Fonu,9.1881,32.6544,90.7458,157.6147,244.5313,,,,,,,True,True,False,False,False,,,,,,False,False,
MIK,MT PORTFÖY İKİNCİ SERBEST FON,Serbest Şemsiye Fonu,1.3442,6.6299,111.6952,208.1069,240.3719,,3654254701.82,11.0,Mt Portföy Yönetimi A.Ş.,0.0,7.0,False,True,False,False,False,,0.0,0.0,4.91,-7.1758,False,True,2026-10-05
PDH,PARDUS PORTFÖY DOĞU HİSSE SENEDİ SERBEST FON (HİSSE SENEDİ YOĞUN FON),Serbest Şemsiye Fonu,-34.3317,-34.8157,-11.1873,109.4533,218.5947,,,,,,,True,True,False,False,False,Hisse (aktif),,,,,False,False,
POU,PARDUS PORTFÖY ONÜÇÜNCÜ HİSSE SENEDİ SERBEST (TL) FON (HİSSE SENEDİ YOĞUN FON),Serbest Şemsiye Fonu,-51.5654,-52.267,-17.826,112.0145,210.617,,,,,,,True,True,False,False,False,Hisse (aktif),,,,,False,False,
STM,ALLBATROSS PORTFÖY ALGORİTMİK STRATEJİLER SERBEST FON,Serbest Şemsiye Fonu,-4.6128,-2.5347,-34.5609,-35.9872,177.5266,,372440.77,15.0,Allbatross Portföy Yönetimi A.Ş.,0.0,7.0,False,True,False,False,False,Hisse (aktif),0.0,0.0,79.16,-40.3934,True,True,2026-10-06
NIG,TRIVE PORTFÖY SERBEST FON,Serbest Şemsiye Fonu,-6.3725,-6.7029,31.2115,72.5835,173.9219,-28.3153,498708294.79,15.0,Trive Portföy Yönetimi A.Ş.,0.0,7.0,False,True,False,False,False,,0.0,0.0,17.32,-17.0427,True,True,2026-10-05
ZCA,ZİRAAT PORTFÖY ÖPY BİRİNCİ SERBEST (TL) ÖZEL FON,Serbest Şemsiye Fonu,2.8816,9.6032,20.7419,32.1402,159.1327,609.8189,67605317.85,1.0,Ziraat Portföy Yönetimi A.Ş.,0.0,7.0,False,True,False,True,False,,0.0,0.0,0.0,-8.3537,True,True,2026-10-05
PDG,PUSULA PORTFÖY DOĞU HİSSE SENEDİ SERBEST (TL) FON (HİSSE SENEDİ YOĞUN FON),Serbest Şemsiye Fonu,-56.058,-62.8107,33.8952,254.9909,158.6751,,,,,,,True,True,False,False,False,Hisse (aktif),,,,,False,False,
PKN,PİRAMİT PORTFÖY İKİNCİ HİSSE SENEDİ SERBEST FON (HİSSE SENEDİ YOĞUN FON),Serbest Şemsiye Fonu,-6.7559,11.7886,38.4062,105.6128,145.0189,,23735827.28,9.0,Piramit Portföy Yönetimi A.Ş.,0.0,7.0,False,True,False,False,False,Hisse (aktif),0.0,0.0,76.32,-22.5718,True,True,2026-10-05
BVH,BV PORTFÖY BİRİNCİ HİSSE SENEDİ SERBEST (TL) FON (HİSSE SENEDİ YOĞUN FON),Serbest Şemsiye Fonu,-1.3392,1.7499,29.8384,97.8544,134.7644,,15948729.6,12.0,Bv Portföy Yönetimi A.Ş.,0.0,6.0,False,True,False,False,False,Hisse (aktif),0.0,0.0,64.06,-12.4081,True,True,2026-10-05
LTS,HEDEF PORTFÖY LOTUS SERBEST FON,Serbest Şemsiye Fonu,-14.7513,1.6409,25.4151,106.9371,125.427,,,,,,,True,True,False,False,False,,,,,,False,False,
SFA,STATECH PORTFÖY ALPHA HİSSE SENEDİ SERBEST FON (HİSSE SENEDİ YOĞUN FON),Serbest Şemsiye Fonu,3.165,23.2045,49.9276,91.4638,123.8167,810.5059,1369795345.78,18.0,Statech Portföy Yönetimi A.Ş.,0.0,,False,True,False,False,False,Hisse (aktif),0.0,0.0,87.76,-1.2423,False,True,2026-10-05
IIC,İSTANBUL PORTFÖY ONÜÇÜNCÜ SERBEST (TL) FON,Serbest Şemsiye Fonu,-8.629,-10.6779,102.7151,120.2784,120.1093,319.1596,4582215.63,13.0,İstanbul Portföy Yönetimi A.Ş.,0.0,7.0,False,True,False,False,False,Hisse (aktif),0.0,0.0,59.85,-17.0444,True,True,2026-10-06
UZY,ÜNLÜ PORTFÖY İKİNCİ İSTATİSTİKSEL ARBİTRAJ SERBEST FON,Serbest Şemsiye Fonu,1.0756,7.3107,258.7118,98.7159,116.7949,413.6585,312297624.35,40.0,Ünlü Portföy Yönetimi A.Ş.,0.0,7.0,False,True,False,False,False,,0.0,0.0,15.17,-80.6604,True,True,2026-10-05
ZSB,ZİRAAT PORTFÖY İKİNCİ İSTATİSTİKSEL ARBİTRAJ SERBEST FON,Serbest Şemsiye Fonu,5.4598,18.4972,43.8973,83.2602,113.8816,451.9071,2483875038.03,24.0,Ziraat Portföy Yönetimi A.Ş.,0.0,7.0,False,True,False,False,False,,0.0,0.0,28.97,-8.6443,False,True,2026-10-05
AES,AK PORTFÖY PETROL YABANCI BYF FON SEPETİ FONU,Fon Sepeti Şemsiye Fonu,7.506,34.3935,39.7984,119.0083,112.9906,191.7038,1413483204.01,35509.0,Ak Portföy Yönetimi A.Ş.,3.0,7.0,False,False,False,False,False,,0.0,0.0,0.0,-21.741,False,True,2026-10-06
CPT,ROTA PORTFÖY ÇİP TEKNOLOJİLERİ DEĞİŞKEN FON,Değişken Şemsiye Fonu,1.9836,2.5706,37.4122,72.5453,99.0366,,687830196.06,11057.0,Rota Portföy Yönetimi A.Ş.,3.0,6.0,False,False,False,False,False,Hisse (aktif),4.03,0.0,92.94,-16.9168,False,True,2026-10-05
RAI,ROTA PORTFÖY ABİS HİSSE SENEDİ SERBEST ÖZEL FON (HİSSE SENEDİ YOĞUN FON),Serbest Şemsiye Fonu,3.5145,-0.7182,14.4824,46.4486,91.9487,,5430582299.68,1.0,Rota Portföy Yönetimi A.Ş.,0.0,7.0,False,True,False,True,False,Hisse (aktif),0.0,0.0,100.0,-19.0924,False,False,2026-10-05
YIT,GARANTİ PORTFÖY YARI İLETKEN TEKNOLOJİLERİ DEĞİŞKEN FON,Değişken Şemsiye Fonu,3.2716,2.1725,39.5305,73.8157,88.3007,,1984548300.63,13970.0,Garanti Portföy Yönetimi A.Ş.,3.0,6.0,False,False,False,False,False,Hisse (aktif),0.0,3.71,92.96,-19.7556,False,True,2026-10-06
RTA,ROTA PORTFÖY ONİKİNCİ HİSSE SENEDİ SERBEST FON (HİSSE SENEDİ YOĞUN FON),Serbest Şemsiye Fonu,4.561,28.0192,48.991,86.3532,86.4458,,4290653035.44,15.0,Rota Portföy Yönetimi A.Ş.,0.0,7.0,False,True,False,False,False,Hisse (aktif),0.0,0.0,100.0,-23.8374,False,False,2026-10-06
ROF,ROTA PORTFÖY ONUNCU HİSSE SENEDİ SERBEST FON (HİSSE SENEDİ YOĞUN FON),Serbest Şemsiye Fonu,-5.4404,0.5633,0.0465,17.7942,86.441,,458227515.89,246.0,Rota Portföy Yönetimi A.Ş.,2.0,7.0,False,True,False,False,False,Hisse (aktif),0.0,0.0,99.6,-17.0922,True,False,2026-10-05
BRH,İSTANBUL PORTFÖY BİRİNCİ HİSSE SENEDİ SERBEST FON (HİSSE SENEDİ YOĞUN FON),Serbest Şemsiye Fonu,-25.868,-33.9687,-9.8568,58.6242,85.8368,,3434318790.37,13.0,İstanbul Portföy Yönetimi A.Ş.,0.0,7.0,False,True,False,False,False,Hisse (aktif),0.0,0.0,98.36,-43.8884,False,False,2026-10-06
DZS,AK PORTFÖY DOKUZUNCU SERBEST FON,Serbest Şemsiye Fonu,26.8628,37.2592,46.8905,64.3308,80.267,,4785554.4,314.0,Ak Portföy Yönetimi A.Ş.,0.0,2.0,False,True,False,False,False,,0.0,0.0,0.0,-2.9055,True,False,2026-10-05
ZVB,ATLAS PORTFÖY SERBEST (TL) FON,Serbest Şemsiye Fonu,0.6526,6.4906,20.6625,9.132,78.8985,228.7817,,,,,,True,True,False,False,False,,,,,,False,False,
BTK,BV PORTFÖY TEKNOLOJİ KATILIM FONU,Katılım Şemsiye Fonu,3.6025,13.155,53.4569,71.3996,78.7622,,257983394.0,1830.0,Bv Portföy Yönetimi A.Ş.,3.0,6.0,False,False,False,False,False,Hisse (aktif),0.0,6.66,83.21,-12.228,True,False,2026-10-09
CPU,AKTİF PORTFÖY TEKNOLOJİ KATILIM FONU,Katılım Şemsiye Fonu,1.1594,9.2129,43.338,64.4975,77.4299,,987720228.29,15478.0,Aktif Portföy Yönetimi A.Ş.,2.0,5.0,False,False,False,False,False,Hisse (aktif),0.0,0.0,88.1,-10.0288,False,False,2026-10-05
RSK,ROTA PORTFÖY ONSEKİZİNCİ SERBEST FON,Serbest Şemsiye Fonu,-2.9285,4.1694,18.5004,34.7703,76.642,,209289419.04,127.0,Rota Portföy Yönetimi A.Ş.,2.0,5.0,False,True,False,False,False,Hisse (aktif),23.7,0.0,53.95,-8.4673,True,False,2026-10-05
PTO,PARDUS PORTFÖY TEMETTÜ ÖDEYEN ŞİRKETLER HİSSE SENEDİ FONU (HİSSE SENEDİ YOĞUN FON),Hisse Senedi Şemsiye Fonu,0.5255,13.4118,33.3572,65.2532,75.9449,,,,,,,True,False,False,False,False,Hisse (aktif),,,,,False,False,
HBV,HEDEF PORTFÖY DORUK HİSSE SENEDİ SERBEST (TL) FON (HİSSE SENEDİ YOĞUN FON),Serbest Şemsiye Fonu,-5.863,-3.6127,18.1443,78.2311,74.6347,123.6895,,,,,,True,True,False,False,False,Hisse (aktif),,,,,False,False,
IJI,İSTANBUL PORTFÖY HİSSE SENEDİ SERBEST (TL) FON (HİSSE SENEDİ YOĞUN FON ),Serbest Şemsiye Fonu,-9.1551,-2.5969,12.5794,41.1076,73.5593,176.1592,162255348.58,182.0,İstanbul Portföy Yönetimi A.Ş.,2.0,7.0,False,True,False,False,False,Hisse (aktif),0.0,0.0,98.8,-21.1059,True,False,2026-10-06
DLN,AURA PORTFÖY DOLUNAY SERBEST FON,Serbest Şemsiye Fonu,4.3167,20.5707,44.9439,57.8963,73.2014,,553914700.22,12.0,Aura Portföy Yönetimi A.Ş.,0.0,7.0,False,True,False,False,False,,0.0,0.0,0.0,-1.5787,False,False,2026-10-05
BCC,ASTRA PORTFÖY BCC SERBEST (DÖVİZ) ÖZEL FON,Serbest Şemsiye Fonu,2.9724,13.2484,32.1932,53.9127,70.5636,,3378942354.13,3.0,Astra Portföy Yönetimi A.Ş.,0.0,7.0,False,True,False,True,False,Eurobond / döviz,0.0,81.0,0.0,-0.9673,False,False,2026-10-06
BVV,BV PORTFÖY TEKNOLOJİ DEĞİŞKEN FON,Değişken Şemsiye Fonu,2.8574,7.2056,45.7733,60.9601,70.3088,,85831019.99,871.0,Bv Portföy Yönetimi A.Ş.,3.0,6.0,False,False,False,False,False,Hisse (aktif),0.0,4.24,70.55,-11.4643,True,False,2026-10-05
IRT,INVEO PORTFÖY TEKNOLOJİ DEĞİŞKEN FON,Değişken Şemsiye Fonu,0.3779,7.1306,35.7962,49.4964,70.1732,271.4674,122396529.7,1310.0,Inveo Portföy Yönetimi A.Ş.,3.0,6.0,False,False,False,False,False,Hisse (aktif),0.0,0.0,81.54,-11.2842,True,False,2026-10-06
BIH,PARDUS PORTFÖY BİRİNCİ HİSSE SENEDİ (TL) FONU (HİSSE SENEDİ YOĞUN FON),Hisse Senedi Şemsiye Fonu,-2.7992,9.9044,20.3936,39.4728,69.1617,,,,,,,True,False,False,False,False,Hisse (aktif),,,,,False,False,
GUH,GARANTİ PORTFÖY YABANCI TEKNOLOJİ HİSSE SENEDİ FONU,Hisse Senedi Şemsiye Fonu,8.1537,13.3405,53.1593,58.8387,68.639,305.5381,5057088735.93,37713.0,Garanti Portföy Yönetimi A.Ş.,3.0,6.0,False,False,False,False,False,Hisse (aktif),0.0,0.0,92.38,-13.106,False,True,2026-10-06
RBR,RE-PIE  PORTFÖY BİRİNCİ KATILIM SERBEST FON,Serbest Şemsiye Fonu,0.3252,30.9607,42.0193,54.9467,68.0488,221.175,28739536.2,490.0,Re-pıe Portföy Yönetimi A.Ş.,2.0,4.0,False,True,False,False,False,Kira sertifikası / katılım,0.0,0.0,0.0,-3.0209,True,False,2026-10-05
ICH,PARDUS PORTFÖY İKİNCİ DEĞİŞKEN FON,Değişken Şemsiye Fonu,-10.0594,2.9882,16.1144,47.1427,67.1102,,,,,,,True,False,False,False,False,Karma / değişken,,,,,False,False,
PO8,PARDUS PORTFÖY ONSEKİZİNCİ HİSSE SENEDİ SERBEST FON (HİSSE SENEDİ YOĞUN FON),Serbest Şemsiye Fonu,-2.1359,14.2415,0.4801,20.9948,66.837,,,,,,,True,True,False,False,False,Hisse (aktif),,,,,False,False,
NBH,NEO PORTFÖY ALGORİTMİK STRATEJİLER SERBEST FON,Serbest Şemsiye Fonu,4.2324,14.5058,29.6814,48.5834,66.7092,209.8228,4005467061.32,172.0,Neo Portföy Yönetimi A.Ş.,2.0,7.0,False,True,False,False,False,,0.0,0.0,12.4,-0.0684,False,False,2026-10-06
KTJ,KUVEYT TÜRK PORTFÖY TEKNOLOJİ KATILIM FONU,Katılım Şemsiye Fonu,7.1303,13.8452,47.8358,64.3824,65.8028,,1537476755.78,20824.0,Kuveyt Türk Portföy Yönetimi A.Ş.,2.0,6.0,False,False,False,False,False,Hisse (aktif),0.0,0.0,91.04,-9.7617,False,False,2026-10-06
YAY,YAPI KREDİ PORTFÖY YABANCI TEKNOLOJİ SEKTÖRÜ HİSSE SENEDİ FONU,Hisse Senedi Şemsiye Fonu,5.9097,11.0847,49.3047,55.9574,65.6342,313.2014,13809371382.81,41398.0,Yapı Kredi Portföy Yönetimi A.Ş.,2.0,7.0,False,False,False,False,False,Hisse (aktif),0.0,0.0,96.02,-14.4165,False,True,2026-10-05
KBJ,STRATEJİ PORTFÖY KİBELE KAR PAYI ÖDEYEN HİSSE SENEDİ SERBEST FON (HİSSE SENEDİ YOĞUN FON),Serbest Şemsiye Fonu,-1.1722,4.1403,5.4465,38.2584,64.9773,,551072791.78,93.0,Strateji Portföy Yönetimi A.Ş.,0.0,,False,True,False,False,False,Hisse (aktif),1.35,0.47,91.32,-9.3433,False,False,2026-10-05
IIF,İŞ PORTFÖY İSTATİSTİKSEL ARBİTRAJ SERBEST FON,Serbest Şemsiye Fonu,3.9451,13.3615,29.3747,47.222,64.9633,,1256553262.35,15.0,İş Portföy Yönetimi A.Ş.,0.0,,False,True,False,False,False,,0.0,0.0,9.93,-0.2102,False,False,2026-10-06
ARP,AK PORTFÖY ÖPY BİRİNCİ SERBEST ÖZEL FON,Serbest Şemsiye Fonu,-2.8334,4.2164,2.0152,7.8512,64.3283,210.4426,3120622178.68,1.0,Ak Portföy Yönetimi A.Ş.,0.0,6.0,False,True,False,True,False,Hisse (aktif),0.0,0.0,67.27,-15.361,False,False,2026-10-05
TRJ,TERA PORTFÖY BİRİNCİ BORÇLANMA ARAÇLARI (TL) FONU,Borçlanma Araçları Şemsiye Fonu,2.776,11.2038,25.1497,43.1357,63.611,,1870738004.69,4206.0,Tera Portföy Yönetimi A.Ş.,1.0,3.0,True,False,False,False,False,Özel sektör borçlanma,28.28,69.23,0.0,-0.8226,False,False,2026-10-05
KNJ,KUVEYT TÜRK PORTFÖY ENERJİ KATILIM FONU,Katılım Şemsiye Fonu,-3.4386,11.5607,14.5939,48.5083,61.5523,,1018601986.69,14836.0,Kuveyt Türk Portföy Yönetimi A.Ş.,2.0,5.0,False,False,False,False,False,Hisse (aktif),0.0,0.0,88.56,-7.5773,False,False,2026-10-05
ZA2,KUVEYT TÜRK PORTFÖY İKİNCİ SEPET HESAP PARA PİYASASI KATILIM FONU,Katılım Şemsiye Fonu,3.5002,11.1453,25.0298,42.6721,61.4662,,3935462966.78,480.0,Kuveyt Türk Portföy Yönetimi A.Ş.,0.0,2.0,False,False,True,False,False,Para piyasası,0.0,1.38,0.0,0.0,False,False,2026-10-06
LPH,STATECH PORTFÖY İSTATİSTİKSEL ARBİTRAJ HİSSE SENEDİ SERBEST (TL) FON (HİSSE SENEDİ YOĞUN FON),Serbest Şemsiye Fonu,2.8218,10.2724,23.4015,43.9138,60.9922,,2520976077.02,1718.0,Statech Portföy Yönetimi A.Ş.,2.0,2.0,False,True,False,False,False,Hisse (aktif),0.0,0.0,88.07,-0.4617,False,False,2026-10-05
FYI,AZİMUT PORTFÖY 4.0 SERBEST FON,Serbest Şemsiye Fonu,2.2969,18.4912,36.7085,72.6445,60.8575,199.9789,114833527.17,281.0,Azimut Portföy Yönetimi A.Ş.,2.0,7.0,False,True,False,False,False,,0.57,38.8,4.11,-15.3224,True,False,2026-10-06
ECA,GLOBAL MD PORTFÖY BİRİNCİ DEĞİŞKEN FON,Değişken Şemsiye Fonu,-5.2394,6.7682,21.5133,47.4157,60.5679,173.9655,302109172.15,775.0,Global MD Portföy Yönetimi A.Ş.,2.0,6.0,False,False,False,False,False,Hisse (aktif),0.0,3.7,93.53,-6.7877,True,False,2026-10-05
BBS,BULLS PORTFÖY BİRİNCİ SERBEST (TL) FON,Serbest Şemsiye Fonu,1.8327,9.9754,24.0602,41.2399,60.297,,,,,,,True,True,False,False,False,,,,,,False,False,
HIZ,AZİMUT PORTFÖY DİNAMİK DEĞİŞKEN FON,Değişken Şemsiye Fonu,2.8802,8.178,20.017,43.1636,59.5898,,208047905.39,864.0,Azimut Portföy Yönetimi A.Ş.,2.0,5.0,False,False,False,False,False,Hisse (aktif),2.73,3.14,53.74,-5.542,True,False,2026-10-05
IJC,İŞ PORTFÖY YARI İLETKEN TEKNOLOJİLERİ DEĞİŞKEN FON,Değişken Şemsiye Fonu,-1.9434,-4.0814,34.9265,61.6717,59.3802,250.6786,4206217531.08,38646.0,İş Portföy Yönetimi A.Ş.,3.0,6.0,False,False,False,False,False,Hisse (aktif),0.0,0.0,94.68,-20.9252,False,False,2026-10-06
TEJ,AZİMUT PORTFÖY TEKNOLOJİ FON SEPETİ FONU,Fon Sepeti Şemsiye Fonu,3.3004,10.9182,42.5716,53.8426,58.7541,,675120319.93,1176.0,Azimut Portföy Yönetimi A.Ş.,3.0,6.0,False,False,False,False,False,Hisse (aktif),0.0,0.0,8.84,-10.2776,False,False,2026-10-06
PRU,ALLBATROSS PORTFÖY KISA VADELİ SERBEST (TL) FON,Serbest Şemsiye Fonu,3.5834,11.8683,25.689,41.995,58.6403,279.8884,1780824365.68,789.0,Allbatross Portföy Yönetimi A.Ş.,0.0,2.0,False,True,False,False,False,,0.0,19.5,0.0,0.0,False,False,2026-10-05
AY7,AZİMUT PORTFÖY 27.0 SERBEST FON,Serbest Şemsiye Fonu,2.2649,9.8497,21.5972,39.8288,58.4289,,331169248.58,12.0,Azimut Portföy Yönetimi A.Ş.,0.0,3.0,False,True,False,False,False,,10.96,38.97,1.55,-2.7445,True,False,2026-10-05
AZJ,AZİMUT PYŞ STRATEJİ-1 SERBEST FON,Serbest Şemsiye Fonu,2.6318,11.4483,24.6359,42.6062,57.4134,265.9112,1392214216.64,66.0,,0.0,5.0,False,True,False,False,False,,0.35,64.65,0.0,-4.5186,False,False,2026-10-05
SRL,PARDUS PORTFÖY SÜRDÜRÜLEBİLİRLİK HİSSE SENEDİ (TL) FONU (HİSSE SENEDİ YOĞUN FON),Hisse Senedi Şemsiye Fonu,-4.4401,3.7114,22.576,36.5186,56.9594,,,,,,,True,False,False,False,False,Hisse (aktif),,,,,False,False,
FS6,ONE PORTFÖY İKİNCİ İSTATİSTİKSEL ARBİTRAJ SERBEST FON,Serbest Şemsiye Fonu,1.8354,14.5224,25.13,40.167,56.5958,,202176773.74,234.0,One Portföy Yönetimi A.Ş.,2.0,4.0,False,True,False,False,False,,0.0,22.57,0.4,-5.6365,True,False,2026-10-05
DVT,DENİZ PORTFÖY METAVERSE VE DİJİTAL YAŞAM TEKNOLOJİLERİ DEĞİŞKEN FON,Değişken Şemsiye Fonu,0.0581,5.157,37.3577,50.0767,56.4699,277.0153,847265106.81,9915.0,Deniz Portföy Yönetimi A.Ş.,3.0,6.0,False,False,False,False,False,Hisse (aktif),0.0,0.0,75.69,-10.2402,False,False,2026-10-05
FDV,AZİMUT PORTFÖY DMR SERBEST FON,Serbest Şemsiye Fonu,-0.7478,8.1308,21.8202,44.4151,56.2194,252.4857,1493764839.16,1.0,Azimut Portföy Yönetimi A.Ş.,2.0,4.0,False,True,False,False,False,Hisse (aktif),0.0,1.66,57.58,-4.3155,False,False,2026-10-05
IRF,İSTANBUL PORTFÖY BİRİNCİ FON SEPETİ FONU,Fon Sepeti Şemsiye Fonu,1.6453,9.3186,24.2792,39.6091,56.1582,206.5046,369179137.52,1450.0,İstanbul Portföy Yönetimi A.Ş.,2.0,3.0,False,False,False,False,False,,0.0,0.0,0.3,-0.8827,True,False,2026-10-05
OPF,OSMANLI PORTFÖY AGRESİF DEĞİŞKEN FON,Değişken Şemsiye Fonu,4.8434,11.1105,34.3959,47.3749,55.8177,,312629139.77,855.0,Osmanlı Portföy Yönetimi A.Ş.,2.0,5.0,False,False,False,False,False,Hisse (aktif),0.0,29.83,53.58,-6.9611,True,False,2026-10-05
SGT,GARANTİ PORTFÖY SİBER GÜVENLİK TEKNOLOJİLERİ DEĞİŞKEN FON,Değişken Şemsiye Fonu,10.5648,15.9874,48.6924,58.4262,55.6598,,200844283.77,2704.0,Garanti Portföy Yönetimi A.Ş.,3.0,5.0,False,False,False,False,False,Hisse (aktif),0.0,4.87,81.85,-9.7229,True,False,2026-10-05
TGE,İŞ PORTFÖY EMTİA YABANCI BYF FON SEPETİ FONU,Fon Sepeti Şemsiye Fonu,0.9393,15.4531,17.0826,42.8804,55.5804,168.2655,2947442541.73,36336.0,İş Portföy Yönetimi A.Ş.,3.0,6.0,False,False,False,False,False,,0.0,0.0,2.53,-11.7601,False,False,2026-10-05
PRY,PUSULA PORTFÖY PARA PİYASASI (TL) FONU,Para Piyasası Şemsiye Fonu,0.9299,9.5368,23.1251,39.2571,55.5451,,18883063755.07,38751.0,Pusula Portföy Yönetimi A.Ş.,0.0,2.0,True,False,False,False,False,Para piyasası,0.01,95.81,0.0,-0.2772,False,True,2026-10-05
YJK,YAPI KREDİ PORTFÖY ROBOTİK VE YARI İLETKEN TEKNOLOJİLERİ FON SEPETİ FONU,Fon Sepeti Şemsiye Fonu,0.2849,3.6933,32.2693,49.0294,55.5416,239.2017,988141031.98,12897.0,Yapı Kredi Portföy Yönetimi A.Ş.,2.0,5.0,False,False,False,False,False,Hisse (aktif),0.0,0.0,0.0,-11.272,False,False,2026-10-06
PKV,PARDUS PORTFÖY KISA VADELİ SERBEST (TL) FON,Serbest Şemsiye Fonu,3.4799,11.4016,24.4912,40.1728,55.4508,,,,,,,True,True,False,False,False,,,,,,False,False,
KKL,ALLBATROSS PORTFÖY KISA VADELİ KATILIM SERBEST (TL) FON,Serbest Şemsiye Fonu,3.6613,11.5964,24.6344,40.3721,55.3155,,3230172828.43,1210.0,Allbatross Portföy Yönetimi A.Ş.,0.0,1.0,False,True,False,False,False,Kira sertifikası / katılım,0.0,11.63,0.0,0.0,False,False,2026-10-05
PSE,ATLAS PORTFÖY PARA PİYASASI SERBEST FON,Serbest Şemsiye Fonu,1.0101,9.131,22.561,38.9852,54.964,,,,,,,True,True,False,False,False,Para piyasası,,,,,False,False,
RVS,ROTA PORTFÖY ONBEŞİNCİ HİSSE SENEDİ SERBEST FON (HİSSE SENEDİ YOĞUN FON),Serbest Şemsiye Fonu,26.918,42.9456,89.8778,82.4488,54.8438,,5216730897.64,19.0,Rota Portföy Yönetimi A.Ş.,0.0,7.0,False,True,False,False,False,Hisse (aktif),0.0,0.0,99.98,-24.893,False,False,2026-10-05
YCK,YAPI KREDİ PORTFÖY CİHANGİR SERBEST FON,Serbest Şemsiye Fonu,5.1869,12.7422,34.0643,45.8998,54.6652,172.518,444969390.38,150.0,Yapı Kredi Portföy Yönetimi A.Ş.,2.0,6.0,False,True,False,False,False,Hisse (aktif),0.0,0.0,66.93,-16.7813,True,False,2026-10-05
ICN,İSTANBUL PORTFÖY ÜÇÜNCÜ İSTATİSTİKSEL ARBİTRAJ SERBEST (TL) FON,Serbest Şemsiye Fonu,5.1189,13.1964,26.0511,41.5516,54.6638,283.5927,113910238.59,13.0,İstanbul Portföy Yönetimi A.Ş.,0.0,7.0,False,True,False,False,False,,0.0,0.0,0.0,-0.3908,True,False,2026-10-05
BBP,ALLBATROSS PORTFÖY BİRİNCİ BORÇLANMA ARAÇLARI FONU,Borçlanma Araçları Şemsiye Fonu,1.1061,7.3779,15.2495,73.9413,54.5384,,10475938.06,422.0,Allbatross Portföy Yönetimi A.Ş.,2.0,6.0,False,False,False,False,False,Kamu borçlanma (devlet tahvili),83.08,0.0,0.0,-16.4541,True,False,2026-10-06
EBD,GLOBAL MD PORTFÖY İKİNCİ DEĞİŞKEN FON,Değişken Şemsiye Fonu,-0.8084,-0.5903,25.2965,41.1397,54.4276,184.3273,71119972.34,508.0,Global MD Portföy Yönetimi A.Ş.,2.0,5.0,False,False,False,False,False,Hisse (aktif),0.0,0.0,81.64,-8.8347,True,False,2026-10-05
DFO,AZİMUT PORTFÖY DLS SERBEST ÖZEL FON,Serbest Şemsiye Fonu,-3.0484,6.3319,17.8205,40.1964,54.149,240.031,1159391440.5,3.0,Azimut Portföy Yönetimi A.Ş.,0.0,5.0,False,True,False,True,False,Hisse (aktif),0.0,2.05,53.55,-4.6199,False,False,2026-10-05
ODP,OSMANLI PORTFÖY BİRİNCİ SERBEST FON,Serbest Şemsiye Fonu,6.7551,14.1716,41.7718,44.36,53.8757,281.9347,274893950.36,127.0,Osmanlı Portföy Yönetimi A.Ş.,3.0,6.0,False,True,False,False,False,Hisse (aktif),0.0,0.0,68.87,-10.5616,True,False,2026-10-05
NKH,NEO PORTFÖY İKİNCİ HİSSE SENEDİ SERBEST FON (HİSSE SENEDİ YOĞUN FON),Serbest Şemsiye Fonu,-2.9696,24.5521,20.8162,53.7595,53.8133,,160746146.19,12.0,Neo Portföy Yönetimi A.Ş.,0.0,7.0,False,True,False,False,False,Hisse (aktif),0.0,0.0,98.95,-13.4029,True,False,2026-10-05
TFF,TEB PORTFÖY AMERİKA TEKNOLOJİ YABANCI BYF FON SEPETİ FONU,Fon Sepeti Şemsiye Fonu,7.5069,15.3563,47.922,49.2525,53.7344,259.9483,1404138894.12,8598.0,Teb Portföy Yönetimi A.Ş.,4.0,6.0,False,False,False,False,False,Hisse (aktif),0.0,0.0,0.0,-11.365,False,False,2026-10-05
GZM,GLOBAL MD PORTFÖY DURU SERBEST FON,Serbest Şemsiye Fonu,4.7442,14.9836,37.1967,73.564,53.586,50.9567,342199975.6,687.0,Global MD Portföy Yönetimi A.Ş.,2.0,7.0,False,True,False,False,False,,0.0,0.0,49.41,-15.9184,True,False,2026-10-05
ZP2,ZİRAAT PORTFÖY İKİNCİ İSTATİSTİKSEL ARBİTRAJ SERBEST (TL) ÖZEL FON,Serbest Şemsiye Fonu,5.7076,13.2475,25.0783,39.8107,53.3373,310.3896,661218074.18,1.0,Ziraat Portföy Yönetimi A.Ş.,0.0,2.0,False,True,False,True,False,,0.0,0.0,2.63,-1.8497,False,False,2026-10-06
RTG,ATA PORTFÖY ROBOTİK TEKNOLOJİLERİ DEĞİŞKEN FON,Değişken Şemsiye Fonu,1.9959,5.3852,38.386,46.9791,53.3331,231.7553,217834756.81,4086.0,Ata Portföy Yönetimi A.Ş.,3.0,6.0,False,False,False,False,False,Hisse (aktif),0.0,0.0,87.55,-16.6174,True,False,2026-10-05
TPP,TEB PORTFÖY PUSULA SERBEST FON,Serbest Şemsiye Fonu,-3.7195,3.7942,13.2923,26.4742,53.3183,234.8892,,,,,,True,True,False,False,False,,,,,,False,False,
KPF,NEO PORTFÖY MUTLAK GETİRİ HEDEFLİ HİSSE SENEDİ SERBEST FON (HİSSE SENEDİ YOĞUN FON),Serbest Şemsiye Fonu,3.3344,9.3471,21.5061,32.8411,53.1249,,,,,,,True,True,False,False,False,Hisse (aktif),,,,,False,False,
IAE,İSTANBUL PORTFÖY AGRESİF DEĞİŞKEN FON,Değişken Şemsiye Fonu,-5.7079,4.4816,11.8687,48.4768,53.0061,,215362320.0,338.0,İstanbul Portföy Yönetimi A.Ş.,2.0,5.0,False,False,False,False,False,Hisse (aktif),0.0,0.0,69.24,-8.0446,True,False,2026-10-05
TMS,TACİRLER PORTFÖY MARATON SERBEST FON,Serbest Şemsiye Fonu,-2.5673,6.2249,14.5068,33.0606,52.8732,,393573107.3,80.0,Tacirler Portföy Yönetimi A.Ş.,0.0,5.0,False,True,False,False,False,Hisse (aktif),0.0,0.0,85.83,-9.4531,True,False,2026-10-05
DDF,DENİZ PORTFÖY DİNAMO HİSSE SENEDİ SERBEST (TL) FON (HİSSE SENEDİ YOĞUN FON),Serbest Şemsiye Fonu,-3.8822,18.7425,27.453,51.7673,52.761,262.646,67629831.39,420.0,Deniz Portföy Yönetimi A.Ş.,2.0,6.0,False,True,False,False,False,Hisse (aktif),0.0,0.0,104.65,-16.3758,True,False,2026-10-05
YZL,YAPI KREDİ PORTFÖY PY ÇAMLICA SERBEST ÖZEL FON,Serbest Şemsiye Fonu,0.9098,16.1535,21.7574,34.6495,52.7052,235.275,551352161.15,58.0,Yapı Kredi Portföy Yönetimi A.Ş.,0.0,5.0,False,True,False,True,False,,26.24,2.64,49.77,-4.8517,False,False,2026-10-05
CKL,YAPI KREDİ PORTFÖY ÇOKLU VARLIK DEĞİŞKEN FON,Değişken Şemsiye Fonu,0.9233,17.2362,24.9255,40.32,52.6274,,917840786.22,1286.0,Yapı Kredi Portföy Yönetimi A.Ş.,2.0,5.0,False,False,False,False,False,Hisse (aktif),8.4,2.56,61.57,-7.0677,False,False,2026-10-05
BBF,PARDUS PORTFÖY BİRİNCİ BORÇLANMA ARAÇLARI (TL) FONU,Borçlanma Araçları Şemsiye Fonu,2.3175,9.4022,19.8291,32.4826,52.5143,,145608053.45,833.0,Pardus Portföy Yönetimi A.Ş.,2.0,2.0,True,False,False,False,False,Kamu borçlanma (devlet tahvili),73.68,12.38,0.46,-0.2225,True,False,2026-10-05
RDF,ROTA PORTFÖY DOKUZUNCU HİSSE SENEDİ SERBEST FON (HİSSE SENEDİ YOĞUN FON),Serbest Şemsiye Fonu,-5.2993,-0.8209,0.932,22.3567,52.3306,,276282390.87,415.0,Rota Portföy Yönetimi A.Ş.,2.0,6.0,False,True,False,False,False,Hisse (aktif),0.0,0.0,99.7,-15.9398,True,False,2026-10-05
GBG,INVEO PORTFÖY G-20 ÜLKELERİ YABANCI HİSSE SENEDİ FONU,Hisse Senedi Şemsiye Fonu,0.6167,7.7121,28.2001,48.3658,52.2084,204.7751,175569227.86,3566.0,Inveo Portföy Yönetimi A.Ş.,3.0,6.0,False,False,False,False,False,Hisse (aktif),0.0,0.0,85.2,-6.4434,True,False,2026-10-05
NOI,TACİRLER PORTFÖY NOVA İSTATİSTİKSEL ARBİTRAJ SERBEST FON,Serbest Şemsiye Fonu,9.4128,16.4784,28.2486,40.7403,52.0777,,7852234.34,40.0,Tacirler Portföy Yönetimi A.Ş.,2.0,1.0,False,True,False,False,False,,0.0,0.0,37.38,-0.1325,True,False,2026-10-05
ZCG,ZİRAAT PORTFÖY DOKUZUNCU SERBEST (TL) FON,Serbest Şemsiye Fonu,3.1524,11.0036,23.0707,37.9302,52.0543,421.7522,653430647.35,153.0,Ziraat Portföy Yönetimi A.Ş.,0.0,3.0,False,True,False,False,False,,0.0,137.87,0.0,-1.4612,False,False,2026-10-05
VCD,AZİMUT PORTFÖY PARA PİYASASI KATILIM SERBEST FON,Serbest Şemsiye Fonu,3.1048,10.6976,21.6599,34.3029,51.7595,355.3719,120200800.8,13.0,Azimut Portföy Yönetimi A.Ş.,0.0,2.0,False,True,False,False,False,Para piyasası,0.0,0.0,0.0,-0.1696,True,False,2026-10-05
OVD,QNB PORTFÖY EMTİA FON SEPETİ FONU,Fon Sepeti Şemsiye Fonu,0.5544,16.4603,17.1627,38.3629,51.7318,167.3211,808727616.17,3061.0,QNB Portföy Yönetimi A.Ş.,3.0,6.0,False,False,False,False,False,Hisse (aktif),0.0,0.0,89.15,-12.0159,False,False,2026-10-05
HDJ,HEDEF PORTFÖY ARTI SERBEST (TL) FON,Serbest Şemsiye Fonu,3.2815,10.0359,22.5441,37.3259,51.7239,294.5929,,,,,,True,True,False,False,False,,,,,,False,False,
NBO,NEO PORTFÖY BORÇLANMA ARACI FONLARI FON SEPETİ FONU,Fon Sepeti Şemsiye Fonu,2.8726,10.0488,21.6763,37.0062,51.6466,,1713818660.27,302.0,Neo Portföy Yönetimi A.Ş.,1.0,2.0,False,False,False,False,False,Borçlanma (karma),0.03,7.11,0.0,-0.1092,False,False,2026-10-05
HGU,HSBC PORTFÖY GÜÇLÜ SERBEST ÖZEL FON,Serbest Şemsiye Fonu,3.9503,9.7823,25.795,42.9738,51.6345,203.3943,2038511000.09,2.0,HSBC Portföy Yönetimi A.Ş.,0.0,,False,True,False,True,False,,4.46,14.12,25.65,-4.7936,False,False,2026-10-05
PYF,AZİMUT PORTFÖY YONCA SERBEST ÖZEL FON,Serbest Şemsiye Fonu,2.6286,9.8303,20.3297,45.868,51.6255,193.1624,1261765144.68,10.0,Azimut Portföy Yönetimi A.Ş.,0.0,2.0,False,True,False,True,False,,9.38,0.0,4.15,-4.0695,False,False,2026-10-05
KDE,KUVEYT TÜRK PORTFÖY DENGELİ KATILIM FONU,Katılım Şemsiye Fonu,0.0102,6.8657,19.1869,42.3621,51.4425,,569864946.16,3542.0,Kuveyt Türk Portföy Yönetimi A.Ş.,2.0,3.0,False,False,False,False,False,Kira sertifikası / katılım,0.0,0.0,24.58,-2.2255,False,False,2026-10-05
KHD,ATLAS PORTFÖY İKİNCİ KATILIM HİSSE SENEDİ SERBEST FON (HİSSE SENEDİ YOĞUN FON),Serbest Şemsiye Fonu,-12.3831,-0.4307,5.5732,35.8482,51.4169,,,,,,,True,True,False,False,False,Hisse (aktif),,,,,False,False,
HVT,ALLBATROSS PORTFÖY BİRİNCİ PARA PİYASASI (TL) FONU,Para Piyasası Şemsiye Fonu,3.163,10.7029,22.5812,37.2886,51.408,276.2587,412049534.69,1388.0,Allbatross Portföy Yönetimi A.Ş.,0.0,1.0,False,False,False,False,False,Para piyasası,13.67,31.93,0.0,-0.101,True,False,2026-10-05
GZB,GARANTİ PORTFÖY ÖPY İKİNCİ SERBEST ÖZEL FON,Serbest Şemsiye Fonu,1.7682,9.6649,20.3179,33.9187,51.318,238.504,1396098240.59,1.0,Garanti Portföy Yönetimi A.Ş.,0.0,4.0,False,True,False,True,False,,20.11,24.74,14.24,-4.0027,False,False,2026-10-05
ITL,İŞ PORTFÖY ÖPY DELTA SERBEST (TL) ÖZEL FON,Serbest Şemsiye Fonu,2.5618,9.8561,22.2171,38.0781,51.0947,274.061,4874951385.58,1.0,İş Portföy Yönetimi A.Ş.,0.0,2.0,False,True,False,True,False,,0.0,1.04,8.26,-0.2711,False,False,2026-10-05
YDM,AZİMUT PORTFÖY 24.0 SERBEST ÖZEL FON,Serbest Şemsiye Fonu,-0.4792,10.2716,25.4255,40.9269,51.0708,,1496509242.76,2.0,Azimut Portföy Yönetimi A.Ş.,0.0,3.0,False,True,False,True,False,Hisse (aktif),0.0,0.27,56.84,-3.9854,False,False,2026-10-05
RKC,ROTA PORTFÖY İKİNCİ DEĞİŞKEN FON,Değişken Şemsiye Fonu,-0.2419,5.7182,15.5619,30.1418,50.6365,,25333879.23,183.0,Rota Portföy Yönetimi A.Ş.,3.0,3.0,False,False,False,False,False,Karma / değişken,0.0,0.0,11.8,-5.3053,True,False,2026-10-05
NTI,NEO PORTFÖY TEKNOLOJİ VE İNOVASYON DEĞİŞKEN FON,Değişken Şemsiye Fonu,5.393,6.8143,44.969,50.3824,50.5764,,206411446.08,1090.0,Neo Portföy Yönetimi A.Ş.,2.0,6.0,False,False,False,False,False,Hisse (aktif),0.0,0.0,74.11,-20.9718,True,False,2026-10-05
OJT,QNB PORTFÖY TEKNOLOJİ FON SEPETİ FONU,Fon Sepeti Şemsiye Fonu,3.2745,9.5009,37.691,47.1363,50.5593,274.1663,4299921456.68,10237.0,QNB Portföy Yönetimi A.Ş.,3.0,6.0,False,False,False,False,False,Hisse (aktif),0.0,0.0,89.67,-10.0802,False,False,2026-10-05
PPT,ATLAS PORTFÖY PARA PİYASASI (TL) FONU,Para Piyasası Şemsiye Fonu,1.9891,9.685,22.1163,36.3468,50.3922,,1806642488.6,3818.0,Atlas Portföy Yönetimi A.Ş.,0.0,2.0,True,False,False,False,False,Para piyasası,45.52,32.16,0.0,0.0,False,False,2026-10-05
RBP,RE-PIE PORTFÖY BİRİNCİ PARA PİYASASI (TL) FONU,Para Piyasası Şemsiye Fonu,3.0649,10.7046,22.9775,36.7047,50.2523,,391118300.45,648.0,Re-pıe Portföy Yönetimi A.Ş.,0.0,1.0,False,False,False,False,False,Para piyasası,10.36,17.34,0.0,0.0,True,False,2026-10-05
IJZ,İŞ PORTFÖY SİBER GÜVENLİK TEKNOLOJİLERİ DEĞİŞKEN FON,Değişken Şemsiye Fonu,3.5528,8.173,46.244,58.4119,50.0644,235.3847,880351995.66,14208.0,İş Portföy Yönetimi A.Ş.,3.0,6.0,False,False,False,False,False,Hisse (aktif),0.0,0.0,92.01,-10.0222,False,False,2026-10-05
NIS,NEO PORTFÖY İSTATİSTİKSEL ARBİTRAJ SERBEST FON,Serbest Şemsiye Fonu,2.6408,10.1028,22.9619,34.8245,49.8818,,1084818684.94,28.0,Neo Portföy Yönetimi A.Ş.,0.0,4.0,False,True,False,False,False,,0.0,0.0,21.91,-0.4739,False,False,2026-10-05
YHP,YAPI KREDİ PORTFÖY KADIKÖY SERBEST FON,Serbest Şemsiye Fonu,-2.0574,9.1186,16.3121,32.5037,49.8562,186.3879,1718765512.26,1.0,Yapı Kredi Portföy Yönetimi A.Ş.,2.0,6.0,False,True,False,False,False,Hisse (aktif),3.24,12.83,51.71,-6.898,False,False,2026-10-05
GZN,GLOBAL MD PORTFÖY BOĞAZİÇİ SERBEST FON,Serbest Şemsiye Fonu,-10.5404,-6.8291,7.0733,31.8191,49.8101,164.8385,283554341.52,779.0,Global MD Portföy Yönetimi A.Ş.,2.0,7.0,False,True,False,False,False,Hisse (aktif),0.0,0.0,56.3,-12.568,True,False,2026-10-05
NTS,NUROL PORTFÖY İKİNCİ SERBEST FON,Serbest Şemsiye Fonu,3.0139,10.026,21.2151,33.771,49.7574,,237629849.87,33.0,Nurol Portföy Yönetimi A.Ş.,0.0,7.0,False,True,False,False,False,,0.0,0.0,0.0,-0.4203,True,False,2026-10-05
CKF,ALBARAKA PORTFÖY ÇOKLU VARLIK KATILIM FONU,Katılım Şemsiye Fonu,-0.7801,8.4008,27.0166,39.8105,49.7399,,658098036.48,2569.0,Albaraka Portföy Yönetimi A.Ş.,2.0,5.0,False,False,False,False,False,Hisse (aktif),0.0,6.44,75.29,-8.9351,False,False,2026-10-05
DVU,AZİMUT PORTFÖY 17.0 SERBEST ÖZEL FON,Serbest Şemsiye Fonu,-1.5682,7.4112,17.3532,36.4892,49.733,215.9816,1350489357.39,5.0,Azimut Portföy Yönetimi A.Ş.,0.0,5.0,False,True,False,True,False,,6.45,14.98,28.09,-2.8099,False,False,2026-10-05
GO6,ONE PORTFÖY PARA PİYASASI (TL) FONU,Para Piyasası Şemsiye Fonu,1.7458,8.8573,21.2245,35.6543,49.6824,273.5231,1360698673.51,2289.0,One Portföy Yönetimi A.Ş.,0.0,1.0,False,False,False,False,False,Para piyasası,5.28,50.08,0.0,-0.3691,False,False,2026-10-05
ARF,AK PORTFÖY ÖPY İKİNCİ SERBEST (TL) ÖZEL FON,Serbest Şemsiye Fonu,3.0155,10.3256,20.1884,39.519,49.6235,187.889,838002585.89,1.0,Ak Portföy Yönetimi A.Ş.,0.0,3.0,False,True,False,True,False,,13.79,1.13,0.0,-2.36,False,False,2026-10-05
YPF,YAPI KREDİ PORTFÖY ALFA SERBEST FON,Serbest Şemsiye Fonu,-0.5802,7.5155,18.8952,35.9962,49.5877,169.7041,1324371014.03,561.0,Yapı Kredi Portföy Yönetimi A.Ş.,2.0,5.0,False,True,False,False,False,,10.52,0.0,33.45,-3.7244,False,False,2026-10-05
AHZ,AZİMUT PORTFÖY ATAK FON SEPETİ SERBEST FON,Serbest Şemsiye Fonu,-0.413,6.7847,21.4377,38.5623,49.5421,165.7458,101216082.97,13.0,Azimut Portföy Yönetimi A.Ş.,0.0,5.0,False,True,False,False,False,,0.0,0.0,0.0,-1.6242,True,False,2026-10-05
PPF,AZİMUT PORTFÖY AKÇE SERBEST FON,Serbest Şemsiye Fonu,5.498,11.048,22.7247,36.9049,49.5259,249.1138,351850629.57,22.0,Azimut Portföy Yönetimi A.Ş.,0.0,3.0,False,True,False,False,False,,0.0,22.57,0.0,-2.7273,True,False,2026-10-05
KSA,HEDEF PORTFÖY KISA VADELİ SERBEST (TL) FON,Serbest Şemsiye Fonu,2.1561,9.6626,21.5044,35.3058,49.1958,281.0865,,,,,,True,True,False,False,False,,,,,,False,False,
NJR,NUROL PORTFÖY BİRİNCİ BORÇLANMA ARAÇLARI FONU,Borçlanma Araçları Şemsiye Fonu,2.951,10.298,22.8275,35.5297,49.181,274.7157,1252661339.89,1918.0,Nurol Portföy Yönetimi A.Ş.,1.0,2.0,False,False,False,False,False,Özel sektör borçlanma,19.57,64.53,0.0,-0.3798,False,False,2026-10-05
KCV,KUVEYT TÜRK PORTFÖY ÇOKLU VARLIK KATILIM FONU,Katılım Şemsiye Fonu,0.2472,5.8142,17.8274,35.9168,49.1763,227.1287,2431397881.11,12717.0,Kuveyt Türk Portföy Yönetimi A.Ş.,2.0,2.0,False,False,False,False,False,Kira sertifikası / katılım,5.89,0.0,23.47,-2.412,False,False,2026-10-05
SSO,AK PORTFÖY AK SANDIK SERBEST ÖZEL FON,Serbest Şemsiye Fonu,3.284,10.8149,22.4926,35.0562,49.0193,288.2767,8001283598.42,1.0,Ak Portföy Yönetimi A.Ş.,0.0,2.0,False,True,False,True,False,,0.0,0.92,0.0,-0.064,False,False,2026-10-05
FCS,FİBA PORTFÖY İKİNCİ SERBEST FON,Serbest Şemsiye Fonu,3.3185,10.7201,22.8658,36.3223,49.0019,,1746294354.25,140.0,Fiba Portföy Yönetimi A.Ş.,0.0,2.0,False,True,False,False,False,,0.0,0.0,0.0,0.0,False,False,2026-10-05
PHS,PERFORM PORTFÖY İKİNCİ HİSSE SENEDİ SERBEST FON (HİSSE SENEDİ YOĞUN FON),Serbest Şemsiye Fonu,-5.4714,2.8066,12.2588,30.7855,48.9738,132.713,180536933.32,15.0,Perform Portföy Yönetimi A.Ş.,0.0,6.0,False,True,False,False,False,Hisse (aktif),0.0,0.0,84.85,-13.171,True,False,2026-10-05
NLK,NUROL PORTFÖY KISA VADELİ SERBEST FON,Serbest Şemsiye Fonu,3.1122,10.3477,22.0459,35.5759,48.8945,,5957073619.37,821.0,Nurol Portföy Yönetimi A.Ş.,0.0,1.0,False,True,False,False,False,,0.0,41.78,0.0,0.0,False,False,2026-10-05
TZP,TACİRLER PORTFÖY RİGEL SERBEST ÖZEL FON,Serbest Şemsiye Fonu,3.248,11.0249,22.9209,36.3592,48.7474,307.2758,1176082782.96,14.0,Tacirler Portföy Yönetimi A.Ş.,0.0,3.0,False,True,False,True,False,,0.0,6.0,34.01,-0.0988,False,False,2026-10-05
AZF,AK PORTFÖY PY ÖZEL SEKTÖR BORÇLANMA ARAÇLARI (TL) ÖZEL FONU,Borçlanma Araçları Şemsiye Fonu,3.0943,10.2884,21.9576,35.3027,48.6161,267.5795,647194702.0,4.0,Ak Portföy Yönetimi A.Ş.,0.0,1.0,False,False,False,True,False,Özel sektör borçlanma,1.0,85.85,0.0,0.0,False,False,2026-10-05
NRM,NEO PORTFÖY İKİNCİ SERBEST (DÖVİZ) FON,Serbest Şemsiye Fonu,-2.8955,5.2654,20.6515,29.994,48.6023,393.4436,399523105.26,11.0,Neo Portföy Yönetimi A.Ş.,0.0,7.0,False,True,False,False,False,Eurobond / döviz,0.3,231.89,3.92,-5.1792,True,False,2026-10-05
GPT,AKTİF PORTFÖY ROBOTİK TEKNOLOJİLERİ DEĞİŞKEN FON,Değişken Şemsiye Fonu,0.2717,4.4982,31.3675,43.0063,48.6014,,90614074.22,2682.0,Aktif Portföy Yönetimi A.Ş.,2.0,5.0,False,False,False,False,False,Hisse (aktif),0.0,0.0,97.38,-12.8537,True,False,2026-10-05
KVS,AZİMUT PORTFÖY KISA VADELİ SERBEST (TL) FON,Serbest Şemsiye Fonu,3.0689,10.3853,22.2373,35.4221,48.5787,253.4125,14183749383.84,1865.0,Azimut Portföy Yönetimi A.Ş.,0.0,2.0,False,True,False,False,False,,0.0,41.56,0.0,0.0,False,False,2026-10-05
BVF,BV PORTFÖY PARA PİYASASI (TL) FON,Para Piyasası Şemsiye Fonu,2.9703,10.3991,22.0582,35.2053,48.5786,,1425143056.39,643.0,Bv Portföy Yönetimi A.Ş.,0.0,2.0,False,False,False,False,False,Para piyasası,11.47,53.49,0.0,0.0,False,False,2026-10-05
RTD,RE-PIE PORTFÖY TEKNOLOJİ DEĞİŞKEN FON,Değişken Şemsiye Fonu,1.3414,6.7972,39.043,51.995,48.5377,,10090640.84,301.0,Re-pıe Portföy Yönetimi A.Ş.,3.0,6.0,False,False,False,False,False,Hisse (aktif),0.0,0.0,82.05,-17.9756,True,False,2026-10-05
DGH,ATA PORTFÖY PARA PİYASASI SERBEST (TL) FON,Serbest Şemsiye Fonu,3.0918,10.246,22.0526,35.2053,48.4546,258.1128,2294308188.78,202.0,Ata Portföy Yönetimi A.Ş.,0.0,1.0,False,True,False,False,False,Para piyasası,0.0,4.26,0.0,0.0,False,False,2026-10-05
SPP,SPARTA PORTFÖY BİRİNCİ PARA PİYASASI (TL) FONU,Para Piyasası Şemsiye Fonu,3.1624,10.35,22.6196,35.2567,48.4208,,236637064.11,656.0,Sparta Portföy Yönetimi A.Ş.,0.0,1.0,False,False,False,False,False,Para piyasası,11.23,56.31,0.0,-0.2648,True,False,2026-10-05
PRD,PİRAMİT PORTFÖY PARA PİYASASI (TL) FONU,Para Piyasası Şemsiye Fonu,3.1254,10.6291,22.5348,34.6532,48.3717,,339108024.11,438.0,Piramit Portföy Yönetimi A.Ş.,0.0,2.0,False,False,False,False,False,Para piyasası,13.83,1.53,0.0,-0.7103,True,False,2026-10-05
OSD,OSMANLI PORTFÖY ÖZEL SEKTÖR BORÇLANMA ARAÇLARI FONU,Borçlanma Araçları Şemsiye Fonu,3.0654,10.1899,21.7078,35.0883,48.3588,266.4123,459849323.39,722.0,Osmanlı Portföy Yönetimi A.Ş.,1.0,1.0,False,False,False,False,False,Özel sektör borçlanma,0.0,97.74,0.0,0.0,True,False,2026-10-05
USS,AZİMUT PORTFÖY UNİCO SİGORTA SERBEST (TL) ÖZEL FON,Serbest Şemsiye Fonu,2.5369,9.7048,22.0377,36.0018,48.3456,240.6305,4360854160.28,1.0,Azimut Portföy Yönetimi A.Ş.,0.0,3.0,False,True,False,True,False,,9.86,4.41,4.07,-3.4193,False,False,2026-10-05
EIL,ASTRA PORTFÖY PARA PİYASASI (TL) FONU,Para Piyasası Şemsiye Fonu,3.1693,10.3876,22.0252,34.9696,48.3306,267.8811,639069636.18,1037.0,Astra Portföy Yönetimi A.Ş.,0.0,2.0,False,False,False,False,False,Para piyasası,16.44,19.96,0.0,0.0,False,False,2026-10-05
TNS,TACİRLER PORTFÖY NAR SERBEST FON,Serbest Şemsiye Fonu,-0.3291,7.5629,33.7455,35.6542,48.3283,50.8168,96535114.19,15.0,Tacirler Portföy Yönetimi A.Ş.,0.0,7.0,False,True,False,False,False,Hisse (aktif),0.0,0.0,57.78,-14.4031,True,False,2026-10-05
RRA,ROTA PORTFÖY PARA PİYASASI SERBEST FON,Serbest Şemsiye Fonu,3.1734,9.7048,21.4127,34.8755,48.2105,,739585403.11,130.0,Rota Portföy Yönetimi A.Ş.,0.0,2.0,False,True,False,False,False,Para piyasası,0.0,42.71,0.0,-0.2132,False,False,2026-10-05
OUB,OSMANLI PORTFÖY ÜÇÜNCÜ SERBEST (TL) FON,Serbest Şemsiye Fonu,3.5333,11.2798,21.9897,34.1214,48.2101,269.7718,931472386.2,14.0,Osmanlı Portföy Yönetimi A.Ş.,0.0,3.0,False,True,False,False,False,,0.0,43.91,13.95,-0.3057,False,False,2026-10-05
RS1,ROTA PORTFÖY BİRİNCİ KISA VADELİ SERBEST FON,Serbest Şemsiye Fonu,3.1615,10.2263,21.8213,34.9936,48.2008,,945626179.91,131.0,Rota Portföy Yönetimi A.Ş.,0.0,2.0,False,True,False,False,False,,0.0,43.14,0.0,0.0,False,False,2026-10-05
IBR,AZİMUT PYŞ MUTLAK GETİRİ HEDEFLİ SERBEST FON,Serbest Şemsiye Fonu,1.7425,10.3076,21.2485,35.878,48.1615,202.6791,,,,,,True,True,False,False,False,,,,,,False,False,
KNS,KUVEYT TÜRK PORTFÖY NKS KATILIM SERBEST (TL) ÖZEL FON,Serbest Şemsiye Fonu,2.99,9.9976,21.518,34.5032,47.972,259.8735,5282441264.72,1.0,Kuveyt Türk Portföy Yönetimi A.Ş.,0.0,1.0,False,True,False,True,False,Kira sertifikası / katılım,0.0,57.05,0.0,-0.8697,False,False,2026-10-05
IRY,INVEO PORTFÖY PARA PİYASASI (TL) FONU,Para Piyasası Şemsiye Fonu,3.0591,10.1589,21.8602,34.8627,47.961,267.0512,1654221722.09,1970.0,Inveo Portföy Yönetimi A.Ş.,0.0,1.0,False,False,False,False,False,Para piyasası,12.6,41.2,0.0,0.0,False,False,2026-10-05
TNI,TEB PORTFÖY ING BANK ÖZEL BANKACILIK VE PLATİNUM DEĞİŞKEN ÖZEL FON,Değişken Şemsiye Fonu,2.2623,9.9795,20.0696,34.5818,47.886,260.1173,8117908992.99,2675.0,Teb Portföy Yönetimi A.Ş.,0.0,4.0,False,False,False,True,False,Hisse (aktif),49.61,0.01,0.0,-0.46,False,False,2026-10-05
OLE,OSMANLI PORTFÖY BİRİNCİ FON SEPETİ FONU,Fon Sepeti Şemsiye Fonu,3.0187,10.0908,21.7369,35.0254,47.8471,256.1566,285668210.15,424.0,Osmanlı Portföy Yönetimi A.Ş.,1.0,2.0,False,False,False,False,False,,0.0,0.0,0.0,0.0,True,False,2026-10-05
KSY,YAPI KREDİ PORTFÖY PY KANDİLLİ SERBEST ÖZEL FON,Serbest Şemsiye Fonu,2.9359,10.0338,21.6324,33.4354,47.8422,253.8908,13050045397.86,84.0,Yapı Kredi Portföy Yönetimi A.Ş.,0.0,4.0,False,True,False,True,False,,6.67,2.17,0.0,-0.6191,False,False,2026-10-05
PLR,OSMANLI PORTFÖY PARA PİYASASI FONU,Para Piyasası Şemsiye Fonu,3.0724,10.1806,21.6671,34.7728,47.8125,,605870924.46,882.0,Osmanlı Portföy Yönetimi A.Ş.,0.0,2.0,False,False,False,False,False,Para piyasası,16.92,36.43,0.0,0.0,False,False,2026-10-05
RPC,ROTA PORTFÖY İKLİM DEĞİŞİKLİĞİ ÇÖZÜMLERİ DEĞİŞKEN FON,Değişken Şemsiye Fonu,-2.1452,2.9273,11.722,29.0319,47.7795,174.1302,21004633.44,499.0,Rota Portföy Yönetimi A.Ş.,3.0,6.0,False,False,False,False,False,Hisse (aktif),0.0,0.0,96.67,-10.9133,True,False,2026-10-05
KUD,KUVEYT TÜRK PORTFÖY DİNAMİK KATILIM FONU,Katılım Şemsiye Fonu,-2.6341,5.5299,18.5201,40.0092,47.6899,,232357076.58,2539.0,Kuveyt Türk Portföy Yönetimi A.Ş.,2.0,3.0,False,False,False,False,False,Kira sertifikası / katılım,0.0,0.0,41.0,-5.1953,True,False,2026-10-05
EPP,EMAA BLUE PORTFÖY PARA PİYASASI SERBEST FON,Serbest Şemsiye Fonu,3.0984,10.2613,21.9676,34.7956,47.6532,,1717338830.2,47.0,EMAA Blue Portföy Yönetimi A.Ş.,0.0,2.0,False,True,False,False,False,Para piyasası,2.71,5.63,0.0,0.0,False,False,2026-10-05
DIP,DENİZ PORTFÖY İKİNCİ PARA PİYASASI SERBEST (TL) FON,Serbest Şemsiye Fonu,3.0756,10.1985,21.8809,34.7993,47.6142,,43044145912.07,2174.0,Deniz Portföy Yönetimi A.Ş.,0.0,2.0,False,True,False,False,False,Para piyasası,0.0,0.0,0.0,0.0,False,False,2026-10-05
PPN,NUROL PORTFÖY PARA PİYASASI (TL) FONU,Para Piyasası Şemsiye Fonu,3.0418,10.233,21.8408,34.622,47.6037,270.9283,9243535918.53,10422.0,Nurol Portföy Yönetimi A.Ş.,0.0,1.0,False,False,False,False,False,Para piyasası,13.89,19.42,0.0,0.0,False,False,2026-10-05
UST,İŞ PORTFÖY ÜÇÜNCÜ SERBEST (TL) ÖZEL FON,Serbest Şemsiye Fonu,3.131,10.4152,21.9932,34.6822,47.5461,264.9955,2070908106.48,1.0,İş Portföy Yönetimi A.Ş.,0.0,,False,True,False,True,False,,0.0,1.27,0.0,0.0,False,False,2026-10-05
GSO,GARANTİ PORTFÖY ÖPY SERBEST ÖZEL FON,Serbest Şemsiye Fonu,3.0587,10.0263,21.6179,34.2929,47.4187,265.3418,4130688692.31,6.0,Garanti Portföy Yönetimi A.Ş.,0.0,3.0,False,True,False,True,False,,0.0,0.0,0.0,-0.3475,False,False,2026-10-05
GUC,GARANTİ PORTFÖY ÜÇÜNCÜ PARA PİYASASI SERBEST (TL) ÖZEL FON,Serbest Şemsiye Fonu,3.0838,10.1367,21.5955,34.5924,47.4002,,2840662304.79,1.0,Garanti Portföy Yönetimi A.Ş.,0.0,2.0,False,True,False,True,False,Para piyasası,0.0,0.0,0.0,0.0,False,False,2026-10-05
IDY,TEB PORTFÖY İKİNCİ DEĞİŞKEN FON,Değişken Şemsiye Fonu,-0.0161,5.852,14.7009,32.4542,47.3926,239.3779,537652087.86,2311.0,Teb Portföy Yönetimi A.Ş.,2.0,4.0,False,False,False,False,False,Karma / değişken,2.01,1.87,29.69,-3.1134,False,False,2026-10-05
LRT,ATA PORTFÖY ALGORİTMİK STRATEJİLER SERBEST FON,Serbest Şemsiye Fonu,2.6944,9.4345,20.6404,34.9198,47.3788,261.7411,1047131836.97,11.0,Ata Portföy Yönetimi A.Ş.,0.0,2.0,False,True,False,False,False,,2.6,0.39,16.31,-5.509,False,False,2026-10-05
NTF,NEO PORTFÖY TEK SERBEST (TL) FON,Serbest Şemsiye Fonu,2.635,8.8069,19.5693,33.7333,47.3285,115.8303,262777487.92,10.0,Neo Portföy Yönetimi A.Ş.,0.0,5.0,False,True,False,False,False,,0.0,0.0,3.23,-0.4981,True,False,2026-10-05
PPJ,AK PORTFÖY İKİNCİ PARA PİYASASI SERBEST (TL) FON,Serbest Şemsiye Fonu,3.053,10.172,21.7662,34.6106,47.2939,,62562049027.44,6724.0,Ak Portföy Yönetimi A.Ş.,0.0,1.0,False,True,False,False,False,Para piyasası,0.0,0.0,0.0,0.0,False,False,2026-10-05
IMO,İŞ PORTFÖY ODAK SERBEST ÖZEL FON,Serbest Şemsiye Fonu,3.0353,10.0339,21.429,32.6848,47.2905,86.3635,5386773721.41,2.0,İş Portföy Yönetimi A.Ş.,0.0,,False,True,False,True,False,,0.0,0.0,0.0,-0.4226,False,False,2026-10-05
AHH,AZİMUT PORTFÖY DİNAMİK DAĞIMLI SERBEST FON,Serbest Şemsiye Fonu,2.9362,10.1354,21.6866,34.5467,47.2875,221.3255,242873668.65,15.0,Azimut Portföy Yönetimi A.Ş.,0.0,2.0,False,True,False,False,False,,0.0,0.0,0.0,0.0,True,False,2026-10-05
RLH,ROTA PORTFÖY YİRMİNCİ SERBEST FON,Serbest Şemsiye Fonu,2.0494,8.6263,16.7826,38.3795,47.2236,,257144165.46,32.0,Rota Portföy Yönetimi A.Ş.,2.0,2.0,False,True,False,False,False,,9.75,0.0,0.89,-4.0852,True,False,2026-10-05
YZC,YAPI KREDİ PORTFÖY FİNTECH VE BLOCKCHAİN TEKNOLOJİLERİ DEĞİŞKEN FON,Değişken Şemsiye Fonu,0.3338,11.5566,39.5962,49.3206,47.2087,347.3524,664697692.29,11757.0,Yapı Kredi Portföy Yönetimi A.Ş.,2.0,6.0,False,False,False,False,False,Hisse (aktif),0.0,0.0,84.88,-10.3114,False,False,2026-10-05
BVB,AK PORTFÖY ÖPY YEDİNCİ SERBEST (TL) ÖZEL FON,Serbest Şemsiye Fonu,3.0621,10.2198,21.4904,34.3545,47.1634,258.7048,5266756500.4,1.0,Ak Portföy Yönetimi A.Ş.,0.0,2.0,False,True,False,True,False,,0.0,12.54,0.0,-0.0024,False,False,2026-10-05
TNF,TEB PORTFÖY ONUNCU SERBEST (TL) ÖZEL FON,Serbest Şemsiye Fonu,3.0687,10.1545,21.6093,34.4323,47.1497,259.5764,5417007017.7,3.0,Teb Portföy Yönetimi A.Ş.,0.0,2.0,False,True,False,True,False,,0.0,0.0,0.0,0.0,False,False,2026-10-05
IST,İSTANBUL PORTFÖY KISA VADELİ BORÇLANMA ARAÇLARI (TL) FONU,Borçlanma Araçları Şemsiye Fonu,2.7278,9.87,21.1285,34.1429,47.14,256.2805,1060009040.97,2751.0,İstanbul Portföy Yönetimi A.Ş.,0.0,1.0,False,False,False,False,False,Kısa vadeli borçlanma,0.0,69.78,0.0,-0.2754,False,False,2026-10-05
CVF,AK PORTFÖY SÜRDÜRÜLEBİLİRLİK SERBEST (TL) ÖZEL FON,Serbest Şemsiye Fonu,3.0446,10.1462,21.7061,34.465,47.1399,246.7337,1030356421.02,1.0,Ak Portföy Yönetimi A.Ş.,0.0,1.0,False,True,False,True,False,Hisse (aktif),0.0,36.86,0.0,0.0,False,False,2026-10-05
MD2,MT PORTFÖY İKİNCİ DEĞİŞKEN FON,Değişken Şemsiye Fonu,-10.0923,-6.9443,7.5467,27.6411,47.0949,,74111864.74,323.0,Mt Portföy Yönetimi A.Ş.,2.0,4.0,False,False,False,False,False,Karma / değişken,0.0,31.38,9.56,-11.9614,True,False,2026-10-05
FHP,FİBA PORTFÖY ÖPY PARA PİYASASI SERBEST (TL) ÖZEL FON,Serbest Şemsiye Fonu,3.0504,10.1667,21.6562,34.3994,47.0805,,7084994687.3,45.0,Fiba Portföy Yönetimi A.Ş.,0.0,2.0,False,True,False,True,False,Para piyasası,0.08,4.51,0.0,0.0,False,False,2026-10-05
ZYC,ZİRAAT PORTFÖY TS SERBEST (TL) ÖZEL FON,Serbest Şemsiye Fonu,3.0954,10.2759,21.6865,34.5566,47.0805,262.8172,9478608185.56,1.0,Ziraat Portföy Yönetimi A.Ş.,0.0,2.0,False,True,False,True,False,,0.0,1.1,0.0,0.0,False,False,2026-10-05
FVL,FİBA PORTFÖY BİRİNCİ SERBEST (TL) FON,Serbest Şemsiye Fonu,3.1321,10.2506,21.6491,34.3885,47.0792,268.7223,1468596819.04,61.0,Fiba Portföy Yönetimi A.Ş.,0.0,2.0,False,True,False,False,False,,0.0,0.0,0.0,0.0,False,False,2026-10-05
MPL,MT PORTFÖY PARA PİYASASI (TL) FONU,Para Piyasası Şemsiye Fonu,2.9671,10.1508,18.8278,33.1528,47.0781,,213862669.63,566.0,Mt Portföy Yönetimi A.Ş.,0.0,2.0,False,False,False,False,False,Para piyasası,15.43,9.33,0.0,-2.633,True,False,2026-10-05
VMV,VEGA PORTFÖY MAVİ SERBEST FON,Serbest Şemsiye Fonu,2.9338,10.0287,20.981,34.2102,47.0777,,7574077473.04,104.0,Vega Portföy Yönetimi A.Ş.,1.0,2.0,False,True,False,False,False,,0.0,4.0,0.0,-0.1367,False,False,2026-10-05
BCO,BULLS PORTFÖY ÇOKLU VARLIK KATILIM FONU,Katılım Şemsiye Fonu,-6.7713,10.8585,14.0506,37.2249,47.0635,,,,,,,True,False,False,False,False,Kira sertifikası / katılım,,,,,False,False,
PUC,AK PORTFÖY BİRİNCİ KISA VADELİ SERBEST (TL)  FON,Serbest Şemsiye Fonu,2.9745,10.0655,21.5758,34.3898,47.0448,259.4902,7703549843.73,844.0,Ak Portföy Yönetimi A.Ş.,0.0,2.0,False,True,False,False,False,,0.0,6.89,0.0,-0.0151,False,False,2026-10-05
KVA,KUVEYT TÜRK PORTFÖY KTYMD KISA VADELİ KATILIM SERBEST ÖZEL FON,Serbest Şemsiye Fonu,3.1924,10.4464,21.9919,34.5078,47.0247,,731056961.0,1.0,Kuveyt Türk Portföy Yönetimi A.Ş.,0.0,1.0,False,True,False,True,False,Kira sertifikası / katılım,0.0,44.76,0.0,0.0,False,False,2026-10-05
ZPR,ZİRAAT PORTFÖY PARA PİYASASI SERBEST FON,Serbest Şemsiye Fonu,3.0722,10.1779,21.5732,34.1458,47.006,,45752058234.08,1589.0,Ziraat Portföy Yönetimi A.Ş.,0.0,2.0,False,True,False,False,False,Para piyasası,0.0,7.31,0.0,0.0,False,False,2026-10-05
NRG,NEO PORTFÖY BİRİNCİ PARA PİYASASI FONU,Para Piyasası Şemsiye Fonu,3.0661,10.0455,21.3395,34.1508,46.9999,266.3479,2712189543.66,2457.0,Neo Portföy Yönetimi A.Ş.,0.0,1.0,False,False,False,False,False,Para piyasası,21.19,15.27,0.0,0.0,False,False,2026-10-05
KPP,KARE PORTFÖY PARA PİYASASI FONU,Para Piyasası Şemsiye Fonu,2.9601,9.9257,21.2668,34.1954,46.9866,,363346304.78,536.0,Kare Portföy Yönetimi A.Ş.,0.0,1.0,False,False,False,False,False,Para piyasası,12.98,21.48,0.0,0.0,True,False,2026-10-05
BVZ,BV PORTFÖY İSTATİSTİKSEL ARBİTRAJ SERBEST FON,Serbest Şemsiye Fonu,2.8752,9.8122,21.2743,34.821,46.9246,290.32,2828534932.61,422.0,Bv Portföy Yönetimi A.Ş.,2.0,2.0,False,True,False,False,False,,0.0,16.49,1.17,-0.0477,False,False,2026-10-05
BRR,AK PORTFÖY İKİNCİ KISA VADELİ BORÇLANMA ARAÇLARI (TL) FONU,Borçlanma Araçları Şemsiye Fonu,2.942,10.5986,21.9899,33.9137,46.9115,,2180213206.95,972.0,Ak Portföy Yönetimi A.Ş.,0.0,1.0,False,False,False,False,False,Kısa vadeli borçlanma,73.74,23.76,0.0,-0.1872,False,False,2026-10-05
ZBJ,ZİRAAT PORTFÖY BAŞAK PARA PİYASASI (TL) FONU,Para Piyasası Şemsiye Fonu,3.0016,10.0755,21.5829,34.2474,46.8598,262.7405,44913410086.35,25781.0,Ziraat Portföy Yönetimi A.Ş.,0.0,1.0,False,False,False,False,False,Para piyasası,20.88,5.82,0.0,0.0,False,False,2026-10-05
IAC,İŞ PORTFÖY MZS HİSSE SENEDİ SERBEST ÖZEL FON (HİSSE SENEDİ YOĞUN FON),Serbest Şemsiye Fonu,-3.1477,24.5119,30.0548,62.3511,46.8537,28.6467,3504583647.01,1.0,İş Portföy Yönetimi A.Ş.,0.0,,False,True,False,True,False,Hisse (aktif),0.0,0.0,98.89,-15.3422,False,False,2026-10-05
ILE,İŞ PORTFÖY ANADOLU SİGORTA  SERBEST (TL) ÖZEL FON,Serbest Şemsiye Fonu,3.0965,10.3884,21.855,33.8572,46.8391,262.2877,12100179130.61,1.0,İş Portföy Yönetimi A.Ş.,0.0,,False,True,False,True,False,,10.52,9.7,0.0,-0.2799,False,False,2026-10-05
PUH,PERFORM PORTFÖY ÜÇÜNCÜ HİSSE SENEDİ SERBEST (TL) FON (HİSSE SENEDİ YOĞUN FON),Serbest Şemsiye Fonu,-4.8857,2.7587,10.6113,27.8145,46.823,,438582556.72,24.0,Perform Portföy Yönetimi A.Ş.,2.0,7.0,False,True,False,False,False,Hisse (aktif),0.0,0.0,85.41,-13.244,True,False,2026-10-05
IOP,İŞ PORTFÖY ODEABANK PARA PİYASASI (TL) FONU,Para Piyasası Şemsiye Fonu,2.9782,10.0772,21.4232,34.0523,46.7846,262.7775,6706288355.34,6151.0,İş Portföy Yönetimi A.Ş.,0.0,2.0,False,False,False,False,False,Para piyasası,12.26,15.43,0.0,0.0,False,False,2026-10-05
KNN,İŞ PORTFÖY KANTİTATİF SERBEST (TL) FON,Serbest Şemsiye Fonu,2.1117,6.2785,17.4925,37.0358,46.7684,,454512733.4,14.0,İş Portföy Yönetimi A.Ş.,0.0,,False,True,False,False,False,,0.0,0.0,14.42,-1.3637,True,False,2026-10-05
GGM,GARANTİ PORTFÖY GMS SERBEST ÖZEL FON,Serbest Şemsiye Fonu,2.9461,9.9366,21.3163,34.1407,46.768,273.6864,3036192987.67,1.0,Garanti Portföy Yönetimi A.Ş.,0.0,3.0,False,True,False,True,False,,0.0,0.0,0.0,0.0,False,False,2026-10-05
OYT,OYAK PORTFÖY BİRİNCİ SERBEST FON,Serbest Şemsiye Fonu,3.1213,10.2181,21.5083,34.12,46.7649,264.5128,1560400273.78,60.0,Oyak Portföy Yönetimi A.Ş.,0.0,6.0,False,True,False,False,False,,0.0,2.46,0.0,0.0,False,False,2026-10-05
IJV,İSTANBUL PORTFÖY BİRİNCİ PARA PİYASASI (TL) FONU,Para Piyasası Şemsiye Fonu,2.9483,10.1194,21.2274,33.9706,46.7392,264.6536,2496928961.55,2344.0,İstanbul Portföy Yönetimi A.Ş.,0.0,1.0,False,False,False,False,False,Para piyasası,0.0,21.78,0.0,0.0,False,False,2026-10-05
UYH,ÜNLÜ PORTFÖY DOKUZUNCU SERBEST (TL) FON,Serbest Şemsiye Fonu,2.8711,9.4403,18.9512,34.8568,46.7337,253.4589,573867951.15,12.0,Ünlü Portföy Yönetimi A.Ş.,0.0,3.0,False,True,False,False,False,,12.43,9.71,0.81,-1.8578,False,False,2026-10-05
IUH,INVEO PORTFÖY DÖNÜŞTÜRÜCÜ TEKNOLOJİLER FON SEPETİ FONU,Fon Sepeti Şemsiye Fonu,-0.6904,5.1681,31.931,43.0529,46.7334,227.7725,9092563.77,634.0,Inveo Portföy Yönetimi A.Ş.,3.0,5.0,False,False,False,False,False,Hisse (aktif),0.0,0.0,0.0,-7.9113,True,False,2026-10-05
TGZ,TACİRLER PORTFÖY SPİCA SERBEST (TL) FON,Serbest Şemsiye Fonu,1.5731,7.8847,20.0742,34.5858,46.7059,269.497,1152970144.3,27.0,Tacirler Portföy Yönetimi A.Ş.,0.0,3.0,False,True,False,False,False,Hisse (aktif),0.0,9.96,59.63,-0.5171,False,False,2026-10-05
NKV,KUVEYT TÜRK PORTFÖY NKV KATILIM SERBEST ÖZEL FON,Serbest Şemsiye Fonu,3.0308,10.0033,21.4945,34.0659,46.7029,,16630532290.95,1.0,Kuveyt Türk Portföy Yönetimi A.Ş.,0.0,1.0,False,True,False,True,False,Kira sertifikası / katılım,0.0,31.8,0.0,-0.2733,False,False,2026-10-05
HIP,HSBC PORTFÖY İKİNCİ PARA PİYASASI (TL) FONU,Para Piyasası Şemsiye Fonu,2.9108,9.9701,21.2784,34.0919,46.7017,,1819276923.58,1079.0,HSBC Portföy Yönetimi A.Ş.,0.0,2.0,False,False,False,False,False,Para piyasası,11.88,0.0,0.0,0.0,False,False,2026-10-05
YA1,YAPI KREDİ PORTFÖY BİRİNCİ SERBEST FON,Serbest Şemsiye Fonu,3.0224,9.9082,20.9054,32.7084,46.6934,,6705020464.45,84.0,Yapı Kredi Portföy Yönetimi A.Ş.,0.0,,False,True,False,False,False,,0.0,0.0,0.0,-2.0396,False,False,2026-10-05
CFO,ROTA PORTFÖY İKİNCİ PARA PİYASASI FONU,Para Piyasası Şemsiye Fonu,3.0073,10.0203,21.3864,34.0926,46.6922,,1610834020.49,342.0,Rota Portföy Yönetimi A.Ş.,0.0,2.0,False,False,False,False,False,Para piyasası,12.2,0.0,0.0,0.0,False,False,2026-10-05
BIP,İSTANBUL PORTFÖY BİRİNCİ PARA PİYASASI SERBEST (TL) FON,Serbest Şemsiye Fonu,2.5523,9.758,21.1839,34.0768,46.6755,,1107803581.44,165.0,İstanbul Portföy Yönetimi A.Ş.,0.0,2.0,False,True,False,False,False,Para piyasası,0.0,65.63,0.0,-0.3624,False,False,2026-10-05
UP2,ÜNLÜ PORTFÖY PARA PİYASASI SERBEST FON,Serbest Şemsiye Fonu,3.0109,10.0624,21.4434,34.0729,46.6204,260.2039,2289437824.32,268.0,Ünlü Portföy Yönetimi A.Ş.,0.0,2.0,False,True,False,False,False,Para piyasası,0.0,4.53,0.0,0.0,False,False,2026-10-05
RPP,ROTA PORTFÖY PARA PİYASASI (TL) FONU,Para Piyasası Şemsiye Fonu,2.9914,9.9955,21.2943,34.0121,46.5926,263.9988,4698438137.61,6174.0,Rota Portföy Yönetimi A.Ş.,0.0,2.0,False,False,False,False,False,Para piyasası,12.97,16.64,0.0,0.0,False,False,2026-10-05
YIK,YAPI KREDİ PORTFÖY İKİNCİ PARA PİYASASI SERBEST (TL) FON,Serbest Şemsiye Fonu,3.0093,9.9013,21.1134,33.7975,46.5577,,3538343298.53,1522.0,Yapı Kredi Portföy Yönetimi A.Ş.,0.0,2.0,False,True,False,False,False,Para piyasası,0.0,0.0,0.0,0.0,False,False,2026-10-05
BHF,PARDUS PORTFÖY BİRİNCİ DEĞİŞKEN FON,Değişken Şemsiye Fonu,-4.8898,3.7729,6.8689,43.8208,46.5231,,,,,,,True,False,False,False,False,Karma / değişken,,,,,False,False,
NSA,NEO PORTFÖY PARA PİYASASI KATILIM SERBEST FON,Serbest Şemsiye Fonu,3.0421,10.0754,21.4491,34.0832,46.5151,,490067579.12,257.0,Neo Portföy Yönetimi A.Ş.,0.0,2.0,False,True,False,False,False,Para piyasası,0.0,7.33,0.0,0.0,True,False,2026-10-05
ILH,İŞ PORTFÖY BİRİNCİ PARA PİYASASI SERBEST (TL) FON,Serbest Şemsiye Fonu,3.0318,10.0728,21.4615,34.0273,46.51,261.0115,169035652166.61,11829.0,İş Portföy Yönetimi A.Ş.,0.0,2.0,False,True,False,False,False,Para piyasası,0.63,0.36,0.0,0.0,False,False,2026-10-05
NVB,NEO PORTFÖY İKİNCİ PARA PİYASASI (TL) FON,Para Piyasası Şemsiye Fonu,3.0227,9.9429,21.1052,33.7082,46.4998,263.8945,2754203516.74,3511.0,Neo Portföy Yönetimi A.Ş.,0.0,1.0,False,False,False,False,False,Para piyasası,23.13,17.79,0.0,0.0,False,False,2026-10-05
BGP,AK PORTFÖY ÜÇÜNCÜ PARA PİYASASI (TL) FONU,Para Piyasası Şemsiye Fonu,2.9974,10.0812,21.2891,33.8157,46.4959,264.7371,51457236851.64,28621.0,Ak Portföy Yönetimi A.Ş.,0.0,1.0,False,False,False,False,False,Para piyasası,16.1,0.55,0.0,0.0,False,False,2026-10-05
DCB,DENİZ PORTFÖY PARA PİYASASI SERBEST (TL) FON,Serbest Şemsiye Fonu,3.0164,9.9989,21.4628,33.9876,46.4875,264.7632,123607728070.47,21320.0,Deniz Portföy Yönetimi A.Ş.,0.0,2.0,False,True,False,False,False,Para piyasası,0.05,0.65,0.0,0.0,False,False,2026-10-05
PTE,TEB PORTFÖY BİRİNCİ PARA PİYASASI SERBEST (TL) FON,Serbest Şemsiye Fonu,3.037,10.075,21.3682,33.9812,46.4486,,45246807882.56,4726.0,Teb Portföy Yönetimi A.Ş.,0.0,1.0,False,True,False,False,False,Para piyasası,1.24,0.0,0.0,0.0,False,False,2026-10-05
RBE,ROTA PORTFÖY BEŞİNCİ SERBEST (TL) FON,Serbest Şemsiye Fonu,3.0055,9.9392,21.2766,33.9074,46.4421,266.1366,3138061599.36,15.0,Rota Portföy Yönetimi A.Ş.,0.0,2.0,False,True,False,False,False,,0.0,0.0,0.0,0.0,False,False,2026-10-05
GPZ,GARANTİ PORTFÖY ÜÇÜNCÜ PARA PİYASASI FONU,Para Piyasası Şemsiye Fonu,3.0273,10.2379,21.1569,33.7652,46.406,,5379399966.41,290.0,Garanti Portföy Yönetimi A.Ş.,0.0,1.0,False,False,False,False,False,Para piyasası,19.04,18.36,0.0,0.0,False,False,2026-10-05
PO7,PARDUS PORTFÖY ONYEDİNCİ HİSSE SENEDİ SERBEST FON (HİSSE SENEDİ YOĞUN FON),Serbest Şemsiye Fonu,4.4415,23.4831,30.1116,53.6491,46.402,,,,,,,True,True,False,False,False,Hisse (aktif),,,,,False,False,
KTS,KUVEYT TÜRK PORTFÖY KATILIM HİSSE SENEDİ SERBEST FON (HİSSE SENEDİ YOĞUN FON),Serbest Şemsiye Fonu,-5.5468,1.573,13.8978,41.512,46.3451,146.6726,133616196.63,749.0,Kuveyt Türk Portföy Yönetimi A.Ş.,2.0,5.0,False,True,False,False,False,Hisse (aktif),0.0,0.0,85.8,-10.1377,True,False,2026-10-05
TGN,TEB PORTFÖY ING BANK PARA PİYASASI SERBEST (TL) ÖZEL FON,Serbest Şemsiye Fonu,3.0183,10.0214,21.2843,33.8646,46.3448,,2417387715.35,1861.0,Teb Portföy Yönetimi A.Ş.,0.0,,False,True,False,True,False,Para piyasası,0.0,0.0,0.0,0.0,False,False,2026-10-05
YBS,YAPI KREDİ PORTFÖY ÖZEL SEKTÖR BORÇLANMA ARAÇLARI FONU,Borçlanma Araçları Şemsiye Fonu,2.9836,9.8409,20.8201,33.2066,46.3325,230.5545,2183291482.86,12113.0,Yapı Kredi Portföy Yönetimi A.Ş.,1.0,1.0,False,False,False,False,False,Özel sektör borçlanma,0.0,88.58,0.0,-0.0514,False,False,2026-10-05
PTS,QNB PORTFÖY PARA PİYASASI SERBEST (TL) FON,Serbest Şemsiye Fonu,3.0045,10.0213,21.4,33.8882,46.3288,,8885127529.6,1011.0,QNB Portföy Yönetimi A.Ş.,0.0,2.0,False,True,False,False,False,Para piyasası,0.01,2.84,0.0,0.0,False,False,2026-10-05
TE4,TEB PORTFÖY BİRİNCİ DEĞİŞKEN FON,Değişken Şemsiye Fonu,2.2357,9.6009,19.4414,33.1386,46.2986,196.4933,2338314020.32,1409.0,Teb Portföy Yönetimi A.Ş.,2.0,3.0,False,False,False,False,False,Karma / değişken,40.02,0.09,0.0,-0.1506,False,False,2026-10-05
NSK,NEO PORTFÖY BİRİNCİ SERBEST FON,Serbest Şemsiye Fonu,3.1121,10.9414,21.9955,36.1331,46.2967,259.2873,47460075.08,74.0,Neo Portföy Yönetimi A.Ş.,2.0,3.0,False,True,False,False,False,,0.0,0.0,23.28,-0.7496,True,False,2026-10-05
NKL,AKTİF PORTFÖY KISA VADELİ SERBEST (TL) FON,Serbest Şemsiye Fonu,2.9814,9.9677,21.3812,33.8809,46.2747,261.8257,25441554935.82,2093.0,Aktif Portföy Yönetimi A.Ş.,0.0,2.0,False,True,False,False,False,,0.0,21.69,0.0,0.0,False,False,2026-10-05
AIS,AK PORTFÖY PARA PİYASASI KATILIM FONU,Katılım Şemsiye Fonu,2.9803,9.9331,21.2728,33.9068,46.2635,221.9892,8869336857.49,25969.0,Ak Portföy Yönetimi A.Ş.,0.0,1.0,False,False,False,False,False,Para piyasası,16.61,0.0,0.0,0.0,False,False,2026-10-05
PKT,YAPI KREDİ PORTFÖY PARA PİYASASI KATILIM SERBEST (TL) FON,Serbest Şemsiye Fonu,3.0477,10.0268,21.4846,33.8692,46.2594,,5879367063.97,1267.0,Yapı Kredi Portföy Yönetimi A.Ş.,0.0,2.0,False,True,False,False,False,Para piyasası,0.01,0.0,0.0,0.0,False,False,2026-10-05
FSF,FİBA PORTFÖY PARA PİYASASI SERBEST (TL) FON,Serbest Şemsiye Fonu,2.9996,10.0156,21.3141,33.7912,46.245,263.361,12114125434.87,7562.0,Fiba Portföy Yönetimi A.Ş.,0.0,2.0,False,True,False,False,False,Para piyasası,1.94,9.02,0.0,0.0,False,False,2026-10-05
BRG,TEB PORTFÖY BURGAN BANK PARA PİYASASI (TL) FONU,Para Piyasası Şemsiye Fonu,2.9573,9.9536,21.1321,33.6555,46.2052,253.4903,2017598868.71,1635.0,Teb Portföy Yönetimi A.Ş.,0.0,1.0,False,False,False,False,False,Para piyasası,13.5,2.93,0.0,-0.0152,False,False,2026-10-05
PPP,PERFORM PORTFÖY PARA PİYASASI (TL) FONU,Para Piyasası Şemsiye Fonu,3.0555,9.9029,21.155,33.7005,46.1673,,3753161523.18,310.0,Perform Portföy Yönetimi A.Ş.,0.0,2.0,False,False,False,False,False,Para piyasası,10.21,1.56,0.0,0.0,False,False,2026-10-05
PIP,GARANTİ PORTFÖY İKİNCİ PARA PİYASASI SERBEST (TL) FON,Serbest Şemsiye Fonu,2.9913,9.9016,21.1355,33.7678,46.1588,,5034287199.23,376.0,Garanti Portföy Yönetimi A.Ş.,0.0,2.0,False,True,False,False,False,Para piyasası,0.0,0.0,0.0,0.0,False,False,2026-10-05
NSP,NUROL PORTFÖY PARA PİYASASI KATILIM FONU,Katılım Şemsiye Fonu,3.0578,9.9972,21.2798,33.8158,46.147,,837869309.36,2040.0,Nurol Portföy Yönetimi A.Ş.,0.0,1.0,False,False,False,False,False,Para piyasası,0.74,39.19,0.0,0.0,False,False,2026-10-05
DL2,DENİZ PORTFÖY İKİNCİ PARA PİYASASI (TL) FONU,Para Piyasası Şemsiye Fonu,2.9392,9.9477,20.9988,33.432,46.1322,,6379617320.77,610.0,Deniz Portföy Yönetimi A.Ş.,0.0,1.0,False,False,False,False,False,Para piyasası,33.4,1.64,0.0,0.0,False,False,2026-10-05
YIS,YAPI KREDİ PORTFÖY İKİNCİ SERBEST ÖZEL FON,Serbest Şemsiye Fonu,3.0209,10.0555,21.0412,33.5894,46.0822,,947115284.62,1.0,Yapı Kredi Portföy Yönetimi A.Ş.,0.0,2.0,False,True,False,True,False,,0.0,7.07,0.0,0.0,False,False,2026-10-06
KSK,AZİMUT PORTFÖY İKİNCİ PARA PİYASASI KATILIM FONU,Katılım Şemsiye Fonu,3.0711,10.0275,21.2506,33.8933,46.0765,,3740501303.24,583.0,Azimut Portföy Yönetimi A.Ş.,0.0,2.0,False,False,False,False,False,Para piyasası,7.05,14.67,0.0,0.0,False,False,2026-10-05
YPT,YAPI KREDİ PORTFÖY PARA PİYASASI SERBEST (TL) FON,Serbest Şemsiye Fonu,3.0023,9.9447,21.2679,33.6891,46.0643,259.0293,121493475389.76,19031.0,Yapı Kredi Portföy Yönetimi A.Ş.,0.0,2.0,False,True,False,False,False,Para piyasası,0.0,0.0,0.0,0.0,False,False,2026-10-06
RAY,ROTA PORTFÖY RAY SİGORTA SERBEST (TL) ÖZEL FON,Serbest Şemsiye Fonu,3.1657,10.3444,21.5305,33.7656,46.0623,257.9108,1898086509.99,1.0,Rota Portföy Yönetimi A.Ş.,0.0,2.0,False,True,False,True,False,,0.0,0.0,0.0,0.0,False,False,2026-10-06
DNP,DENİZ PORTFÖY PARA PİYASASI KATILIM SERBEST (TL) FON,Serbest Şemsiye Fonu,2.9935,9.9961,21.2862,33.6362,46.0487,,1363023050.94,412.0,Deniz Portföy Yönetimi A.Ş.,0.0,2.0,False,True,False,False,False,Para piyasası,14.65,20.21,0.0,0.0,False,False,2026-10-06
FIL,FİBA PORTFÖY PARA PİYASASI (TL) FONU,Para Piyasası Şemsiye Fonu,2.9496,9.8986,21.0473,33.496,46.0295,258.7322,15022762940.03,20139.0,Fiba Portföy Yönetimi A.Ş.,0.0,1.0,False,False,False,False,False,Para piyasası,17.21,12.99,0.0,0.0,False,False,2026-10-05
PUR,AK PORTFÖY BİRİNCİ PARA PİYASASI SERBEST (TL) FON,Serbest Şemsiye Fonu,2.9632,9.9021,21.1803,33.672,46.0187,260.1187,126974886085.34,38737.0,Ak Portföy Yönetimi A.Ş.,0.0,1.0,False,True,False,False,False,Para piyasası,0.0,0.19,0.0,0.0,False,False,2026-10-06
IBK,İŞ PORTFÖY ÜÇÜNCÜ KISA VADELİ BORÇLANMA ARAÇLARI (TL) FONU,Borçlanma Araçları Şemsiye Fonu,3.0401,9.9161,20.5658,33.4669,46.0157,245.1482,235435089.16,121510.0,İş Portföy Yönetimi A.Ş.,0.0,1.0,False,False,False,False,False,Kısa vadeli borçlanma,2.47,85.72,0.0,-0.2073,True,False,2026-10-06
TCB,TACİRLER PORTFÖY PARA PİYASASI FONU,Para Piyasası Şemsiye Fonu,3.0245,10.0218,21.232,33.6489,46.0032,257.2552,2725578488.55,4505.0,Tacirler Portföy Yönetimi A.Ş.,0.0,1.0,False,False,False,False,False,Para piyasası,14.12,23.75,0.0,0.0,False,False,2026-10-05
IDL,AKTİF PORTFÖY PARA PİYASASI (TL) FONU,Para Piyasası Şemsiye Fonu,2.9588,10.0613,21.3121,33.7295,45.9973,257.4109,3480516733.63,3608.0,Aktif Portföy Yönetimi A.Ş.,0.0,1.0,False,False,False,False,False,Para piyasası,31.07,13.6,0.0,0.0,False,False,2026-10-05
IUZ,İŞ PORTFÖY ANADOLUBANK PARA PİYASASI (TL) FONU,Para Piyasası Şemsiye Fonu,2.9771,10.0108,21.1114,33.5295,45.9908,255.2823,810042901.01,1184.0,İş Portföy Yönetimi A.Ş.,0.0,1.0,False,False,False,False,False,Para piyasası,13.46,25.17,0.0,0.0,False,False,2026-10-05
VCG,AZİMUT PORTFÖY DÖRDÜNCÜ SERBEST (TL) FON,Serbest Şemsiye Fonu,2.965,9.8574,21.0549,33.5708,45.9843,181.0216,2074309062.71,12.0,Azimut Portföy Yönetimi A.Ş.,0.0,2.0,False,True,False,False,False,,0.05,4.19,0.0,0.0,False,False,2026-10-06
OGF,OYAK PORTFÖY OYAK ÜYELERI İLE ÇALIŞANLARıNA YÖNELİK BORÇLANMA ARAÇLARI ÖZEL FONU,Borçlanma Araçları Şemsiye Fonu,3.0123,10.0501,21.1421,33.6447,45.9659,253.614,135161915.08,420.0,Oyak Portföy Yönetimi A.Ş.,0.0,3.0,False,False,False,True,False,Özel sektör borçlanma,0.0,96.19,0.0,0.0,True,False,2026-10-06
FYO,QNB PORTFÖY ÖZEL SEKTÖR BORÇLANMA ARAÇLARI FONU,Borçlanma Araçları Şemsiye Fonu,3.0335,9.9042,20.8947,33.5124,45.9632,238.0135,1960703967.41,1533.0,QNB Portföy Yönetimi A.Ş.,1.0,1.0,False,False,False,False,False,Özel sektör borçlanma,0.0,80.03,0.0,0.0,False,False,2026-10-05
RBT,ALBARAKA PORTFÖY KİRA SERTİFİKALARI  KATILIM FONU,Katılım Şemsiye Fonu,3.0602,10.343,21.5247,33.5988,45.9602,223.2394,1452357950.37,2896.0,Albaraka Portföy Yönetimi A.Ş.,1.0,1.0,False,False,False,False,False,Kira sertifikası / katılım,5.65,76.06,0.0,0.0,False,False,2026-10-05
GPN,GARANTİ PORTFÖY PARA PİYASASI KATILIM (TL) FONU,Katılım Şemsiye Fonu,3.0023,10.0022,21.2541,33.409,45.9574,,5434952948.28,6085.0,Garanti Portföy Yönetimi A.Ş.,0.0,1.0,False,False,False,False,False,Para piyasası,11.17,3.81,0.0,0.0,False,False,2026-10-06
HLL,ZİRAAT PORTFÖY HALKBANK PARA PİYASASI (TL) FONU,Para Piyasası Şemsiye Fonu,2.9576,9.9295,21.2268,33.6422,45.9508,254.8164,48433645276.13,1027654.0,Ziraat Portföy Yönetimi A.Ş.,0.0,1.0,False,False,False,False,False,Para piyasası,15.1,4.5,0.0,0.0,False,False,2026-10-05
GZE,GARANTİ PORTFÖY EMTİA SERBEST FON,Serbest Şemsiye Fonu,-0.5184,16.2976,16.1173,30.1655,45.9448,165.2494,1542557640.79,3900.0,Garanti Portföy Yönetimi A.Ş.,3.0,6.0,False,True,False,False,False,,0.0,0.0,0.0,-14.0896,False,False,2026-10-05
KOB,KUVEYT TÜRK PORTFÖY KUVEYT TÜRK KATILIM BANKASI ÖZEL BANKACILIK KATILIM SERBEST ÖZEL FON,Serbest Şemsiye Fonu,3.1546,10.1582,21.6599,33.8073,45.9301,,2718173745.4,88.0,Kuveyt Türk Portföy Yönetimi A.Ş.,0.0,1.0,False,True,False,True,False,Hisse (aktif),0.0,0.0,0.0,0.0,False,False,2026-10-05
VK6,V PORTFÖY VAKIFBANK PARA PİYASASI (TL) FONU,Para Piyasası Şemsiye Fonu,2.9757,9.9645,21.1966,33.6119,45.9272,256.6886,73552397137.14,160114.0,V Portföy Yönetimi A.Ş.,0.0,1.0,False,False,False,False,False,Para piyasası,14.49,2.07,0.0,0.0,False,False,2026-10-05
UNT,İŞ PORTFÖY ÜÇÜNCÜ SERBEST (TL) FON,Serbest Şemsiye Fonu,2.9718,9.8218,20.9236,33.4338,45.9119,,10138389133.58,284.0,İş Portföy Yönetimi A.Ş.,1.0,2.0,False,True,False,False,False,,0.0,0.0,0.0,0.0,False,False,2026-10-06
SLF,ROTA PORTFÖY ŞEKERBANK PARA PİYASASI (TL) FONU,Para Piyasası Şemsiye Fonu,2.9788,9.8641,20.9454,33.4,45.9073,256.1524,1103077069.76,6670.0,Rota Portföy Yönetimi A.Ş.,0.0,1.0,False,False,False,False,False,Para piyasası,11.81,16.53,0.0,0.0,False,False,2026-10-05
PPZ,AZİMUT PORTFÖY PARA PİYASASI (TL) FONU,Para Piyasası Şemsiye Fonu,2.7949,9.8046,21.0512,33.4202,45.8767,260.8064,10172165424.83,7352.0,Azimut Portföy Yönetimi A.Ş.,0.0,2.0,False,False,False,False,False,Para piyasası,15.44,28.48,0.0,0.0,False,False,2026-10-05
NZT,NEO PORTFÖY PARA PİYASASI SERBEST FON,Serbest Şemsiye Fonu,3.0682,9.9513,21.0479,33.4466,45.8683,260.3717,1687034188.44,313.0,Neo Portföy Yönetimi A.Ş.,0.0,2.0,False,True,False,False,False,Para piyasası,8.7,27.52,0.0,0.0,False,False,2026-10-06
UPP,ÜNLÜ PORTFÖY PARA PİYASASI (TL) FONU,Para Piyasası Şemsiye Fonu,2.9575,9.8513,20.9048,33.4217,45.8649,256.3501,1995478341.91,840.0,Ünlü Portföy Yönetimi A.Ş.,0.0,1.0,False,False,False,False,False,Para piyasası,15.3,2.72,0.0,0.0,False,False,2026-10-05
ZP8,ZİRAAT PORTFÖY KEHRİBAR PARA PİYASASI KATILIM SERBEST (TL) FON,Serbest Şemsiye Fonu,3.0226,9.9784,21.2568,33.5553,45.8291,246.7313,51534214038.27,4330.0,Ziraat Portföy Yönetimi A.Ş.,0.0,2.0,False,True,False,False,False,Para piyasası,0.0,0.78,0.0,0.0,False,False,2026-10-06
YPC,YAPI KREDİ PORTFÖY SÜRDÜRÜLEBİLİRLİK DEĞİŞKEN FON,Değişken Şemsiye Fonu,2.0005,10.4846,28.7199,36.2485,45.818,186.7658,55326845.54,2278.0,Yapı Kredi Portföy Yönetimi A.Ş.,2.0,5.0,False,False,False,False,False,Hisse (aktif),0.0,0.0,91.77,-11.1496,True,False,2026-10-05
TZL,ZİRAAT PORTFÖY PARA PİYASASI (TL) FONU,Para Piyasası Şemsiye Fonu,2.9539,9.8925,21.146,33.5403,45.8153,253.41,95516744918.64,185568.0,Ziraat Portföy Yönetimi A.Ş.,0.0,1.0,False,False,False,False,False,Para piyasası,13.12,4.26,0.0,0.0,False,False,2026-10-05
PRH,AURA PORTFÖY PARA PİYASASI (TL) FONU,Para Piyasası Şemsiye Fonu,1.6626,8.4924,19.5406,31.6531,45.8105,,505406900.47,167.0,Aura Portföy Yönetimi A.Ş.,0.0,1.0,False,False,False,False,False,Para piyasası,14.75,14.27,0.0,0.0,False,False,2026-10-05
FI5,QNB PORTFÖY PARA PİYASASI (TL) FONU,Para Piyasası Şemsiye Fonu,2.9578,9.9219,21.0599,33.3668,45.8048,253.9676,114754336335.88,52457.0,QNB Portföy Yönetimi A.Ş.,0.0,1.0,False,False,False,False,False,Para piyasası,14.43,7.77,0.0,0.0,False,False,2026-10-05
IGL,TEB PORTFÖY ING BANK PARA PİYASASI (TL) FONU,Para Piyasası Şemsiye Fonu,2.9381,9.9035,21.0082,33.4111,45.7881,251.7987,4600791352.24,16520.0,Teb Portföy Yönetimi A.Ş.,0.0,1.0,False,False,False,False,False,Para piyasası,13.42,1.4,0.0,-0.0205,False,False,2026-10-05
ANL,AK PORTFÖY ALTERNATİF BANK PARA PİYASASI (TL)FONU,Para Piyasası Şemsiye Fonu,2.9264,9.8911,21.0427,33.3777,45.7874,257.9123,652241841.48,3546.0,Ak Portföy Yönetimi A.Ş.,0.0,1.0,False,False,False,False,False,Para piyasası,13.95,7.03,0.0,-0.008,False,False,2026-10-05
DBZ,DENİZ PORTFÖY ÖZEL SEKTÖR BORÇLANMA ARAÇLARI FONU,Borçlanma Araçları Şemsiye Fonu,3.0056,9.7956,20.6746,33.2488,45.7756,243.1292,649506101.84,2776.0,Deniz Portföy Yönetimi A.Ş.,1.0,2.0,False,False,False,False,False,Özel sektör borçlanma,0.0,88.01,0.0,0.0,False,False,2026-10-05
GUB,GARANTİ PORTFÖY ÖZEL SEKTÖR BORÇLANMA ARAÇLARI FONU,Borçlanma Araçları Şemsiye Fonu,2.9826,9.8273,20.7873,33.4241,45.7566,,4622011770.32,10725.0,Garanti Portföy Yönetimi A.Ş.,1.0,1.0,False,False,False,False,False,Özel sektör borçlanma,2.6,81.58,0.0,0.0,False,False,2026-10-05
PTL,TEB PORTFÖY İKİNCİ PARA PİYASASI (TL) FONU,Para Piyasası Şemsiye Fonu,2.915,9.7697,20.9915,33.5814,45.7543,,509280853.83,821.0,Teb Portföy Yönetimi A.Ş.,0.0,2.0,False,False,False,False,False,Para piyasası,13.68,1.08,0.0,0.0,False,False,2026-10-06
HYV,HEDEF PORTFÖY PARA PİYASASI (TL) FONU,Para Piyasası Şemsiye Fonu,2.4543,9.2565,20.3295,32.6601,45.7538,264.176,6079613714.16,6244.0,Hedef Portföy Yönetimi A.Ş.,0.0,1.0,True,False,False,False,False,Para piyasası,81.74,18.26,0.0,-0.0023,False,False,2026-10-05
FFD,FİBA PORTFÖY ÜÇÜNCÜ PARA PİYASASI (TL) FONU,Para Piyasası Şemsiye Fonu,2.873,9.6726,20.8735,33.0523,45.751,255.4721,221702282.22,85.0,Fiba Portföy Yönetimi A.Ş.,0.0,1.0,False,False,False,False,False,Para piyasası,28.6,0.0,0.0,0.0,True,False,2026-10-05
DB2,NUROL PORTFÖY İKİNCİ KISA VADELİ SERBEST FON,Serbest Şemsiye Fonu,2.4924,8.9347,20.2638,33.2303,45.737,,6744873.22,12.0,Aktif Portföy Yönetimi A.Ş.,0.0,2.0,False,True,False,False,False,,0.0,92.09,0.0,-0.1748,True,False,2026-10-06
IOO,İŞ PORTFÖY İKİNCİ PARA PİYASASI (TL) FONU,Para Piyasası Şemsiye Fonu,2.9494,10.1815,21.1084,33.2528,45.7321,259.0075,29676569144.07,10480.0,İş Portföy Yönetimi A.Ş.,0.0,2.0,False,False,False,False,False,Para piyasası,22.67,8.16,0.0,0.0,False,False,2026-10-05
MBR,MT PORTFÖY BİRİNCİ BORÇLANMA ARAÇLARI FONU,Borçlanma Araçları Şemsiye Fonu,-4.3386,3.1874,17.3176,34.235,45.7267,,120818820.21,258.0,Mt Portföy Yönetimi A.Ş.,1.0,3.0,False,False,False,False,False,Borçlanma (karma),44.81,37.88,0.0,-2.5554,True,False,2026-10-05
HTF,HSBC PORTFÖY PARA PİYASASI SERBEST (TL) FON,Serbest Şemsiye Fonu,2.9705,9.8251,20.9914,33.4411,45.7083,,4037910138.39,492.0,HSBC Portföy Yönetimi A.Ş.,0.0,2.0,False,True,False,False,False,Para piyasası,0.0,0.0,0.0,0.0,False,False,2026-10-05
PPI,YAPI KREDİ PORTFÖY ÜÇÜNCÜ PARA PİYASASI (TL) FONU,Para Piyasası Şemsiye Fonu,2.9922,9.9138,20.7494,33.0456,45.7025,,4921191502.23,3138.0,Yapı Kredi Portföy Yönetimi A.Ş.,0.0,1.0,False,False,False,False,False,Para piyasası,29.93,2.52,0.0,-0.0441,False,False,2026-10-05
PYB,TEB PORTFÖY ALTERNATİFBANK PARA PİYASASI (TL) FON,Para Piyasası Şemsiye Fonu,2.919,9.8404,20.8572,33.3706,45.7017,,521035299.22,1169.0,Teb Portföy Yönetimi A.Ş.,0.0,2.0,False,False,False,False,False,Para piyasası,13.12,3.25,0.0,-0.0175,False,False,2026-10-06
GBL,AZİMUT PYŞ KISA VADELİ BORÇLANMA ARAÇLARI FONU,Borçlanma Araçları Şemsiye Fonu,2.9583,9.7873,20.744,33.3081,45.6858,250.4896,2985176466.19,1628.0,Azimut Portföy Yönetimi A.Ş.,0.0,2.0,False,False,False,False,False,Kısa vadeli borçlanma,9.99,82.7,0.0,0.0,False,False,2026-10-05
TKM,TEB PORTFÖY PARA PİYASASI (TL) FONU,Para Piyasası Şemsiye Fonu,2.9435,9.8243,20.9313,33.4046,45.6791,252.617,64589458405.06,503421.0,Teb Portföy Yönetimi A.Ş.,0.0,1.0,False,False,False,False,False,Para piyasası,10.6,0.16,0.0,0.0,False,False,2026-10-06
FSK,QNB PORTFÖY İKİNCİ PARA PİYASASI (TL) FONU,Para Piyasası Şemsiye Fonu,2.9188,9.9364,20.825,33.0957,45.6769,254.8992,4994544264.59,2563.0,QNB Portföy Yönetimi A.Ş.,0.0,2.0,False,False,False,False,False,Para piyasası,22.28,17.06,0.0,-0.0231,False,False,2026-10-05
SAP,AK PORTFÖY ŞEKERBANK PARA PİYASASI (TL) FONU,Para Piyasası Şemsiye Fonu,2.9738,9.9209,20.9999,33.2761,45.6766,,411524753.01,384.0,Ak Portföy Yönetimi A.Ş.,0.0,1.0,False,False,False,False,False,Para piyasası,12.24,2.67,0.0,0.0,True,False,2026-10-05
BHA,BULLS PORTFÖY HİSSE SENEDİ (TL) FONU (HİSSE SENEDİ YOĞUN FON),Hisse Senedi Şemsiye Fonu,-8.4168,2.6386,8.2149,36.8011,45.6638,,,,,,,True,False,False,False,False,Hisse (aktif),,,,,False,False,
DVS,DENİZ PORTFÖY KISA VADELİ SERBEST (TL) FON,Serbest Şemsiye Fonu,2.9836,9.9804,20.8654,33.1507,45.6633,,4119766218.83,358.0,Deniz Portföy Yönetimi A.Ş.,0.0,2.0,False,True,False,False,False,,6.6,11.74,0.0,0.0,False,False,2026-10-05
ZTF,ZİRAAT PORTFÖY BİRİNCİ İSTATİSTİKSEL ARBİTRAJ SERBEST (TL) ÖZEL FON,Serbest Şemsiye Fonu,2.8287,9.6242,20.6618,33.4985,45.6595,281.8117,2393486515.18,1.0,Ziraat Portföy Yönetimi A.Ş.,0.0,3.0,False,True,False,True,False,,0.0,0.0,22.6,-1.5545,False,False,2026-10-05
TBV,İŞ PORTFÖY ÖZEL SEKTÖR BORÇLANMA ARAÇLARI (TL) FONU,Borçlanma Araçları Şemsiye Fonu,3.0432,9.9258,20.3925,33.2098,45.6054,241.868,1440812305.02,7754.0,İş Portföy Yönetimi A.Ş.,1.0,1.0,False,False,False,False,False,Özel sektör borçlanma,0.0,88.13,0.0,-0.264,False,False,2026-10-05
GJH,GARANTİ PORTFÖY PARA PİYASASI SERBEST (TL) FON,Serbest Şemsiye Fonu,2.9647,9.8146,20.9739,33.3293,45.5919,256.801,130358996977.31,23158.0,Garanti Portföy Yönetimi A.Ş.,0.0,2.0,False,True,False,False,False,Para piyasası,0.0,0.0,0.0,0.0,False,False,2026-10-05
SKL,TEB PORTFÖY ŞEKERBANK PARA PİYASASI (TL) FONU,Para Piyasası Şemsiye Fonu,2.9005,9.8362,20.911,33.2434,45.5708,,101268116.11,712.0,Teb Portföy Yönetimi A.Ş.,0.0,1.0,False,False,False,False,False,Para piyasası,14.62,8.85,0.0,-0.0156,True,False,2026-10-06
HSL,HSBC PORTFÖY PARA PİYASASI (TL) FONU,Para Piyasası Şemsiye Fonu,2.9006,9.7445,20.8864,33.2568,45.5624,255.3227,25624835605.4,23965.0,HSBC Portföy Yönetimi A.Ş.,0.0,1.0,False,False,False,False,False,Para piyasası,10.61,0.0,0.0,0.0,False,False,2026-10-06
ZPH,ZİRAAT PORTFÖY PAYLAŞIMLI HESAP PARA PİYASASI KATILIM SERBEST (TL) FON,Serbest Şemsiye Fonu,2.8991,9.7625,20.9216,33.2074,45.5496,,135613815.52,45.0,Ziraat Portföy Yönetimi A.Ş.,0.0,2.0,False,True,False,False,False,Para piyasası,0.0,0.0,0.0,0.0,True,False,2026-10-05
DLY,DENİZ PORTFÖY PARA PİYASASI (TL) FONU,Para Piyasası Şemsiye Fonu,2.8938,9.7788,20.8344,33.14,45.5424,255.1428,58219001441.14,304756.0,Deniz Portföy Yönetimi A.Ş.,0.0,1.0,False,False,False,False,False,Para piyasası,22.81,3.02,0.0,0.0,False,False,2026-10-06
ZCE,ZİRAAT PORTFÖY TÜRK ALTIN SERBEST (TL) ÖZEL FON,Serbest Şemsiye Fonu,3.1275,10.3018,21.4975,33.4412,45.5398,260.9188,11907545310.6,1.0,Ziraat Portföy Yönetimi A.Ş.,,2.0,False,True,False,True,False,Altın / kıymetli maden,0.0,0.0,0.0,-0.0949,False,False,2026-10-05
KIE,TRIVE PORTFÖY PARA PİYASASI (TL) FONU,Para Piyasası Şemsiye Fonu,3.0944,11.0076,22.8646,32.9897,45.5347,259.9007,170110647.35,829.0,Trive Portföy Yönetimi A.Ş.,0.0,2.0,False,False,False,False,False,Para piyasası,22.5,17.2,0.0,-1.6745,True,False,2026-10-06
TI1,İŞ PORTFÖY PARA PİYASASI (TL) FONU,Para Piyasası Şemsiye Fonu,2.9446,9.9428,20.9925,33.175,45.5302,253.3987,211298694029.15,238193.0,İş Portföy Yönetimi A.Ş.,0.0,2.0,False,False,False,False,False,Para piyasası,13.64,1.88,0.0,0.0,False,False,2026-10-06
PJL,PHİLLİP PORTFÖY PARA PİYASASI FONU,Para Piyasası Şemsiye Fonu,2.9348,9.7554,20.8604,33.1446,45.5198,252.965,1142483546.49,640.0,Phillip Portföy Yönetimi A.Ş.,0.0,1.0,False,False,False,False,False,Para piyasası,11.31,2.22,0.0,0.0,False,False,2026-10-06
OSL,OSMANLI PORTFÖY KISA VADELİ BORÇLANMA ARAÇLARI (TL) FONU,Borçlanma Araçları Şemsiye Fonu,2.8581,9.819,20.7929,32.8987,45.4866,238.2756,1531926818.97,3804.0,Osmanlı Portföy Yönetimi A.Ş.,0.0,2.0,False,False,False,False,False,Kısa vadeli borçlanma,39.45,50.25,0.0,-0.1347,False,False,2026-10-05
YLB,YAPI KREDİ PORTFÖY PARA PİYASASI FONU,Para Piyasası Şemsiye Fonu,2.9395,9.801,20.8745,33.1542,45.4637,252.6272,101116520723.43,360680.0,Yapı Kredi Portföy Yönetimi A.Ş.,0.0,1.0,False,False,False,False,False,Para piyasası,15.07,1.31,0.0,0.0,False,False,2026-10-06
OSN,AK PORTFÖY ONUNCU SERBEST FON,Serbest Şemsiye Fonu,3.0318,12.0317,17.6756,32.4831,45.449,,3567030.43,320.0,Ak Portföy Yönetimi A.Ş.,0.0,2.0,False,True,False,False,False,,0.0,0.0,0.0,-3.9933,True,False,2026-10-05
SCZ,AK PORTFÖY SEKİZİNCİ SERBEST FON,Serbest Şemsiye Fonu,2.9371,10.6854,19.7302,32.5397,45.4315,,116143297.07,323.0,Ak Portföy Yönetimi A.Ş.,0.0,3.0,False,True,False,False,False,,0.0,0.0,1.0,-1.7246,True,False,2026-10-06
IPO,İŞ PORTFÖY ONUR SERBEST ÖZEL FON,Serbest Şemsiye Fonu,0.2366,6.0188,23.3734,35.4567,45.4081,271.4661,493638804.21,1.0,İş Portföy Yönetimi A.Ş.,0.0,,False,True,False,True,False,,44.1,0.0,25.15,-3.9272,True,False,2026-10-05
BLD,DENİZ PORTFÖY BALEV EĞİTİME DESTEK SERBEST FON,Serbest Şemsiye Fonu,2.9823,9.8739,21.0391,33.1325,45.398,,387430614.03,667.0,Deniz Portföy Yönetimi A.Ş.,1.0,2.0,False,True,False,False,False,,0.0,6.64,0.0,0.0,True,False,2026-10-05
ALE,AK PORTFÖY PARA PİYASASI (TL) FONU,Para Piyasası Şemsiye Fonu,2.9295,9.8389,20.883,33.1492,45.3701,252.9214,76214530689.33,140287.0,Ak Portföy Yönetimi A.Ş.,0.0,1.0,False,False,False,False,False,Para piyasası,15.32,0.74,0.0,0.0,False,False,2026-10-06
LGK,AZİMUT PORTFÖY İKİNCİ ÖPY SERBEST ÖZEL FON,Serbest Şemsiye Fonu,5.9321,11.907,22.4975,33.9954,45.3662,,40243753.25,1.0,Azimut Portföy Yönetimi A.Ş.,0.0,2.0,False,True,False,True,False,,0.0,0.0,0.0,-0.5963,True,False,2026-10-05
AVT,AK PORTFÖY KISA VADELİ BORÇLANMA ARAÇLARI (TL) FONU,Borçlanma Araçları Şemsiye Fonu,2.8465,9.9068,20.8675,32.6485,45.3641,240.4634,3628295100.81,19655.0,Ak Portföy Yönetimi A.Ş.,0.0,1.0,False,False,False,False,False,Kısa vadeli borçlanma,29.18,61.74,0.0,-0.1771,False,False,2026-10-05
PPK,QNB PORTFÖY PARA PİYASASI KATILIM (TL) FONU,Katılım Şemsiye Fonu,2.9412,9.8611,21.0654,33.266,45.3637,,5626558896.49,3124.0,QNB Portföy Yönetimi A.Ş.,0.0,1.0,False,False,False,False,False,Para piyasası,6.47,18.74,0.0,0.0,False,False,2026-10-06
AP7,PARDUS PORTFÖY ALGO ETNA İSTATİSTİKSEL ARBİTRAJ SERBEST FON,Serbest Şemsiye Fonu,3.0144,8.8205,22.4155,34.4402,45.3629,,,,,,,True,True,False,False,False,,,,,,False,False,
OKT,OYAK PORTFÖY BİRİNCİ BORÇLANMA ARAÇLARI FONU,Borçlanma Araçları Şemsiye Fonu,3.0041,9.8217,20.7024,33.1914,45.3519,251.2439,115753978.58,815.0,Oyak Portföy Yönetimi A.Ş.,1.0,3.0,False,False,False,False,False,Özel sektör borçlanma,0.0,81.34,0.0,0.0,True,False,2026-10-05
YLO,YAPI KREDİ PORTFÖY ELEKTRİKLİ ARAÇLAR DEĞİŞKEN FON,Değişken Şemsiye Fonu,-0.9006,1.8297,19.6597,32.626,45.341,190.0277,234612595.15,4764.0,Yapı Kredi Portföy Yönetimi A.Ş.,2.0,6.0,False,False,False,False,False,Hisse (aktif),0.0,2.42,92.73,-9.5237,True,False,2026-10-05
NSH,NUROL PORTFÖY İSTATİSTİKSEL ARBİTRAJ HİSSE SENEDİ SERBEST FON (HİSSE SENEDİ YOĞUN FON),Serbest Şemsiye Fonu,4.0884,10.9485,21.9975,34.4755,45.3387,,2337268141.2,1046.0,Nurol Portföy Yönetimi A.Ş.,2.0,2.0,False,True,False,False,False,Hisse (aktif),0.0,0.0,86.76,-0.3038,False,False,2026-10-05
FTL,ONE PORTFÖY PARA PİYASASI KATILIM FONU,Katılım Şemsiye Fonu,2.9666,9.8439,20.906,33.1926,45.3358,,176865045.6,576.0,One Portföy Yönetimi A.Ş.,0.0,1.0,False,False,False,False,False,Para piyasası,0.0,37.54,0.0,0.0,True,False,2026-10-06
EDT,DENİZ PORTFÖY TED EĞİTİME DESTEK SERBEST FON,Serbest Şemsiye Fonu,2.9473,9.8031,21.0217,33.1676,45.3261,,946054616.57,560.0,Deniz Portföy Yönetimi A.Ş.,1.0,2.0,False,True,False,False,False,,0.0,6.28,0.0,0.0,False,False,2026-10-06
DCN,DENİZ PORTFÖY ÜÇÜNCÜ PARA PİYASASI (TL) FONU,Para Piyasası Şemsiye Fonu,2.831,9.6984,20.6688,32.9942,45.3232,,149308877.24,1187.0,Deniz Portföy Yönetimi A.Ş.,0.0,1.0,False,False,False,False,False,Para piyasası,21.31,0.0,0.0,0.0,True,False,2026-10-06
OFB,OYAK PORTFÖY İSTATİSTİKSEL ARBİTRAJ SERBEST (TL) FON,Serbest Şemsiye Fonu,2.8555,9.645,20.7377,33.1174,45.3022,262.7546,1038665865.56,12.0,Oyak Portföy Yönetimi A.Ş.,0.0,,False,True,False,False,False,,0.0,0.0,0.0,0.0,False,False,2026-10-05
ECB,GLOBAL MD PORTFÖY PARA PİYASASI (TL) FONU,Para Piyasası Şemsiye Fonu,2.9926,9.8559,20.8579,33.031,45.2816,247.9042,937219601.69,3159.0,Global MD Portföy Yönetimi A.Ş.,0.0,1.0,False,False,False,False,False,Para piyasası,10.18,22.8,0.0,0.0,False,False,2026-10-06
RPT,ROTA PORTFÖY İKİNCİ SERBEST (TL) FON,Serbest Şemsiye Fonu,2.8676,9.3045,20.4311,32.8019,45.2745,262.4518,1172182705.98,131.0,Rota Portföy Yönetimi A.Ş.,1.0,1.0,False,True,False,False,False,,0.09,27.75,5.98,0.0,False,False,2026-10-05
TRR,TEB PORTFÖY BEŞİNCİ SERBEST (TL) FONU,Serbest Şemsiye Fonu,2.991,9.8658,20.9697,33.0928,45.2738,249.6438,2523523076.22,450.0,Teb Portföy Yönetimi A.Ş.,0.0,2.0,False,True,False,False,False,,0.01,1.38,0.0,0.0,False,False,2026-10-05
ICE,TEB PORTFÖY ICBC TURKEY PARA PİYASASI (TL) FONU,Para Piyasası Şemsiye Fonu,2.9234,9.7764,20.6707,32.9589,45.2615,250.1347,1610761954.98,4590.0,Icbc Portföy Yönetimi A.Ş.,0.0,1.0,False,False,False,False,False,Para piyasası,13.64,3.51,0.0,0.0,False,False,2026-10-06
FPI,FONMAP PORTFÖY BİRİNCİ PARA PİYASASI (TL) FONU,Para Piyasası Şemsiye Fonu,2.9244,9.9054,20.8479,33.1225,45.2278,,30745839.62,158.0,Fonmap Portföy Yönetimi A.Ş.,0.0,1.0,False,False,False,False,False,Para piyasası,25.91,0.0,0.0,-0.0066,True,False,2026-10-06
IPP,PERFORM PORTFÖY BIRINCI SERBEST FON,Serbest Şemsiye Fonu,3.3242,10.893,14.3415,30.7306,45.2197,238.7336,6877883508.36,151.0,Perform Portföy Yönetimi A.Ş.,0.0,6.0,False,True,False,False,False,,0.15,0.0,0.0,-2.7379,False,False,2026-10-06
AYR,AK PORTFÖY ÖZEL SEKTÖR BORÇLANMA ARAÇLARI (TL) FONU,Borçlanma Araçları Şemsiye Fonu,2.9274,9.6926,20.6556,32.9589,45.2125,238.98,1593324331.93,12972.0,Ak Portföy Yönetimi A.Ş.,1.0,1.0,False,False,False,False,False,Özel sektör borçlanma,1.08,89.82,0.0,0.0,False,False,2026-10-05
GCD,ATLAS PORTFÖY UFUK HİSSE SENEDİ SERBEST FON (HİSSE SENEDİ YOĞUN FON),Serbest Şemsiye Fonu,1.8671,31.0619,26.5774,84.8008,45.2004,632.7472,,,,,,True,True,False,False,False,Hisse (aktif),,,,,False,False,
GTL,GARANTİ PORTFÖY BİRİNCİ PARA PİYASASI (TL) FONU,Para Piyasası Şemsiye Fonu,2.9086,9.8024,20.8183,32.8325,45.1853,253.2998,168382096423.99,350623.0,Garanti Portföy Yönetimi A.Ş.,0.0,1.0,False,False,False,False,False,Para piyasası,17.34,4.17,0.0,0.0,False,False,2026-10-06
FMV,DENİZ PORTFÖY FMV IŞIK ÜNİVERSİTESİ EĞİTİME DESTEK SERBEST FON,Serbest Şemsiye Fonu,3.1458,9.8068,20.9285,32.9047,45.1729,,171188059.37,32.0,Deniz Portföy Yönetimi A.Ş.,1.0,2.0,False,True,False,False,False,,0.0,3.09,0.0,0.0,True,False,2026-10-05
BVC,AK PORTFÖY BİRİNCİ SERBEST (TL) ÖZEL FON,Serbest Şemsiye Fonu,2.6588,9.4646,20.4858,32.9519,45.1506,253.0436,7357018120.5,1.0,Ak Portföy Yönetimi A.Ş.,0.0,2.0,False,True,False,True,False,,0.0,0.0,2.81,-0.0622,False,False,2026-10-05
RTI,ALBARAKA PORTFÖY ALBARAKA TÜRK İKİNCİ KISA VADELİ KATILIM SERBEST (TL) FON,Serbest Şemsiye Fonu,3.0044,9.8483,20.7968,32.995,45.0928,245.6111,44322174445.66,67.0,Albaraka Portföy Yönetimi A.Ş.,0.0,1.0,False,True,False,False,False,Kira sertifikası / katılım,0.0,4.08,0.0,0.0,False,False,2026-10-05
DVO,DENİZ PORTFÖY BİRİNCİ SERBEST (TL) ÖZEL FON,Serbest Şemsiye Fonu,2.813,9.3275,19.8972,33.3621,45.0892,276.9864,35557924.69,1.0,Deniz Portföy Yönetimi A.Ş.,0.0,,False,True,False,True,False,,0.0,0.0,0.0,0.0,True,False,2026-10-05
KKT,KUVEYT TÜRK PORTFÖY İKİNCİ KISA VADELİ KATILIM SERBEST (TL) FON,Serbest Şemsiye Fonu,2.9488,9.8958,21.2124,33.1957,45.0818,222.8241,51978984711.54,649.0,Kuveyt Türk Portföy Yönetimi A.Ş.,0.0,1.0,False,True,False,False,False,Kira sertifikası / katılım,0.0,13.71,0.0,-0.0078,False,False,2026-10-05
TOT,TEB PORTFÖY ÖZEL SEKTÖR BORÇLANMA ARAÇLARI FONU,Borçlanma Araçları Şemsiye Fonu,2.8888,9.6282,20.3074,32.8639,45.0681,233.071,109070535.9,615.0,Teb Portföy Yönetimi A.Ş.,1.0,1.0,False,False,False,False,False,Özel sektör borçlanma,0.2,79.78,0.0,-0.0823,True,False,2026-10-06
MSK,AZİMUT PORTFÖY MSG SERBEST (TL) ÖZEL FON,Serbest Şemsiye Fonu,2.6329,10.004,21.598,32.7619,45.0661,205.1124,1238239961.83,1.0,Azimut Portföy Yönetimi A.Ş.,0.0,4.0,False,True,False,True,False,,0.0,0.0,2.62,-0.5492,False,False,2026-10-06
ZYD,ZİRAAT PORTFÖY THE SERBEST (TL) ÖZEL FON,Serbest Şemsiye Fonu,2.9839,9.7918,20.5665,32.9173,45.0636,260.6073,9453169780.06,1.0,Ziraat Portföy Yönetimi A.Ş.,0.0,2.0,False,True,False,True,False,,0.0,1.11,0.0,0.0,False,False,2026-10-05
KPR,KUVEYT TÜRK PORTFÖY PARA PİYASASI KATILIM SERBEST FON,Serbest Şemsiye Fonu,2.9949,9.8204,20.8997,32.9224,44.9655,,39284215935.17,1055.0,Kuveyt Türk Portföy Yönetimi A.Ş.,0.0,1.0,False,True,False,False,False,Para piyasası,0.0,0.03,0.0,0.0,False,False,2026-10-05
KPI,İŞ PORTFÖY PARA PİYASASI KATILIM (TL) FONU,Katılım Şemsiye Fonu,2.9345,9.7863,20.7826,32.9525,44.965,,6567076389.21,7785.0,İş Portföy Yönetimi A.Ş.,0.0,1.0,False,False,False,False,False,Para piyasası,14.45,23.89,0.0,0.0,False,False,2026-10-06
TND,İŞ PORTFÖY TTF TENİSE DESTEK DEĞİŞKEN FON,Değişken Şemsiye Fonu,2.9649,9.6828,20.635,32.798,44.9454,,182448173.36,493.0,İş Portföy Yönetimi A.Ş.,2.0,2.0,False,False,False,False,False,Karma / değişken,0.0,70.93,0.0,0.0,True,False,2026-10-05
IBC,İŞ PORTFÖY CENOVA SERBEST ÖZEL FON,Serbest Şemsiye Fonu,2.4987,9.4293,19.7786,32.5762,44.9437,188.4428,434170165.62,5.0,İş Portföy Yönetimi A.Ş.,0.0,,False,True,False,True,False,,12.67,0.0,3.39,-1.1734,True,False,2026-10-05
ITP,İŞ PORTFÖY TEKNOLOJİ KARMA FON,Karma Şemsiye Fonu,2.7988,9.5422,32.9252,39.9588,44.9414,280.0252,1022642851.63,10735.0,İş Portföy Yönetimi A.Ş.,3.0,6.0,False,False,False,False,False,Hisse (aktif),0.0,22.61,76.85,-5.8326,False,False,2026-10-06
TLK,AKTİF PORTFÖY PARA PİYASASI KATILIM (TL) FONU,Katılım Şemsiye Fonu,2.9575,9.8646,20.7507,32.7998,44.9231,,1840719022.18,1060.0,Aktif Portföy Yönetimi A.Ş.,0.0,1.0,False,False,False,False,False,Para piyasası,0.14,34.11,0.0,0.0,False,False,2026-10-06
HYU,HSBC PORTFÖY KISA VADELİ SERBEST (TL) FON,Serbest Şemsiye Fonu,2.9297,9.7399,20.598,32.6326,44.899,,1091589864.87,229.0,HSBC Portföy Yönetimi A.Ş.,0.0,1.0,False,True,False,False,False,,4.42,20.61,0.0,0.0,False,False,2026-10-05
OPJ,QNB PORTFÖY QNB PARA PİYASASI (TL) FONU,Para Piyasası Şemsiye Fonu,2.9865,9.7912,20.5502,32.5193,44.898,,137876512.47,1407.0,QNB Portföy Yönetimi A.Ş.,0.0,1.0,False,False,False,False,False,Para piyasası,10.72,0.0,0.0,-0.0945,True,False,2026-10-06
OKP,OYAK PORTFÖY BİRİNCİ KISA VADELİ BORÇLANMA ARAÇLARI (TL) FONU,Borçlanma Araçları Şemsiye Fonu,2.9658,9.781,20.5109,32.7612,44.8951,253.941,74699030.53,400.0,Oyak Portföy Yönetimi A.Ş.,0.0,2.0,False,False,False,False,False,Kısa vadeli borçlanma,27.7,67.34,0.0,0.0,True,False,2026-10-05
IFV,TEB PORTFÖY BİRİNCİ KISA VADELİ BORÇLANMA ARAÇLARI (TL) FONU,Borçlanma Araçları Şemsiye Fonu,2.9234,9.7898,20.0825,32.8523,44.8859,236.2769,70181470.95,175.0,Icbc Portföy Yönetimi A.Ş.,0.0,2.0,False,False,False,False,False,Kısa vadeli borçlanma,90.47,2.22,0.0,-0.2295,True,False,2026-10-05
GBN,GARANTİ PORTFÖY BEŞİNCİ (TL) SERBEST FON,Serbest Şemsiye Fonu,2.9455,9.6787,20.6572,32.8582,44.8723,256.1197,6468202459.55,383.0,Garanti Portföy Yönetimi A.Ş.,1.0,2.0,False,True,False,False,False,,0.0,0.0,0.0,0.0,False,False,2026-10-05
GKH,GARANTİ PORTFÖY PARA PİYASASI KATILIM SERBEST (TL) FON,Serbest Şemsiye Fonu,2.9417,9.7133,20.8968,32.8731,44.808,240.3796,3656827712.46,1977.0,Garanti Portföy Yönetimi A.Ş.,0.0,2.0,False,True,False,False,False,Para piyasası,27.58,1.68,0.0,0.0,False,False,2026-10-05
OYL,OYAK PORTFÖY BİRİNCİ PARA PİYASASI (TL) FONU,Para Piyasası Şemsiye Fonu,2.9204,9.8132,20.7072,32.7504,44.7564,248.975,3286316391.03,7849.0,Oyak Portföy Yönetimi A.Ş.,0.0,1.0,False,False,False,False,False,Para piyasası,12.67,14.28,0.0,0.0,False,False,2026-10-06
DBK,DENİZ PORTFÖY KISA VADELİ BORÇLANMA ARAÇLARI (TL) FONU,Borçlanma Araçları Şemsiye Fonu,2.8326,9.5937,20.3736,32.3607,44.7537,238.7739,976880226.09,85012.0,Deniz Portföy Yönetimi A.Ş.,0.0,1.0,False,False,False,False,False,Kısa vadeli borçlanma,35.85,57.34,0.0,0.0,False,False,2026-10-05
YVD,YAPI KREDİ PORTFÖY İKİNCİ PARA PİYASASI (TL) FONU,Para Piyasası Şemsiye Fonu,2.9259,9.7367,20.5774,32.492,44.7375,251.3911,43361783444.07,80920.0,Yapı Kredi Portföy Yönetimi A.Ş.,0.0,1.0,False,False,False,False,False,Para piyasası,23.91,3.42,0.0,-0.0195,False,False,2026-10-06
ILI,İŞ PORTFÖY İKİNCİ SERBEST (TL) FON,Serbest Şemsiye Fonu,2.986,9.8997,20.9991,32.6635,44.711,251.0996,592116767.62,23.0,İş Portföy Yönetimi A.Ş.,0.0,4.0,False,True,False,False,False,,0.0,0.0,0.0,0.0,False,False,2026-10-05
NJY,NUROL PORTFÖY BİRİNCİ KATILIM FONU,Katılım Şemsiye Fonu,2.842,9.6504,20.825,32.8498,44.688,233.3575,358845370.24,1202.0,Nurol Portföy Yönetimi A.Ş.,1.0,1.0,False,False,False,False,False,Kira sertifikası / katılım,0.0,46.77,0.0,0.0,True,False,2026-10-05
OSF,NEO PORTFÖY BALKAN SERBEST FON,Serbest Şemsiye Fonu,2.8511,9.7386,20.6837,32.3411,44.666,4554.1151,4500549910.56,17.0,Neo Portföy Yönetimi A.Ş.,0.0,6.0,False,True,False,False,False,,8.82,40.2,0.0,-0.537,False,False,2026-10-05
PPG,ALBARAKA PORTFÖY PARA PİYASASI KATILIM FONU,Katılım Şemsiye Fonu,2.8937,9.5625,20.5056,32.6997,44.6652,,1538898628.59,1604.0,Albaraka Portföy Yönetimi A.Ş.,0.0,1.0,False,False,False,False,False,Para piyasası,0.0,7.82,0.0,0.0,False,False,2026-10-06
GNP,GARANTİ PORTFÖY NEMA PARA PİYASASI (TL) FONU,Para Piyasası Şemsiye Fonu,2.8544,9.6129,20.3717,32.5231,44.6642,,1812467635.26,3514.0,Garanti Portföy Yönetimi A.Ş.,0.0,1.0,False,False,False,False,False,Para piyasası,11.26,0.0,0.0,0.0,False,False,2026-10-06
ONN,AKTİF PORTFÖY AKTİF ONİKS SERBEST (TL) FON,Serbest Şemsiye Fonu,2.334,9.6522,19.6037,32.1606,44.6639,250.0547,1224973495.09,495.0,Aktif Portföy Yönetimi A.Ş.,1.0,3.0,False,True,False,False,False,,71.14,0.43,0.0,-0.4276,False,False,2026-10-05
IV7,INVEO PORTFÖY BEŞER SERBEST (TL) ÖZEL FON,Serbest Şemsiye Fonu,3.3231,9.6682,20.0233,32.3563,44.6295,244.7187,574597484.04,1.0,Inveo Portföy Yönetimi A.Ş.,0.0,2.0,False,True,False,True,False,,0.0,0.0,0.0,-0.4576,False,False,2026-10-05
KEO,KUVEYT TÜRK PORTFÖY KATILIM EMEKLİLİK BİRİNCİ KATILIM SERBEST ÖZEL FON,Serbest Şemsiye Fonu,2.7487,9.6388,21.1666,32.4375,44.5928,,74477517.54,1.0,Kuveyt Türk Portföy Yönetimi A.Ş.,0.0,2.0,False,True,False,True,False,Kira sertifikası / katılım,73.59,0.0,0.0,-0.2065,True,False,2026-10-05
OPD,OSMANLI PORTFÖY ANKA SERBEST FON,Serbest Şemsiye Fonu,2.9006,9.371,20.1327,32.3585,44.5213,244.0824,70624331.06,16.0,Osmanlı Portföy Yönetimi A.Ş.,1.0,2.0,False,True,False,False,False,,0.0,49.03,0.0,0.0,True,False,2026-10-05
EKL,KUVEYT TÜRK PORTFÖY EMLAK KATILIM BANKASI PARA PİYASASI KATILIM FONU,Katılım Şemsiye Fonu,2.9425,9.5611,20.4789,32.5424,44.4899,,1738433042.75,1197.0,Kuveyt Türk Portföy Yönetimi A.Ş.,0.0,1.0,False,False,False,False,False,Para piyasası,0.0,6.6,0.0,0.0,False,False,2026-10-06
GYL,INVEO PORTFÖY KISA VADELİ BORÇLANMA ARAÇLARI (TL) FONU,Borçlanma Araçları Şemsiye Fonu,2.9073,9.7215,20.6359,32.2045,44.4672,222.3981,1076192560.42,7074.0,Inveo Portföy Yönetimi A.Ş.,0.0,1.0,False,False,False,False,False,Kısa vadeli borçlanma,9.26,71.95,0.0,-0.026,False,False,2026-10-05
HIA,HEDEF PORTFÖY İSTATİSTİKSEL ARBİTRAJ SERBEST FON,Serbest Şemsiye Fonu,2.1588,8.2377,18.6455,31.1014,44.4255,,,,,,,True,True,False,False,False,,,,,,False,False,
AL6,ALBARAKA PORTFÖY VAKIF KATILIM KISA VADELİ KATILIM SERBEST (TL) FON,Serbest Şemsiye Fonu,2.8881,9.6702,20.6319,32.6031,44.4006,229.405,5819671171.64,12.0,Albaraka Portföy Yönetimi A.Ş.,0.0,1.0,False,True,False,False,False,Kira sertifikası / katılım,0.0,0.0,0.0,0.0,False,False,2026-10-06
RKV,RE-PIE PORTFÖY KISA VADELİ KATILIM SERBEST (TL) FON,Serbest Şemsiye Fonu,2.9495,9.6584,20.347,32.2755,44.3913,,377507956.97,188.0,Re-pıe Portföy Yönetimi A.Ş.,0.0,1.0,False,True,False,False,False,Kira sertifikası / katılım,10.3,21.19,0.0,0.0,True,False,2026-10-05
TPO,İŞ PORTFÖY PY ÖZEL SEKTÖR BORÇLANMA ARAÇLARI (TL) ÖZEL FONU,Borçlanma Araçları Şemsiye Fonu,3.1617,10.2032,18.5642,31.6522,44.3529,248.5196,111048749.83,3.0,İş Portföy Yönetimi A.Ş.,0.0,2.0,False,False,False,True,False,Özel sektör borçlanma,0.0,96.24,0.0,-2.4687,True,False,2026-10-05
TCF,TEB PORTFÖY ÜÇÜNCÜ FON SEPETİ FONU,Fon Sepeti Şemsiye Fonu,2.332,9.3674,18.7776,32.077,44.3485,237.9211,3049122902.67,2522.0,Teb Portföy Yönetimi A.Ş.,2.0,3.0,False,False,False,False,False,,12.41,0.0,0.0,-0.1196,False,False,2026-10-05
SKO,STRATEJİ PORTFÖY KAR PAYI ÖDEYEN HİSSE SENEDİ FONU (HİSSE SENEDİ YOĞUN FON),Hisse Senedi Şemsiye Fonu,-3.8071,-0.2503,0.2177,28.115,44.321,,163362075.02,2102.0,Strateji Portföy Yönetimi A.Ş.,2.0,6.0,False,False,False,False,False,Hisse (aktif),0.0,0.0,87.04,-12.8985,True,False,2026-10-06
CVA,AK PORTFÖY ÜÇÜNCÜ KAMU BORÇLANMA ARAÇLARI (TL) ÖZEL FONU,Borçlanma Araçları Şemsiye Fonu,2.7663,10.1208,20.4758,31.3325,44.296,208.7892,10019088911.55,1.0,Ak Portföy Yönetimi A.Ş.,0.0,3.0,False,False,False,True,False,Kamu borçlanma (devlet tahvili),82.79,0.4,0.0,-0.6696,False,False,2026-10-05
GAL,GARANTİ PORTFÖY İKİNCİ PARA PİYASASI (TL) FONU,Para Piyasası Şemsiye Fonu,2.8602,9.6684,20.1855,32.0089,44.2767,249.6836,77784370895.35,58077.0,Garanti Portföy Yönetimi A.Ş.,0.0,1.0,False,False,False,False,False,Para piyasası,20.26,8.52,0.0,0.0,False,False,2026-10-06
AL7,ALBARAKA PORTFÖY İKİNCİ KISA VADELİ KATILIM SERBEST (TL) FON,Serbest Şemsiye Fonu,2.9591,9.6668,20.3321,32.2979,44.2652,219.6664,10403307493.8,112.0,Albaraka Portföy Yönetimi A.Ş.,0.0,1.0,False,True,False,False,False,Kira sertifikası / katılım,0.0,19.79,0.0,0.0,False,False,2026-10-05
MBL,MEKSA PORTFÖY İKİNCİ DEĞİŞKEN FON,Değişken Şemsiye Fonu,2.88,9.4674,20.1014,31.9756,44.2219,239.4619,21591222.1,194.0,Meksa Portföy Yönetimi A.Ş.,2.0,2.0,False,False,False,False,False,Karma / değişken,0.0,14.04,0.0,-0.0697,True,False,2026-10-05
HKV,ZİRAAT PORTFÖY HALKBANK KISA VADELİ BORÇLANMA ARAÇLARI (TL) FONU,Borçlanma Araçları Şemsiye Fonu,2.8463,9.7901,20.5348,32.2311,44.2147,226.5255,4483433298.62,37128.0,Ziraat Portföy Yönetimi A.Ş.,0.0,1.0,False,False,False,False,False,Kısa vadeli borçlanma,42.6,38.1,0.0,-0.0869,False,False,2026-10-05
KFZ,KUVEYT TÜRK PORTFÖY KFZ KATILIM SERBEST ÖZEL FON,Serbest Şemsiye Fonu,2.9311,9.7183,20.5242,32.2558,44.2084,,386435458.64,1.0,Kuveyt Türk Portföy Yönetimi A.Ş.,0.0,1.0,False,True,False,True,False,Kira sertifikası / katılım,0.0,0.0,0.0,0.0,True,False,2026-10-05
RRP,RE-PIE PORTFÖY PARA PİYASASI KATILIM (TL) FON,Katılım Şemsiye Fonu,2.9048,9.5409,20.4345,32.3186,44.1456,,222302913.24,65.0,Re-pıe Portföy Yönetimi A.Ş.,0.0,2.0,False,False,False,False,False,Para piyasası,0.0,7.21,0.0,0.0,True,False,2026-10-06
PPD,PERFORM PORTFÖY HİSSE SENEDİ SERBEST FON (HİSSE SENEDİ YOĞUN FON),Serbest Şemsiye Fonu,-6.131,0.962,6.7872,24.5295,44.1206,130.4474,2000399079.01,103.0,Perform Portföy Yönetimi A.Ş.,2.0,7.0,False,True,False,False,False,Hisse (aktif),0.0,0.0,87.64,-11.7075,False,False,2026-10-06
FSH,FİBA PORTFÖY FON SEPETİ SERBEST FON,Serbest Şemsiye Fonu,3.3383,8.012,37.222,40.5194,44.0933,268.2452,382150639.24,458.0,Fiba Portföy Yönetimi A.Ş.,3.0,6.0,False,True,False,False,False,,0.0,0.0,32.73,-12.2862,True,False,2026-10-05
KAC,EMLAK KATILIM PORTFÖY KISA VADELİ KATILIM SERBEST (TL) FON,Serbest Şemsiye Fonu,2.9472,9.6107,20.3911,32.2666,44.0089,229.2225,26693811516.74,1775.0,Albaraka Portföy Yönetimi A.Ş.,0.0,1.0,False,True,False,False,False,Kira sertifikası / katılım,0.0,11.22,0.0,0.0,False,False,2026-10-05
YHK,YAPI KREDİ PORTFÖY KATILIM HİSSE SENEDİ FONU (HİSSE SENEDİ YOĞUN FON),Hisse Senedi Şemsiye Fonu,-9.2187,-3.7771,6.3717,39.6195,43.9881,,1160316992.57,6201.0,Yapı Kredi Portföy Yönetimi A.Ş.,2.0,6.0,False,False,False,False,False,Hisse (aktif),0.0,3.41,86.68,-14.309,False,False,2026-10-05
VKT,V PORTFÖY VAKIFBANK KISA VADELİ BORÇLANMA ARAÇLARI (TL) FONU,Borçlanma Araçları Şemsiye Fonu,2.7757,9.7078,20.2859,32.0323,43.9724,228.9765,4744169402.66,41249.0,V Portföy Yönetimi A.Ş.,0.0,1.0,False,False,False,False,False,Kısa vadeli borçlanma,58.47,36.68,0.0,-0.0582,False,False,2026-10-06
GMA,AZİMUT PORTFÖY BİRİNCİ DEĞİŞKEN FON,Değişken Şemsiye Fonu,-0.0579,9.1626,18.5873,31.5005,43.9303,149.0833,2160667700.57,1379.0,Azimut Portföy Yönetimi A.Ş.,2.0,5.0,False,False,False,False,False,Hisse (aktif),0.0,5.73,63.44,-5.8693,False,False,2026-10-05
IKV,İŞ PORTFÖY İKİNCİ KISA VADELİ BORÇLANMA ARAÇLARI (TL) FONU,Borçlanma Araçları Şemsiye Fonu,2.9508,9.7506,19.3901,31.5311,43.9105,,682146039.91,1290.0,İş Portföy Yönetimi A.Ş.,0.0,1.0,False,False,False,False,False,Kısa vadeli borçlanma,11.69,74.09,0.0,-0.6577,False,False,2026-10-05
HJB,HEDEF PORTFÖY BİRİNCİ DEĞİŞKEN FON,Değişken Şemsiye Fonu,-2.3363,11.3737,9.3705,35.3418,43.8984,159.4174,,,,,,True,False,False,False,False,Karma / değişken,,,,,False,False,
EIB,ASTRA PORTFÖY DEĞİŞKEN FON,Değişken Şemsiye Fonu,1.3834,5.7432,22.289,32.7824,43.8941,232.0059,296158996.18,417.0,Astra Portföy Yönetimi A.Ş.,1.0,3.0,False,False,False,False,False,Karma / değişken,0.45,4.91,0.0,-2.1633,True,False,2026-10-06
YDK,YAPI KREDİ PORTFÖY ÇALIŞAN HESAP KISA VADELİ BORÇLANMA ARAÇLARI FONU,Borçlanma Araçları Şemsiye Fonu,3.0574,9.7362,20.5823,31.8227,43.863,238.7975,153502131.75,48380.0,Yapı Kredi Portföy Yönetimi A.Ş.,0.0,2.0,False,False,False,False,False,Kısa vadeli borçlanma,83.52,9.68,0.0,-0.3137,True,False,2026-10-05
KNI,AZİMUT PORTFÖY İKİNCİ PARA PİYASASI SERBEST (TL) FON,Serbest Şemsiye Fonu,2.809,9.4199,20.0204,31.8462,43.846,,3537860782.39,395.0,Azimut Portföy Yönetimi A.Ş.,0.0,2.0,False,True,False,False,False,Para piyasası,6.37,13.89,0.0,0.0,False,False,2026-10-09
KLU,KUVEYT TÜRK PORTFÖY PARA PİYASASI KATILIM (TL) FONU,Katılım Şemsiye Fonu,2.9214,9.6851,20.7139,32.5607,43.8007,219.7278,86974114289.17,109276.0,Kuveyt Türk Portföy Yönetimi A.Ş.,0.0,1.0,False,False,False,False,False,Para piyasası,0.0,0.01,0.0,0.0,False,False,2026-10-06
OKF,OYAK PORTFÖY KAR PAYI ÖDEYEN BİRİNCİ SERBEST (TL) FON,Serbest Şemsiye Fonu,2.9023,9.6333,20.3159,32.0447,43.7797,236.4533,8750701519.8,12.0,Oyak Portföy Yönetimi A.Ş.,0.0,,False,True,False,False,False,,0.0,0.69,0.0,0.0,False,False,2026-10-05
FFH,QNB PORTFÖY ÇOKLU VARLIK KATILIM FONU,Katılım Şemsiye Fonu,0.5029,8.6293,15.2762,30.9137,43.7684,192.2412,1623153732.48,2064.0,QNB Portföy Yönetimi A.Ş.,2.0,4.0,False,False,False,False,False,Kira sertifikası / katılım,19.2,4.33,36.26,-1.7634,False,False,2026-10-05
THG,TACİRLER PORTFÖY ODEABANK SERBEST ÖZEL FON,Serbest Şemsiye Fonu,2.6594,9.4742,20.3493,32.2925,43.7671,240.1398,162645587.84,154.0,Tacirler Portföy Yönetimi A.Ş.,0.0,2.0,False,True,False,True,False,,9.29,20.52,0.0,-0.4677,True,False,2026-10-05
TPF,TACİRLER PORTFÖY BORÇLANMA ARAÇLARI FONU,Borçlanma Araçları Şemsiye Fonu,2.1351,7.7843,18.7226,32.4629,43.7396,184.5706,130902092.21,467.0,Tacirler Portföy Yönetimi A.Ş.,1.0,3.0,False,False,False,False,False,Özel sektör borçlanma,40.11,41.67,2.07,-0.6692,True,False,2026-10-06
BHI,BV PORTFÖY MUTLAK GETİRİ HEDEFLİ HİSSE SENEDİ SERBEST (TL) FON (HİSSE SENEDİ YOĞUN FON),Serbest Şemsiye Fonu,2.6485,8.9324,20.7394,33.4086,43.7216,,,,,,,True,True,False,False,False,Hisse (aktif),,,,,False,False,
PSS,AZİMUT PORTFÖY SARAY SERBEST FON,Serbest Şemsiye Fonu,2.8013,9.5934,20.204,31.8264,43.7209,244.1259,123530675.26,11.0,Azimut Portföy Yönetimi A.Ş.,0.0,2.0,False,True,False,False,False,,0.0,0.0,0.0,0.0,True,False,2026-10-05
TZV,ZİRAAT PORTFÖY KISA VADELİ BORÇLANMA ARAÇLARI (TL) FONU,Borçlanma Araçları Şemsiye Fonu,2.7847,9.6462,20.1717,31.8479,43.6883,226.1132,32287795924.73,132218.0,Ziraat Portföy Yönetimi A.Ş.,0.0,1.0,False,False,False,False,False,Kısa vadeli borçlanma,48.56,35.73,0.0,-0.1133,False,False,2026-10-05
PKL,PUSULA PORTFÖY KATILIM SERBEST (TL) FON,Serbest Şemsiye Fonu,1.4056,8.4724,18.5667,31.2207,43.6636,,,,,,,True,True,False,False,False,Kira sertifikası / katılım,,,,,False,False,
AL4,ALBARAKA PORTFÖY ALBARAKA TÜRK KISA VADELİ KATILIM SERBEST (TL) FON,Serbest Şemsiye Fonu,3.0167,9.8349,20.8125,31.6702,43.6482,242.9973,1329490437.28,12.0,Albaraka Portföy Yönetimi A.Ş.,0.0,1.0,False,True,False,False,False,Kira sertifikası / katılım,7.37,19.43,0.0,-0.6056,False,False,2026-10-05
LKT,AKTİF PORTFÖY İKİNCİ PARA PİYASASI (TL) FONU,Para Piyasası Şemsiye Fonu,2.8036,9.6008,20.1692,32.0436,43.5767,,28739163.05,91.0,Aktif Portföy Yönetimi A.Ş.,0.0,2.0,False,False,False,False,False,Para piyasası,30.85,0.0,0.0,0.0,True,False,2026-10-06
NVT,NEO PORTFÖY ÜÇÜNCÜ SERBEST (TL) FON,Serbest Şemsiye Fonu,2.8968,9.358,19.9873,31.7965,43.571,253.7671,10268429948.45,92.0,Neo Portföy Yönetimi A.Ş.,1.0,3.0,False,True,False,False,False,,0.0,0.0,0.0,0.0,False,False,2026-10-05
GLS,AZİMUT PORTFÖY  KİRA SERTİFİKALARI (SUKUK) KATILIM FONU,Katılım Şemsiye Fonu,2.7829,9.5563,19.5873,31.9269,43.5362,216.0188,364971590.79,1359.0,Azimut Portföy Yönetimi A.Ş.,1.0,2.0,False,False,False,False,False,Kira sertifikası / katılım,4.5,90.08,0.0,-0.2406,True,False,2026-10-05
PIL,ROTA PORTFÖY PİL TEKNOLOJİLERİ VE ENERJİ FON SEPETİ FONU,Fon Sepeti Şemsiye Fonu,-4.5697,0.0862,3.3311,22.0656,43.4779,201.4764,317382685.74,6043.0,Rota Portföy Yönetimi A.Ş.,3.0,6.0,False,False,False,False,False,Hisse (aktif),0.0,0.0,51.16,-17.3532,True,False,2026-10-06
RTB,ROTA PORTFÖY ONÜÇÜNCÜ SERBEST FON,Serbest Şemsiye Fonu,2.9148,9.6308,20.2662,31.5226,43.4507,,460351128.09,13.0,Rota Portföy Yönetimi A.Ş.,0.0,2.0,False,True,False,False,False,,0.0,3.45,0.0,0.0,True,False,2026-10-05
TCI,TACİRLER PORTFÖY İSTATİSTİKSEL ARBİTRAJ SERBEST FON,Serbest Şemsiye Fonu,2.7946,9.4644,20.1683,32.2773,43.4403,265.1331,1443457057.81,13.0,Tacirler Portföy Yönetimi A.Ş.,0.0,2.0,False,True,False,False,False,,0.0,6.55,18.58,-0.06,False,False,2026-10-06
HYP,AZİMUT PORTFÖY İVME SERBEST FON,Serbest Şemsiye Fonu,2.972,10.3181,34.7334,37.1547,43.4224,197.6114,586447161.22,54.0,Azimut Portföy Yönetimi A.Ş.,1.0,6.0,False,True,False,False,False,,27.63,7.32,0.0,-6.1142,False,False,2026-10-06
MPF,AKTİF PORTFÖY KISA VADELİ KİRA SERTİFİKASI KATILIM (TL) FONU,Katılım Şemsiye Fonu,2.9054,9.6307,20.0556,31.7122,43.3794,221.8399,1323298479.37,1758.0,Aktif Portföy Yönetimi A.Ş.,0.0,1.0,False,False,False,False,False,Kira sertifikası / katılım,17.97,77.03,0.0,0.0,False,False,2026-10-05
DSH,AK PORTFÖY DÖRDÜNCÜ SERBEST FON,Serbest Şemsiye Fonu,3.0207,10.2197,27.6909,37.3193,43.3702,,6366803421.44,1665.0,Ak Portföy Yönetimi A.Ş.,0.0,4.0,False,True,False,False,False,,49.08,35.7,0.0,-35.524,False,False,2026-10-06
TGT,GARANTİ PORTFÖY KISA VADELİ BORÇLANMA ARAÇLARI FONU,Borçlanma Araçları Şemsiye Fonu,2.7251,9.6062,19.9124,30.9776,43.3425,233.0708,4472738368.68,63820.0,Garanti Portföy Yönetimi A.Ş.,0.0,1.0,False,False,False,False,False,Kısa vadeli borçlanma,56.26,38.39,0.0,-0.1057,False,False,2026-10-05
PVK,ALBARAKA PORTFÖY KISA VADELİ KATILIM SERBEST (TL) FON,Serbest Şemsiye Fonu,2.9032,9.4606,19.9149,31.6332,43.264,232.376,38171698880.95,8146.0,Albaraka Portföy Yönetimi A.Ş.,0.0,1.0,False,True,False,False,False,Kira sertifikası / katılım,0.0,0.0,0.0,0.0,False,False,2026-10-05
MPK,AKTİF PORTFÖY KİRA SERTİFİKASI KATILIM (TL) FONU,Katılım Şemsiye Fonu,2.7285,9.3816,19.7645,31.6882,43.2608,229.1046,252881354.5,1409.0,Aktif Portföy Yönetimi A.Ş.,1.0,2.0,False,False,False,False,False,Kira sertifikası / katılım,32.79,55.84,0.0,0.0,True,False,2026-10-05
DK1,KUVEYT TÜRK PORTFÖY DÜNYA KATILIM BANKASI KISA VADELİ KATILIM SERBEST FON,Serbest Şemsiye Fonu,2.871,9.3728,19.4366,31.211,43.2106,,2854986317.79,63.0,Kuveyt Türk Portföy Yönetimi A.Ş.,0.0,1.0,False,True,False,False,False,Kira sertifikası / katılım,0.0,0.0,0.0,0.0,False,False,2026-10-06
AC1,PARDUS PORTFÖY KISA VADELİ KATILIM SERBEST FONU,Serbest Şemsiye Fonu,1.9805,8.7054,19.5739,31.5481,43.1973,219.701,,,,,,True,True,False,False,False,Kira sertifikası / katılım,,,,,False,False,
GYK,INVEO PORTFÖY BORÇLANMA ARAÇLARI (TL) FONU,Borçlanma Araçları Şemsiye Fonu,2.8788,9.7119,20.3252,30.7197,43.1805,221.4633,88217808.7,252.0,Inveo Portföy Yönetimi A.Ş.,1.0,1.0,False,False,False,False,False,Özel sektör borçlanma,41.32,44.1,0.0,-0.3078,True,False,2026-10-05
FYT,QNB PORTFÖY KISA VADELİ BORÇLANMA ARAÇLARI (TL) FONU,Borçlanma Araçları Şemsiye Fonu,2.8229,9.8028,20.1021,31.1764,43.1781,217.1477,4170018488.6,96334.0,QNB Portföy Yönetimi A.Ş.,0.0,1.0,False,False,False,False,False,Kısa vadeli borçlanma,56.25,31.65,0.0,-0.2107,False,False,2026-10-05
YHT,YAPI KREDİ PORTFÖY KISA VADELİ BORÇLANMA ARAÇLARI (TL) FONU,Borçlanma Araçları Şemsiye Fonu,2.6636,9.4667,19.4766,30.6601,43.1446,229.6733,2773443718.68,85723.0,Yapı Kredi Portföy Yönetimi A.Ş.,0.0,1.0,False,False,False,False,False,Kısa vadeli borçlanma,82.22,15.03,0.0,-0.2562,False,False,2026-10-05
TSI,İŞ PORTFÖY MAKSİMUM HESAP KISA VADELİ BORÇLANMA ARAÇLARI (TL) FONU,Borçlanma Araçları Şemsiye Fonu,2.755,9.6514,20.0589,31.2483,43.13,226.3177,24211791052.25,79165.0,İş Portföy Yönetimi A.Ş.,0.0,1.0,False,False,False,False,False,Kısa vadeli borçlanma,48.02,34.33,0.0,-0.1558,False,False,2026-10-05
RBV,ALBARAKA PORTFÖY KISA VADELİ KİRA SERTİFİKALARI KATILIM (TL) FONU,Katılım Şemsiye Fonu,2.9347,9.7045,20.1057,31.5955,43.1133,218.4277,9497556737.09,19065.0,Albaraka Portföy Yönetimi A.Ş.,0.0,1.0,False,False,False,False,False,Kira sertifikası / katılım,25.88,42.87,0.0,0.0,False,False,2026-10-05
HPV,ZİRAAT PORTFÖY HALKBANK KISA VADELİ KİRA SERTİFİKALARI KATILIM (TL) FONU,Katılım Şemsiye Fonu,2.9371,9.6596,20.1114,31.5459,43.0964,219.646,9632085741.41,338633.0,Ziraat Portföy Yönetimi A.Ş.,0.0,1.0,False,False,False,False,False,Kira sertifikası / katılım,12.82,66.83,0.0,0.0,False,False,2026-10-05
RBB,RE-PIE PORTFÖY BİRİNCİ BORÇLANMA ARAÇLARI (TL) FONU,Borçlanma Araçları Şemsiye Fonu,2.5879,9.35,20.0402,29.5503,43.0465,,18951169.32,29.0,Re-pıe Portföy Yönetimi A.Ş.,1.0,4.0,False,False,False,False,False,Özel sektör borçlanma,39.65,52.26,0.0,-0.6007,True,False,2026-10-05
TNK,TEB PORTFÖY KISA VADELİ BORÇLANMA ARAÇLARI (TL) FONU,Borçlanma Araçları Şemsiye Fonu,2.7773,9.5286,20.0185,30.9238,43.0408,223.6371,3845326579.66,73704.0,Teb Portföy Yönetimi A.Ş.,0.0,2.0,False,False,False,False,False,Kısa vadeli borçlanma,48.08,28.05,0.0,-0.2732,False,False,2026-10-05
ZPK,ZİRAAT PORTFÖY KISA VADELİ KİRA SERTİFİKASI KATILIM (TL) FONU,Katılım Şemsiye Fonu,2.9198,9.6403,20.0706,31.4967,43.0407,220.7309,26842424865.18,31022.0,Ziraat Portföy Yönetimi A.Ş.,0.0,1.0,False,False,False,False,False,Kira sertifikası / katılım,21.43,62.78,0.0,0.0,False,False,2026-10-05
VFK,ZİRAAT PORTFÖY İKİNCİ KISA VADELİ KİRA SERTİFİKALARI KATILIM (TL) FONU,Katılım Şemsiye Fonu,2.8047,9.5467,20.0097,31.4278,42.9804,222.8542,5486252268.74,6040.0,Ziraat Portföy Yönetimi A.Ş.,0.0,1.0,False,False,False,False,False,Kira sertifikası / katılım,43.43,41.38,0.0,0.0,False,False,2026-10-05
KTR,KUVEYT TÜRK PORTFÖY BİRİNCİ KATILIM SERBEST (TL) FON,Serbest Şemsiye Fonu,2.9045,9.2825,19.6973,31.3353,42.9515,232.2894,25580892680.41,606.0,Kuveyt Türk Portföy Yönetimi A.Ş.,1.0,1.0,False,True,False,False,False,Kira sertifikası / katılım,0.0,0.21,0.0,0.0,False,False,2026-10-06
VKI,ALBARAKA PORTFÖY VAKIF KATILIM İKİNCİ KISA VADELİ KATILIM SERBEST (TL) FON,Serbest Şemsiye Fonu,2.9045,9.4579,20.1024,31.8054,42.9252,215.4462,3004045037.4,325.0,Albaraka Portföy Yönetimi A.Ş.,0.0,1.0,False,True,False,False,False,Kira sertifikası / katılım,0.0,5.03,0.0,0.0,False,False,2026-10-06
MPI,MEKSA PORTFÖY İSTATİSTİKSEL ARBİTRAJ SERBEST (TL) FON,Serbest Şemsiye Fonu,2.9418,9.2035,20.3141,31.4628,42.9136,,75063271.88,33.0,Meksa Portföy Yönetimi A.Ş.,2.0,1.0,False,True,False,False,False,Hisse (aktif),0.0,7.93,60.72,-0.4582,True,False,2026-10-06
RPU,ALBARAKA PORTFÖY ÜÇÜNCÜ KISA VADELİ KATILIM SERBEST (TL) FON,Serbest Şemsiye Fonu,2.8441,9.5963,19.6767,31.1562,42.8785,241.9703,2761763862.78,12.0,Albaraka Portföy Yönetimi A.Ş.,0.0,1.0,False,True,False,False,False,Kira sertifikası / katılım,11.59,17.92,0.0,-0.7448,False,False,2026-10-06
TFE,AKTİF PORTFÖY TÜRKİYE FİNANS ALA BANKACILIK KATILIM ÖZEL FONU,Katılım Şemsiye Fonu,2.7916,9.1909,19.5249,31.2017,42.8534,,35155057.76,119.0,Aktif Portföy Yönetimi A.Ş.,0.0,2.0,False,False,False,True,False,Hisse (aktif),0.0,36.33,0.0,0.0,True,False,2026-10-06
HPH,HEDEF PORTFÖY PARA PİYASASI KATILIM FONU,Katılım Şemsiye Fonu,1.6734,7.5838,18.6222,30.8532,42.8205,,4054908007.65,6593.0,Hedef Portföy Yönetimi A.Ş.,0.0,1.0,True,False,False,False,False,Para piyasası,0.0,45.81,0.0,0.0,False,False,2026-10-06
PBI,PARDUS PORTFÖY BİRİNCİ FON SEPETİ FONU,Fon Sepeti Şemsiye Fonu,-10.8131,-2.2756,9.3406,31.0309,42.8108,,,,,,,True,False,False,False,False,,,,,,False,False,
RSF,ATA PORTFÖY İKİNCİ İSTATİSTİKSEL ARBİTRAJ SERBEST FON,Serbest Şemsiye Fonu,3.1843,9.3265,20.0771,31.5339,42.7896,124.4,45831323.35,12.0,Ata Portföy Yönetimi A.Ş.,0.0,4.0,False,True,False,False,False,Hisse (aktif),0.0,0.0,93.0,-0.1333,True,False,2026-10-06
INV,INVEO PORTFÖY İSTATİSTİKSEL ARBİTRAJ KAR PAYI ÖDEYEN SERBEST (TL) ÖZEL FON,Serbest Şemsiye Fonu,2.3655,7.4073,19.3366,30.7532,42.7734,226.3531,2115439462.69,1.0,Inveo Portföy Yönetimi A.Ş.,0.0,5.0,False,True,False,True,False,,0.0,96.84,2.82,-0.7297,False,False,2026-10-06
HPT,HSBC PORTFÖY KISA VADELİ BORÇLANMA ARAÇLARI (TL) FONU,Borçlanma Araçları Şemsiye Fonu,2.7835,9.681,19.9059,30.8981,42.751,223.6476,4236142842.49,10497.0,HSBC Portföy Yönetimi A.Ş.,0.0,1.0,False,False,False,False,False,Kısa vadeli borçlanma,49.54,31.07,0.0,-0.1152,False,False,2026-10-05
IBG,AZİMUT PYŞ BİRİNCİ SERBEST FON,Serbest Şemsiye Fonu,2.1799,8.7562,19.6181,30.798,42.7267,288.1228,562771717.2,11.0,,0.0,3.0,False,True,False,False,False,,0.0,0.0,0.0,-1.7067,False,False,2026-10-06
SKT,FİBA PORTFÖY ŞEKERBANK KISA VADELİ BORÇLANMA ARAÇLARI FONU,Borçlanma Araçları Şemsiye Fonu,2.6116,9.4043,19.7648,30.7784,42.7094,228.6602,32738655.75,2011.0,Fiba Portföy Yönetimi A.Ş.,0.0,1.0,False,False,False,False,False,Kısa vadeli borçlanma,79.74,16.74,0.0,-0.3709,True,False,2026-10-05
NP1,NEO PORTFÖY YASEMİN SERBEST FON,Serbest Şemsiye Fonu,-4.0401,6.7895,0.9982,2.8611,42.6223,164.4989,1338937390.63,138.0,Neo Portföy Yönetimi A.Ş.,,7.0,False,True,False,False,False,,0.0,0.0,32.21,-30.5756,False,False,2026-10-06
SPT,AKTİF PORTFÖY KATILIM FON SEPETİ FONU,Fon Sepeti Şemsiye Fonu,-0.8907,7.2906,13.7157,27.4303,42.5739,,81773993.95,715.0,Aktif Portföy Yönetimi A.Ş.,2.0,4.0,False,False,False,False,False,Kira sertifikası / katılım,0.0,0.0,7.02,-3.1222,True,False,2026-10-05
TIV,İŞ PORTFÖY KISA VADELİ BORÇLANMA ARAÇLARI (TL) FONU,Borçlanma Araçları Şemsiye Fonu,2.7268,9.6619,19.8768,30.6222,42.5211,219.3897,34779920264.25,122662.0,İş Portföy Yönetimi A.Ş.,0.0,1.0,False,False,False,False,False,Kısa vadeli borçlanma,55.24,27.07,0.0,-0.1608,False,False,2026-10-05
YDP,YAPI KREDİ PORTFÖY BİRİNCİ DEĞİŞKEN FON,Değişken Şemsiye Fonu,-4.8563,6.0895,13.6331,34.1521,42.3862,,494740548.65,2387.0,Yapı Kredi Portföy Yönetimi A.Ş.,2.0,5.0,False,False,False,False,False,Hisse (aktif),0.0,1.95,73.84,-8.2378,True,False,2026-10-06
FPK,FİBA PORTFÖY KISA VADELİ BORÇLANMA ARAÇLARI (TL) FONU,Borçlanma Araçları Şemsiye Fonu,2.7823,9.4438,19.5916,30.1937,42.3677,226.9006,257787754.73,1133.0,Fiba Portföy Yönetimi A.Ş.,0.0,1.0,False,False,False,False,False,Kısa vadeli borçlanma,61.31,24.36,0.0,-0.5235,True,False,2026-10-05
PKR,ROTA PORTFÖY PARA PİYASASI KATILIM FONU,Katılım Şemsiye Fonu,2.9118,7.9048,18.6731,30.5218,42.3495,,687835327.48,157.0,Rota Portföy Yönetimi A.Ş.,0.0,1.0,False,False,False,False,False,Para piyasası,0.0,17.53,0.0,-1.3552,False,False,2026-10-06
ZBI,ZİRAAT PORTFÖY TEMKİNLİ KATILIM FONU,Katılım Şemsiye Fonu,1.2369,8.1388,17.5334,31.7306,42.2808,,189513403.97,1763.0,Ziraat Portföy Yönetimi A.Ş.,2.0,3.0,False,False,False,False,False,Kira sertifikası / katılım,0.0,55.16,12.01,-1.2729,True,False,2026-10-06
ITR,İŞ PORTFÖY TE1 SERBEST ÖZEL FON,Serbest Şemsiye Fonu,2.1502,8.8967,19.9161,30.6799,42.2698,228.4795,1128800559.33,1.0,İş Portföy Yönetimi A.Ş.,0.0,,False,True,False,True,False,,1.51,0.0,0.0,-0.0764,False,False,2026-10-06
EKF,ASTRA PORTFÖY KİRA SERTİFİKASI KATILIM (TL) FONU,Katılım Şemsiye Fonu,2.7916,5.6142,16.9729,29.8524,42.2569,233.7167,826094847.67,4085.0,Astra Portföy Yönetimi A.Ş.,1.0,3.0,False,False,False,False,False,Kira sertifikası / katılım,0.0,78.53,0.0,-3.8616,False,False,2026-10-06
AAL,ATA PORTFÖY PARA PİYASASI (TL) FONU,Para Piyasası Şemsiye Fonu,3.005,8.352,17.7082,29.7921,42.2491,247.7674,1750665713.15,4225.0,Ata Portföy Yönetimi A.Ş.,0.0,1.0,False,False,False,False,False,Para piyasası,13.87,13.7,0.0,-1.1738,False,False,2026-10-06
ZUD,ZİRAAT PORTFÖY THE SERBEST ÖZEL FON,Serbest Şemsiye Fonu,0.5469,9.9957,15.656,25.8944,42.2142,113.8032,962817642.98,1.0,Ziraat Portföy Yönetimi A.Ş.,0.0,4.0,False,True,False,True,False,,8.48,4.51,29.17,-2.9811,False,False,2026-10-06
TE3,TEB PORTFÖY MUTLAK GETİRİ HEDEFLİ DEĞİŞKEN FON,Değişken Şemsiye Fonu,-4.3867,2.0263,8.6039,28.3171,42.202,218.0926,,,,,,True,False,False,False,False,Karma / değişken,,,,,False,False,
ECV,GLOBAL MD PORTFÖY KISA VADELİ BORÇLANMA ARAÇLARI (TL) FONU,Borçlanma Araçları Şemsiye Fonu,2.6956,9.3161,19.6749,30.6607,42.0867,222.7861,139333198.33,2414.0,Global MD Portföy Yönetimi A.Ş.,0.0,2.0,False,False,False,False,False,Kısa vadeli borçlanma,66.34,16.32,0.0,-0.0789,True,False,2026-10-05
URS,AK PORTFÖY ORKİDE SERBEST ÖZEL FON,Serbest Şemsiye Fonu,-1.0277,15.101,13.6691,33.4799,42.0691,130.7067,1028957186.08,1.0,Ak Portföy Yönetimi A.Ş.,0.0,6.0,False,True,False,True,False,,0.0,13.93,46.94,-7.4264,False,False,2026-10-06
NMG,NEO PORTFÖY İKİNCİ SERBEST FON,Serbest Şemsiye Fonu,2.8608,8.8962,19.6466,31.551,42.0641,,2051196859.35,12.0,Neo Portföy Yönetimi A.Ş.,0.0,7.0,False,True,False,False,False,Hisse (aktif),0.0,36.18,55.06,-0.3789,False,False,2026-10-06
KTV,KUVEYT TÜRK PORTFÖY KISA VADELİ KİRA SERTİFİKALARI KATILIM (TL) FONU,Katılım Şemsiye Fonu,2.8341,9.3911,19.5108,30.7474,42.046,212.2775,32809264486.67,47074.0,Kuveyt Türk Portföy Yönetimi A.Ş.,0.0,1.0,False,False,False,False,False,Kira sertifikası / katılım,19.3,69.03,0.0,-0.0036,False,False,2026-10-05
AHU,ATLAS PORTFÖY BİRİNCİ ÖZEL SEKTÖR BORÇLANMA ARAÇLARI FONU,Borçlanma Araçları Şemsiye Fonu,2.3897,9.1473,19.3084,31.1957,42.025,249.4269,78765924.02,565.0,Atlas Portföy Yönetimi A.Ş.,1.0,1.0,True,False,False,False,False,Özel sektör borçlanma,0.0,81.01,0.0,-0.6833,True,False,2026-10-05
CVB,AK PORTFÖY İKİNCİ SERBEST (TL) ÖZEL FON,Serbest Şemsiye Fonu,1.7569,8.2882,17.9301,30.5325,41.8805,231.8027,2071834299.62,5.0,Ak Portföy Yönetimi A.Ş.,0.0,3.0,False,True,False,True,False,,0.0,5.64,3.82,-0.3749,False,False,2026-10-06
PPM,PİRAMİT PORTFÖY MUTLAK GETİRİ HEDEFLİ HİSSE SENEDİ SERBEST FON (HİSSE SENEDİ YOĞUN FON),Serbest Şemsiye Fonu,2.9377,8.5708,18.8906,30.1545,41.7607,,,,,,,True,True,False,False,False,Hisse (aktif),,,,,False,False,
GSP,AZİMUT PYŞ KAR PAYI ÖDEYEN HİSSE SENEDİ FONU (HİSSE SENEDİ YOĞUN FON),Hisse Senedi Şemsiye Fonu,-6.2687,0.0556,6.0185,34.2039,41.7436,124.0838,3840953800.65,12955.0,Azimut Portföy Yönetimi A.Ş.,2.0,6.0,False,False,False,False,False,Hisse (aktif),0.0,0.0,87.48,-7.6435,False,False,2026-10-05
OTF,OYAK PORTFÖY TÜRKİYE FİNANS KISA VADELİ KİRA SERTİFİKASI KATILIM (TL) FONU,Katılım Şemsiye Fonu,2.9082,9.444,19.5516,30.6692,41.6858,212.8954,645743623.63,1958.0,Oyak Portföy Yönetimi A.Ş.,0.0,2.0,False,False,False,False,False,Kira sertifikası / katılım,0.0,97.57,0.0,0.0,False,False,2026-10-05
RHI,RE-PIE PORTFÖY BİRİNCİ HİSSE SENEDİ (TL) FONU (HİSSE SENEDİ YOĞUN FON),Hisse Senedi Şemsiye Fonu,-7.2395,2.9054,8.8186,39.7476,41.621,,47204043.78,318.0,Re-pıe Portföy Yönetimi A.Ş.,2.0,6.0,False,False,False,False,False,Hisse (aktif),0.0,0.0,97.9,-10.8712,True,False,2026-10-06
DPK,DENİZ PORTFÖY KİRA SERTİFİKALARI KATILIM (TL) FONU,Katılım Şemsiye Fonu,2.8146,9.3889,18.8957,30.1836,41.6148,217.1474,887870123.2,1352.0,Deniz Portföy Yönetimi A.Ş.,1.0,1.0,False,False,False,False,False,Kira sertifikası / katılım,19.13,72.32,0.0,-0.2403,False,False,2026-10-05
ABU,AK PORTFÖY BİREBİR BANKACILIK DEĞİŞKEN ÖZEL FON,Değişken Şemsiye Fonu,2.6058,9.4613,19.6193,30.2764,41.6129,218.3892,63602062.68,37.0,Ak Portföy Yönetimi A.Ş.,0.0,3.0,False,False,False,True,False,Hisse (aktif),68.7,9.37,0.0,-0.349,True,False,2026-10-06
IRV,İSTANBUL PORTFÖY İSTATİSTİKSEL ARBİTRAJ SERBEST FON,Serbest Şemsiye Fonu,3.5735,11.445,20.9642,31.1933,41.6121,200.6574,278575934.05,63.0,İstanbul Portföy Yönetimi A.Ş.,2.0,3.0,False,True,False,False,False,Hisse (aktif),0.0,16.01,70.64,-2.1789,True,False,2026-10-06
OTK,OYAK PORTFÖY BİRİNCİ KATILIM SERBEST FON,Serbest Şemsiye Fonu,2.8581,9.1957,19.4251,30.8512,41.5609,155.6994,3386977.87,56.0,Oyak Portföy Yönetimi A.Ş.,1.0,2.0,False,True,False,False,False,Kira sertifikası / katılım,0.0,99.4,0.0,0.0,True,False,2026-10-06
YBP,YAPI KREDİ PORTFÖY PY BİRİNCİ DEĞİŞKEN ÖZEL FON,Değişken Şemsiye Fonu,2.9642,9.1427,18.1035,28.4652,41.5562,219.8448,981928435.06,55.0,Yapı Kredi Portföy Yönetimi A.Ş.,0.0,4.0,False,False,False,True,False,Karma / değişken,10.21,20.59,0.0,-0.8927,False,False,2026-10-06
RAF,ROTA PORTFÖY ALTINCI SERBEST FON,Serbest Şemsiye Fonu,-3.1464,3.0701,7.3005,29.0225,41.5377,114.6122,81294812.92,13.0,Rota Portföy Yönetimi A.Ş.,2.0,6.0,False,True,False,False,False,Hisse (aktif),0.0,0.0,54.34,-9.05,True,False,2026-10-05
KSV,KUVEYT TÜRK PORTFÖY KISA VADELİ KATILIM SERBEST (TL) FON,Serbest Şemsiye Fonu,2.8667,9.1526,19.5326,30.5378,41.4938,222.2529,40462399759.14,9702.0,Kuveyt Türk Portföy Yönetimi A.Ş.,0.0,1.0,False,True,False,False,False,Kira sertifikası / katılım,0.0,13.67,0.0,0.0,False,False,2026-10-06
MTH,MT PORTFÖY BİRİNCİ HİSSE SENEDİ FONU (HİSSE SENEDİ YOĞUN FON),Hisse Senedi Şemsiye Fonu,-21.1635,-14.2327,-0.9025,12.3888,41.4826,,113701805.91,1772.0,Mt Portföy Yönetimi A.Ş.,2.0,6.0,False,False,False,False,False,Hisse (aktif),0.0,0.0,83.85,-23.1868,True,False,2026-10-06
BUP,AZİMUT PORTFÖY BUPA SERBEST (TL) ÖZEL FON,Serbest Şemsiye Fonu,2.813,8.751,18.9471,30.0507,41.4176,218.5133,14602633963.35,1.0,Azimut Portföy Yönetimi A.Ş.,0.0,2.0,False,True,False,True,False,,7.47,27.23,0.0,-0.1253,False,False,2026-10-06
TI4,İŞ PORTFÖY TEMKİNLİ DEĞİŞKEN FON,Değişken Şemsiye Fonu,2.808,8.5491,15.9884,22.0234,41.3642,222.7667,1934602983.99,13629.0,İş Portföy Yönetimi A.Ş.,1.0,2.0,False,False,False,False,False,Karma / değişken,0.0,0.24,0.0,-2.1377,False,False,2026-10-06
EDU,İŞ PORTFÖY TEV EĞİTİME DESTEK DEĞİŞKEN FON,Değişken Şemsiye Fonu,2.7172,8.0763,17.6357,24.495,41.3194,214.8664,378839390.61,665.0,İş Portföy Yönetimi A.Ş.,2.0,3.0,False,False,False,False,False,Karma / değişken,0.0,0.0,3.68,-2.8809,True,False,2026-10-06
SUA,ÜNLÜ PORTFÖY BİRİNCİ DEĞİŞKEN FON,Değişken Şemsiye Fonu,0.5419,7.1639,16.3246,26.8241,41.1781,235.6526,1547471961.35,955.0,Ünlü Portföy Yönetimi A.Ş.,1.0,3.0,False,False,False,False,False,Karma / değişken,3.36,3.87,7.88,-2.1115,False,False,2026-10-06
GFL,GARANTİ PORTFÖY MİA SERBEST ÖZEL FON,Serbest Şemsiye Fonu,5.3367,6.1987,26.5204,36.917,41.1742,315.2093,359804050.16,1.0,Garanti Portföy Yönetimi A.Ş.,0.0,7.0,False,True,False,True,False,Hisse (aktif),0.0,0.0,75.75,-21.4412,True,False,2026-10-05
KTU,KUVEYT TÜRK PORTFÖY NEOVA KATILIM SERBEST (TL) ÖZEL FON,Serbest Şemsiye Fonu,-4.0127,4.1632,14.2813,33.8856,41.1241,147.739,955843209.13,1.0,Kuveyt Türk Portföy Yönetimi A.Ş.,0.0,6.0,False,True,False,True,False,Hisse (aktif),0.0,0.0,58.11,-7.2457,False,False,2026-10-06
ZPG,ZİRAAT PORTFÖY KİRA SERTİFİKALARI (SUKUK) KATILIM FONU,Katılım Şemsiye Fonu,2.8664,9.1962,19.3667,29.8146,41.1184,210.2995,1747139144.81,6641.0,Ziraat Portföy Yönetimi A.Ş.,1.0,2.0,False,False,False,False,False,Kira sertifikası / katılım,2.01,78.49,0.0,0.0,False,False,2026-10-05
KPC,KUVEYT TÜRK PORTFÖY KATILIM HİSSE SENEDİ (TL) FONU (HİSSE SENEDİ YOĞUN FON),Hisse Senedi Şemsiye Fonu,-7.2725,0.5127,9.5061,34.8427,40.8057,127.7837,4182667845.22,23592.0,Kuveyt Türk Portföy Yönetimi A.Ş.,2.0,6.0,False,False,False,False,False,Hisse (aktif),0.0,0.0,82.05,-11.1121,False,False,2026-10-06
NSY,NEO PORTFÖY YEDİNCİ SERBEST FON,Serbest Şemsiye Fonu,1.9331,8.2536,15.125,30.8119,40.7635,,1330576745.81,51.0,Neo Portföy Yönetimi A.Ş.,1.0,3.0,False,True,False,False,False,,0.0,7.13,2.02,-1.8655,False,False,2026-10-06
HPO,HSBC PORTFÖY ÇOKLU VARLIK BİRİNCİ DEĞİŞKEN FON,Değişken Şemsiye Fonu,2.4131,8.6899,17.7136,29.4725,40.6808,203.2411,1362909065.72,2765.0,HSBC Portföy Yönetimi A.Ş.,1.0,2.0,False,False,False,False,False,Karma / değişken,3.27,2.14,0.0,-0.3537,False,False,2026-10-06
TTV,TACİRLER PORTFÖY VEGA SERBEST (TL)  FON,Serbest Şemsiye Fonu,2.1936,7.674,18.9251,29.6717,40.5802,239.0059,1855001135.79,28.0,Tacirler Portföy Yönetimi A.Ş.,3.0,2.0,False,True,False,False,False,Hisse (aktif),0.0,6.96,63.85,-0.4695,False,False,2026-10-06
AFA,AK PORTFÖY AMERİKA YABANCI HİSSE SENEDİ FONU,Hisse Senedi Şemsiye Fonu,1.7373,10.6335,31.8384,31.4171,40.4243,229.7998,5390211115.78,45563.0,Ak Portföy Yönetimi A.Ş.,2.0,6.0,False,False,False,False,False,Hisse (aktif),0.0,0.0,97.45,-9.3233,False,False,2026-10-06
MD1,MT PORTFÖY BİRİNCİ DEĞİŞKEN FON,Değişken Şemsiye Fonu,-19.0802,-14.1557,-2.4197,22.026,40.3587,,32252306.1,341.0,Mt Portföy Yönetimi A.Ş.,2.0,5.0,False,False,False,False,False,Hisse (aktif),0.0,13.73,60.71,-20.1846,True,False,2026-10-06
IV8,INVEO PORTFÖY KİRA SERTİFİKALARI KATILIM FONU,Katılım Şemsiye Fonu,2.7476,8.9782,18.2537,29.0697,40.3227,,33189087.37,115.0,Inveo Portföy Yönetimi A.Ş.,1.0,2.0,False,False,False,False,False,Kira sertifikası / katılım,46.44,19.61,0.0,-0.0412,True,False,2026-10-06
GNZ,AK PORTFÖY ING Z KUŞAĞI FON SEPETİ ÖZEL FONU,Fon Sepeti Şemsiye Fonu,2.5479,10.5801,25.9138,32.3764,40.2642,,2064314.69,430.0,Ak Portföy Yönetimi A.Ş.,0.0,6.0,False,False,False,True,False,,0.0,0.0,34.61,-11.3019,True,False,2026-10-06
CVE,AK PORTFÖY BİRİNCİ KAMU BORÇLANMA ARAÇLARI (TL) ÖZEL FONU,Borçlanma Araçları Şemsiye Fonu,2.4744,9.8269,20.2717,27.4716,40.2543,150.536,318186605.57,1.0,Ak Portföy Yönetimi A.Ş.,0.0,3.0,False,False,False,True,False,Kamu borçlanma (devlet tahvili),84.25,0.0,0.0,-2.775,True,False,2026-10-06
IRL,İSTANBUL PORTFÖY KEY SERBEST FON,Serbest Şemsiye Fonu,-3.8443,6.3976,15.2854,31.716,40.2141,179.0493,232631874.58,15.0,İstanbul Portföy Yönetimi A.Ş.,0.0,6.0,False,True,False,False,False,,0.0,4.81,34.87,-6.5762,True,False,2026-10-06
DPI,DENİZ PORTFÖY İSTATİSTİKSEL ARBİTRAJ HİSSE SENEDİ SERBEST FON (HİSSE SENEDİ YOĞUN FON),Serbest Şemsiye Fonu,2.7723,8.7936,18.4477,29.7172,40.068,243.8779,331265165.7,159.0,Deniz Portföy Yönetimi A.Ş.,2.0,2.0,False,True,False,False,False,Hisse (aktif),0.0,0.0,91.61,-0.4174,True,False,2026-10-06
HGM,HEDEF PORTFÖY İKİNCİ HİSSE SENEDİ (TL) FONU (HİSSE SENEDİ YOĞUN FON),Hisse Senedi Şemsiye Fonu,-9.2794,2.3894,1.8585,38.0374,40.0562,122.8701,,,,,,True,False,False,False,False,Hisse (aktif),,,,,False,False,
ROY,ROTA PORTFÖY BİRİNCİ KATILIM SERBEST FON,Serbest Şemsiye Fonu,3.2332,10.4076,21.026,30.5048,40.0405,,711867049.97,13.0,Rota Portföy Yönetimi A.Ş.,0.0,4.0,False,True,False,False,False,Kira sertifikası / katılım,0.0,1.24,0.0,-0.4193,False,False,2026-10-06
PID,PİRAMİT PORTFÖY DEĞİŞKEN FON,Değişken Şemsiye Fonu,-1.0181,5.978,16.11,32.0426,40.0304,,49716612.42,76.0,Piramit Portföy Yönetimi A.Ş.,2.0,5.0,False,False,False,False,False,Hisse (aktif),0.0,0.0,56.82,-2.9511,True,False,2026-10-06
GBV,GARANTİ PORTFÖY BLOCKCHAİN TEKNOLOJİLERİ DEĞİŞKEN FON,Değişken Şemsiye Fonu,-1.452,3.8673,30.1504,39.9546,39.9786,375.2792,2127573258.44,20376.0,Garanti Portföy Yönetimi A.Ş.,3.0,6.0,False,False,False,False,False,Hisse (aktif),0.0,7.74,83.16,-12.9084,False,False,2026-10-05
TAZ,AZİMUT PORTFÖY TAF HİSSE SENEDİ SERBEST ÖZEL FON (HİSSE SENEDİ YOĞUN FON),Serbest Şemsiye Fonu,-3.6506,1.173,9.3014,30.456,39.9409,,1145530641.42,2.0,Azimut Portföy Yönetimi A.Ş.,0.0,5.0,False,True,False,True,False,Hisse (aktif),1.71,1.38,82.48,-5.0005,False,False,2026-10-06
IDI,AZİMUT PORTFÖY İNŞAAT SEKTÖRÜ HİSSE SENEDİ FONU (HİSSE SENEDİ YOĞUN FON),Hisse Senedi Şemsiye Fonu,-12.0145,8.7159,12.9641,39.1081,39.8748,,28561709.77,616.0,Azimut Portföy Yönetimi A.Ş.,2.0,6.0,False,False,False,False,False,Hisse (aktif),0.0,0.0,92.5,-13.5323,True,False,2026-10-06
MET,GARANTİ PORTFÖY METAVERSE VE YENİ TEKNOLOJİLER DEĞİŞKEN FON,Değişken Şemsiye Fonu,4.5395,8.3049,28.1494,34.6376,39.8729,254.8452,786239622.91,6338.0,Garanti Portföy Yönetimi A.Ş.,3.0,6.0,False,False,False,False,False,Hisse (aktif),0.0,0.0,87.51,-10.0311,False,False,2026-10-06
RAV,ROTA PORTFÖY ALEV SERBEST FON,Serbest Şemsiye Fonu,-2.0826,2.6971,16.7833,27.1435,39.8507,,1117817444.77,12.0,Rota Portföy Yönetimi A.Ş.,0.0,5.0,False,True,False,False,False,,42.67,0.0,0.0,-6.6674,False,False,2026-10-06
AHV,AZİMUT PORTFÖY DENGELİ FON SEPETİ FONU,Fon Sepeti Şemsiye Fonu,-0.8997,6.2595,14.7233,30.2346,39.847,172.5022,133403662.06,178.0,Azimut Portföy Yönetimi A.Ş.,3.0,4.0,False,False,False,False,False,,0.0,0.0,0.0,-1.8668,True,False,2026-10-06
ZAY,KUVEYT TÜRK PORTFÖY SEPET HESAP PARA PİYASASI KATILIM (TL) FONU,Katılım Şemsiye Fonu,2.7957,8.8196,18.3012,29.318,39.812,276.4331,1112655404.25,3196.0,Kuveyt Türk Portföy Yönetimi A.Ş.,0.0,1.0,False,False,True,False,False,Para piyasası,0.0,0.49,0.0,0.0,False,False,2026-10-06
HYK,HEDEF PORTFÖY AKDENİZ SERBEST FON,Serbest Şemsiye Fonu,-3.5665,5.886,18.0237,35.4435,39.7699,104.7351,,,,,,True,True,False,False,False,,,,,,False,False,
DMG,DENİZ PORTFÖY GÜMÜŞ FON SEPETİ FONU,Fon Sepeti Şemsiye Fonu,-8.6818,5.1501,-14.1406,-7.3631,39.7597,346.9299,2724502433.09,14121.0,Deniz Portföy Yönetimi A.Ş.,2.0,7.0,False,False,False,False,False,Altın / kıymetli maden,0.0,0.0,13.0,-47.5765,False,False,2026-10-05
GZL,GARANTİ PORTFÖY TARIM VE GIDA SEKTÖRÜ DEĞİŞKEN FON,Değişken Şemsiye Fonu,-7.6745,0.406,5.6982,30.7521,39.724,84.4924,346317774.95,5848.0,Garanti Portföy Yönetimi A.Ş.,3.0,5.0,False,False,False,False,False,Hisse (aktif),0.0,1.77,81.8,-8.6863,True,False,2026-10-06
CVK,INVEO PORTFÖY ÇOKLU VARLIK KATILIM FONU,Katılım Şemsiye Fonu,2.4483,9.6341,17.6147,30.7941,39.6968,193.7996,121539051.45,1643.0,Inveo Portföy Yönetimi A.Ş.,2.0,3.0,False,False,False,False,False,Kira sertifikası / katılım,42.74,8.75,0.0,-1.1103,True,False,2026-10-06
PTF,QNB PORTFÖY TREND SERBEST FON,Serbest Şemsiye Fonu,2.0255,7.9379,16.2431,27.2771,39.6714,,777368950.89,251.0,QNB Portföy Yönetimi A.Ş.,1.0,2.0,False,True,False,False,False,,10.21,0.0,9.42,-0.5588,False,False,2026-10-06
AN1,STRATEJİ PORTFÖY BİRİNCİ DEĞİŞKEN FON,Değişken Şemsiye Fonu,-7.5084,1.7202,16.5194,32.9712,39.6597,168.2169,1085451687.75,2421.0,Strateji Portföy Yönetimi A.Ş.,2.0,5.0,False,False,False,False,False,Hisse (aktif),0.0,0.0,70.34,-9.8579,False,False,2026-10-06
SUC,ÜNLÜ PORTFÖY ÜÇÜNCÜ DEĞIŞKEN FON,Değişken Şemsiye Fonu,1.7317,9.6341,24.3678,30.6266,39.6532,211.1517,622232220.0,441.0,Ünlü Portföy Yönetimi A.Ş.,2.0,6.0,False,False,False,False,False,Hisse (aktif),0.0,0.0,72.72,-6.5956,False,False,2026-10-06
HOA,HSBC PORTFÖY TEKNOLOJİ DEĞİŞKEN FON,Değişken Şemsiye Fonu,3.5641,11.3144,30.7622,36.8631,39.6238,288.3487,1825488546.39,3152.0,HSBC Portföy Yönetimi A.Ş.,2.0,5.0,False,False,False,False,False,Hisse (aktif),0.0,7.05,75.24,-11.7478,False,False,2026-10-06
GO9,ONE PORTFÖY BİRİNCİ HİSSE SENEDİ FONU (HİSSE SENEDİ YOĞUN FON),Hisse Senedi Şemsiye Fonu,-15.0185,-9.2016,0.6411,27.8656,39.4648,,167007679.63,1132.0,One Portföy Yönetimi A.Ş.,2.0,6.0,False,False,False,False,False,Hisse (aktif),0.0,0.0,90.49,-16.3024,True,False,2026-10-06
YTD,YAPI KREDİ PORTFÖY YABANCI FON SEPETİ FONU,Fon Sepeti Şemsiye Fonu,3.8834,12.6573,36.5314,31.4765,39.4349,240.8203,1858924499.49,14401.0,Yapı Kredi Portföy Yönetimi A.Ş.,2.0,6.0,False,False,False,False,False,,0.0,0.0,0.0,-17.0927,False,False,2026-10-06
YKS,YAPI KREDİ PORTFÖY İSTANBUL SERBEST FON,Serbest Şemsiye Fonu,3.562,11.0637,21.5739,27.1274,39.348,193.8458,779309191.72,403.0,Yapı Kredi Portföy Yönetimi A.Ş.,2.0,2.0,False,True,False,False,False,,0.0,0.13,21.14,-4.8518,False,False,2026-10-06
OPB,OSMANLI PORTFÖY BİRİNCİ DEĞİŞKEN FON,Değişken Şemsiye Fonu,-2.5105,2.9725,12.5336,29.0152,39.3163,150.6445,48007933.28,384.0,Osmanlı Portföy Yönetimi A.Ş.,1.0,4.0,False,False,False,False,False,Karma / değişken,10.38,18.83,0.0,-4.401,True,False,2026-10-06
EYT,AKTİF PORTFÖY İKİNCİ FON SEPETİ FONU,Fon Sepeti Şemsiye Fonu,-1.6874,5.4256,10.7738,25.4119,39.31,,33244099.95,383.0,Aktif Portföy Yönetimi A.Ş.,2.0,3.0,False,False,False,False,False,,0.0,0.0,0.0,-3.6004,True,False,2026-10-06
TMU,AZİMUT PORTFÖY TEMKİNLİ FON SEPETİ FONU,Fon Sepeti Şemsiye Fonu,0.7649,7.2894,15.6926,28.4754,39.2788,,34870802.02,74.0,Azimut Portföy Yönetimi A.Ş.,2.0,2.0,False,False,False,False,False,,0.0,0.0,0.0,-1.0925,True,False,2026-10-06
HTJ,HEDEF PORTFÖY TEKNOLOJİ DEĞİŞKEN FON,Değişken Şemsiye Fonu,2.5851,13.9297,37.9473,38.0131,39.2307,,,,,,,True,False,False,False,False,Hisse (aktif),,,,,False,False,
FBZ,FİBA PORTFÖY TEKNOLOJİ SERBEST FON,Serbest Şemsiye Fonu,4.7052,11.5549,36.8347,35.7035,39.1855,205.5452,263603191.56,355.0,Fiba Portföy Yönetimi A.Ş.,3.0,6.0,False,True,False,False,False,Hisse (aktif),0.0,0.0,80.14,-12.5264,True,False,2026-10-06
YCY,İSTANBUL PORTFÖY KATILIM FON SEPETİ FONU,Fon Sepeti Şemsiye Fonu,1.2422,7.3231,16.7957,29.2558,39.1152,179.5575,403306285.9,235.0,İstanbul Portföy Yönetimi A.Ş.,2.0,2.0,False,False,False,False,False,Kira sertifikası / katılım,0.0,0.0,0.0,-0.692,True,False,2026-10-06
KME,KUVEYT TÜRK PORTFÖY TEMKİNLİ KATILIM FONU,Katılım Şemsiye Fonu,0.9098,4.3209,13.7559,28.3421,38.9903,,127633856.56,1153.0,Kuveyt Türk Portföy Yönetimi A.Ş.,1.0,2.0,False,False,False,False,False,Kira sertifikası / katılım,0.0,0.0,1.7,-2.2448,True,False,2026-10-06
HEH,HEDEF PORTFÖY ALGO EVEREST İSTATİSTİKSEL ARBİTRAJ HİSSE SENEDİ SERBEST FON (HİSSE SENEDİ YOĞUN FON),Serbest Şemsiye Fonu,2.2337,7.3484,19.2565,28.434,38.9681,263.2624,,,,,,True,True,False,False,False,Hisse (aktif),,,,,False,False,
IAT,İŞ PORTFÖY KİRA SERTİFİKALARI KATILIM (TL) FONU,Katılım Şemsiye Fonu,2.2716,8.3451,17.4085,27.8386,38.8964,194.8149,2146420225.84,8750.0,İş Portföy Yönetimi A.Ş.,1.0,1.0,False,False,False,False,False,Kira sertifikası / katılım,43.03,56.97,0.0,-0.2196,False,False,2026-10-06
IBB,İŞ PORTFÖY ATAK DEĞİŞKEN FON,Değişken Şemsiye Fonu,3.5921,6.2701,18.2491,21.191,38.8685,170.5938,1379228566.8,8378.0,İş Portföy Yönetimi A.Ş.,2.0,5.0,False,False,False,False,False,Karma / değişken,4.5,0.02,0.0,-3.3063,False,False,2026-10-06
IFY,İSTANBUL PORTFÖY ÖPY BİRİNCİ SERBEST ÖZEL FON,Serbest Şemsiye Fonu,-3.7747,2.8188,13.193,29.8618,38.7642,185.9609,96320279.47,1.0,İstanbul Portföy Yönetimi A.Ş.,0.0,5.0,False,True,False,True,False,,0.0,0.0,0.0,-6.2201,True,False,2026-10-06
KGM,KUVEYT TÜRK PORTFÖY GÜMÜŞ KATILIM FON SEPETİ FONU,Fon Sepeti Şemsiye Fonu,-9.265,5.3685,-13.7163,-8.0878,38.7392,,2663946977.02,28934.0,Kuveyt Türk Portföy Yönetimi A.Ş.,2.0,6.0,False,False,False,False,False,Altın / kıymetli maden,0.0,0.0,0.0,-47.659,False,False,2026-10-05
GYC,GARANTİ PORTFÖY YİRMİBEŞİNCİ SERBEST ÖZEL FON,Serbest Şemsiye Fonu,2.7394,8.7444,18.0066,,38.6863,209.9839,21388745290.87,1.0,Garanti Portföy Yönetimi A.Ş.,0.0,3.0,False,True,False,True,False,,14.13,0.23,0.0,-0.0062,False,False,2026-10-06
YPR,AZİMUT PORTFÖY YILDIZ PAZAR ŞİRKETLERİ HİSSE SENEDİ FONU (HİSSE SENEDİ YOĞUN FON),Hisse Senedi Şemsiye Fonu,-7.0645,-0.1736,5.8127,25.2953,38.6624,,62227868.64,259.0,Azimut Portföy Yönetimi A.Ş.,2.0,6.0,False,False,False,False,False,Hisse (aktif),0.0,0.0,85.07,-12.0991,True,False,2026-10-06
PUA,AZİMUT PORTFÖY ADEMİR SERBEST (TL) ÖZEL FON,Serbest Şemsiye Fonu,-4.1413,3.7628,12.1432,27.4128,38.6593,178.81,4960255201.36,1.0,Azimut Portföy Yönetimi A.Ş.,0.0,5.0,False,True,False,True,False,Hisse (aktif),1.76,4.84,54.05,-5.4832,False,False,2026-10-06
IJP,İŞ PORTFÖY BLOCKCHAİN TEKNOLOJİLERİ KARMA FON,Karma Şemsiye Fonu,-0.5917,6.8156,27.9184,36.007,38.6212,266.5147,606728991.36,11982.0,İş Portföy Yönetimi A.Ş.,3.0,6.0,False,False,False,False,False,Hisse (aktif),0.0,21.03,77.66,-8.2828,False,False,2026-10-06
KIK,KUVEYT TÜRK PORTFÖY İKİNCİ KATILIM FONU,Katılım Şemsiye Fonu,1.8691,4.2613,19.3361,34.998,38.5695,,156582780.39,1255.0,Kuveyt Türk Portföy Yönetimi A.Ş.,2.0,6.0,False,False,False,False,False,Hisse (aktif),0.0,0.0,84.43,-11.0899,True,False,2026-10-06
BVT,AZİMUT PORTFÖY GÜNEY SERBEST ÖZEL FON,Serbest Şemsiye Fonu,-3.0536,4.3975,12.5559,28.73,38.379,159.7213,20783657.83,10.0,Azimut Portföy Yönetimi A.Ş.,0.0,5.0,False,True,False,True,False,Hisse (aktif),0.0,0.0,52.46,-8.4248,True,False,2026-10-06
KTM,KUVEYT TÜRK PORTFÖY BİRİNCİ KATILIM (TL) FONU,Katılım Şemsiye Fonu,-3.5481,3.8965,12.9949,28.877,38.3435,179.7109,640132598.66,5600.0,Kuveyt Türk Portföy Yönetimi A.Ş.,2.0,3.0,False,False,False,False,False,Kira sertifikası / katılım,45.73,0.0,28.69,-5.6655,False,False,2026-10-06
BOL,AKTİF PORTFÖY BORÇLANMA ARAÇLARI FONU,Borçlanma Araçları Şemsiye Fonu,2.3164,9.6917,14.4632,24.2461,38.28,,103230955.21,253.0,Aktif Portföy Yönetimi A.Ş.,1.0,3.0,False,False,False,False,False,Kamu borçlanma (devlet tahvili),87.64,5.11,0.0,-2.3289,True,False,2026-10-06
ONE,AKTİF PORTFÖY BİRİNCİ HİSSE SENEDİ SERBEST (TL) FON (HİSSE SENEDİ YOĞUN FON),Serbest Şemsiye Fonu,-6.9311,-4.4643,-2.2074,18.8304,38.2698,,25400281.33,611.0,Aktif Portföy Yönetimi A.Ş.,2.0,6.0,False,True,False,False,False,Hisse (aktif),0.0,0.0,95.56,-11.4909,True,False,2026-10-06
BRF,DENİZ PORTFÖY BİRİNCİ FON SEPETİ FONU,Fon Sepeti Şemsiye Fonu,-3.3029,4.2391,14.2996,30.7263,38.2269,,79125231.91,1014.0,Deniz Portföy Yönetimi A.Ş.,2.0,5.0,False,False,False,False,False,,0.0,0.0,0.0,-11.2693,True,False,2026-10-06
IKP,İŞ PORTFÖY YENİLENEBİLİR ENERJİ KARMA FON,Karma Şemsiye Fonu,-3.5804,-1.2972,8.6854,30.5535,38.2241,224.2916,978559393.11,11626.0,İş Portföy Yönetimi A.Ş.,3.0,6.0,False,False,False,False,False,Hisse (aktif),0.0,21.29,74.1,-7.2411,False,False,2026-10-06
RUT,BV PORTFÖY ROBOTİK VE UZAY TEKNOLOJİLERİ DEĞİŞKEN FON,Değişken Şemsiye Fonu,0.3258,4.0259,26.3485,35.2376,38.2229,,129690514.84,3847.0,Bv Portföy Yönetimi A.Ş.,3.0,5.0,False,False,False,False,False,Hisse (aktif),0.0,3.87,84.77,-10.3092,True,False,2026-10-06
FZP,FİBA PORTFÖY SERBEST FON,Serbest Şemsiye Fonu,0.3711,6.3652,15.1625,26.5572,38.1185,233.191,776551410.81,492.0,Fiba Portföy Yönetimi A.Ş.,1.0,2.0,False,True,False,False,False,,24.06,17.56,13.29,-1.383,False,False,2026-10-06
KBP,KUVEYT TÜRK PORTFÖY PY KATILIM HİSSE SENEDİ SERBEST ÖZEL FON (HİSSE SENEDİ YOĞUN FON),Serbest Şemsiye Fonu,-7.3486,0.2613,8.5936,30.9991,38.0511,,312927045.25,5.0,Kuveyt Türk Portföy Yönetimi A.Ş.,0.0,5.0,False,True,False,True,False,Hisse (aktif),0.0,0.0,75.28,-12.459,True,False,2026-10-06
MPE,MT PORTFÖY PARA PİYASASI KATILIM (TL) FONU,Katılım Şemsiye Fonu,2.5691,5.0061,15.3042,26.7535,38.0264,,16975381.33,95.0,Mt Portföy Yönetimi A.Ş.,0.0,1.0,False,False,False,False,False,Para piyasası,0.0,0.0,0.0,-3.5717,True,False,2026-10-05
INZ,INVEO PORTFÖY İSTATİSTİKSEL ARBİTRAJ SERBEST (TL) FON,Serbest Şemsiye Fonu,3.4137,10.8937,21.1466,30.2654,37.9772,176.0317,125277771.46,16.0,Inveo Portföy Yönetimi A.Ş.,0.0,3.0,False,True,False,False,False,,0.0,0.0,20.74,-0.5994,True,False,2026-10-06
NBE,NEO PORTFÖY BEŞİNCİ SERBEST FON,Serbest Şemsiye Fonu,1.7589,7.8209,15.8341,27.2996,37.9498,,468617219.03,9.0,Neo Portföy Yönetimi A.Ş.,0.0,4.0,False,True,False,False,False,,0.0,0.0,0.0,-0.6885,True,False,2026-10-06
GBZ,AZİMUT PORTFÖY EMTİA FON SEPETİ FONU,Fon Sepeti Şemsiye Fonu,-2.0066,13.1642,9.8899,30.6803,37.8194,160.5671,1040239733.15,2777.0,Azimut Portföy Yönetimi A.Ş.,3.0,6.0,False,False,False,False,False,,0.0,0.0,0.0,-12.1784,False,False,2026-10-06
HDS,HEDEF PORTFÖY SERBEST (TL) FON,Serbest Şemsiye Fonu,2.0393,7.9947,16.1441,26.9016,37.7808,215.5395,,,,,,True,True,False,False,False,,,,,,False,False,
HIM,HEDEF PORTFÖY BİRİNCİ İSTATİSTİKSEL ARBİTRAJ HİSSE SENEDİ SERBEST FON (HİSSE SENEDİ YOĞUN FON),Serbest Şemsiye Fonu,2.5622,7.7505,17.8016,27.7062,37.7073,241.9514,,,,,,True,True,False,False,False,Hisse (aktif),,,,,False,False,
GO1,ONE PORTFÖY BİRİNCİ FON SEPETİ FONU,Fon Sepeti Şemsiye Fonu,-5.4996,1.2962,8.4736,25.0455,37.686,246.1027,25768803.72,524.0,One Portföy Yönetimi A.Ş.,1.0,3.0,False,False,False,False,False,,0.05,0.0,0.0,-6.0596,True,False,2026-10-06
YCH,YAPI KREDİ PORTFÖY ODEABANK AYRICALIKLI VE ÖZEL BANKACILIK FON SEPETİ ÖZEL FONU,Fon Sepeti Şemsiye Fonu,0.6082,7.8944,16.4494,27.7943,37.6503,168.3658,106016329.09,108.0,Yapı Kredi Portföy Yönetimi A.Ş.,0.0,3.0,False,False,False,True,False,Hisse (aktif),0.0,5.15,6.56,-2.346,True,False,2026-10-06
IPJ,İŞ PORTFÖY ELEKTRİKLİ ARAÇLAR KARMA FON,Karma Şemsiye Fonu,-0.6002,2.3558,12.9414,30.2944,37.6502,171.984,1217884621.88,17218.0,İş Portföy Yönetimi A.Ş.,3.0,6.0,False,False,False,False,False,Hisse (aktif),0.0,20.43,72.92,-12.6799,False,False,2026-10-06
GPB,GARANTİ PORTFÖY BİRİNCİ DEĞİŞKEN FON,Değişken Şemsiye Fonu,1.3097,8.0526,15.566,27.0386,37.5941,208.7275,1248989228.53,9380.0,Garanti Portföy Yönetimi A.Ş.,2.0,2.0,False,False,False,False,False,Karma / değişken,21.13,22.43,11.95,-1.8821,False,False,2026-10-06
TVN,TRIVE PORTFÖY BİRİNCİ FON SEPETİ FONU,Fon Sepeti Şemsiye Fonu,-2.9847,7.8684,20.9489,31.2013,37.5285,180.1133,6531839.15,402.0,Trive Portföy Yönetimi A.Ş.,3.0,5.0,False,False,False,False,False,Hisse (aktif),0.0,0.0,63.38,-5.7578,True,False,2026-10-06
RKS,ROTA PORTFÖY KİRA SERTİFİKALARI KATILIM FONU,Katılım Şemsiye Fonu,2.9365,5.0518,14.9232,26.1421,37.4915,,93167722.0,124.0,Rota Portföy Yönetimi A.Ş.,1.0,2.0,False,False,False,False,False,Kira sertifikası / katılım,5.68,79.71,0.0,-3.844,True,False,2026-10-06
TMG,İŞ PORTFÖY YABANCI HİSSE SENEDİ FONU,Hisse Senedi Şemsiye Fonu,2.0503,10.5065,27.2827,29.1079,37.4904,232.7785,5132967944.04,34514.0,İş Portföy Yönetimi A.Ş.,3.0,6.0,False,False,False,False,False,Hisse (aktif),0.02,0.21,88.26,-8.6567,False,False,2026-10-06
UPS,ÜNLÜ PORTFÖY SESA SERBEST ÖZEL FON,Serbest Şemsiye Fonu,-1.144,5.5974,8.4948,17.9265,37.4842,-85.6336,1050916456.61,1.0,Ünlü Portföy Yönetimi A.Ş.,0.0,7.0,False,True,False,True,False,,0.0,0.0,13.21,-2.8335,False,False,2026-10-06
SPN,AZİMUT PORTFÖY İSTATİSTİKSEL ARBİTRAJ HİSSE SENEDİ SERBEST FON (HİSSE SENEDİ YOĞUN FON),Serbest Şemsiye Fonu,2.5907,7.9386,17.7726,27.2586,37.4052,212.1834,1115355121.95,290.0,Azimut Portföy Yönetimi A.Ş.,2.0,2.0,False,True,False,False,False,Hisse (aktif),0.0,7.48,84.78,-0.9253,False,False,2026-10-06
PGD,ASTRA PORTFÖY AGRESİF DEĞİŞKEN FON,Değişken Şemsiye Fonu,0.6889,4.2099,17.8106,27.9767,37.353,,145590719.37,118.0,Astra Portföy Yönetimi A.Ş.,2.0,2.0,False,False,False,False,False,Hisse (aktif),0.0,6.53,56.47,-2.603,True,False,2026-10-06
KSR,KUVEYT TÜRK PORTFÖY SÜRDÜRÜLEBİLİRLİK KATILIM FONU,Katılım Şemsiye Fonu,2.8235,9.3365,21.3005,33.4685,37.3252,155.9969,167575689.84,3628.0,Kuveyt Türk Portföy Yönetimi A.Ş.,2.0,5.0,False,False,False,False,False,Hisse (aktif),0.0,8.9,83.13,-6.2008,True,False,2026-10-06
YAN,YAPI KREDİ PORTFÖY BİRİNCİ FON SEPETİ FONU,Fon Sepeti Şemsiye Fonu,2.6243,9.3005,17.7072,27.507,37.3229,128.4343,1901592100.72,3496.0,Yapı Kredi Portföy Yönetimi A.Ş.,2.0,4.0,False,False,False,False,False,,0.0,3.04,0.0,-1.7746,False,False,2026-10-06
BV1,BV PORTFÖY BİRİNCİ HİSSE SENEDİ (TL) FON (HİSSE SENEDİ YOĞUN FON),Hisse Senedi Şemsiye Fonu,-12.6639,-2.3205,0.7844,15.2868,37.2816,,46010863.62,328.0,Bv Portföy Yönetimi A.Ş.,2.0,6.0,False,False,False,False,False,Hisse (aktif),0.0,2.31,95.04,-15.6883,True,False,2026-10-06
FMG,QNB PORTFÖY GÜMÜŞ SERBEST FON,Serbest Şemsiye Fonu,-10.2488,1.9732,-15.1409,-8.8231,37.2145,,11699266655.96,9513.0,QNB Portföy Yönetimi A.Ş.,2.0,6.0,False,True,False,False,False,Altın / kıymetli maden,0.0,0.0,32.15,-48.5397,False,False,2026-10-05
GZG,GARANTİ PORTFÖY SAĞLIK VE GENETİK TEKNOLOJİLERİ DEĞİŞKEN FON,Değişken Şemsiye Fonu,-5.1537,-0.3444,23.3982,27.5474,37.1047,124.4706,372677953.91,3828.0,Garanti Portföy Yönetimi A.Ş.,3.0,6.0,False,False,False,False,False,Hisse (aktif),0.0,0.0,84.88,-6.6633,True,False,2026-10-06
OBI,OYAK PORTFÖY İKİNCİ BORÇLANMA ARAÇLARI (TL) FONU,Borçlanma Araçları Şemsiye Fonu,1.6147,8.6887,19.056,21.2101,37.0663,168.027,238678271.82,451.0,Oyak Portföy Yönetimi A.Ş.,1.0,3.0,False,False,False,False,False,Kamu borçlanma (devlet tahvili),93.35,0.17,0.0,-4.7876,True,False,2026-10-06
ZDD,ZİRAAT PORTFÖY TEMKİNLİ DEĞİŞKEN FON,Değişken Şemsiye Fonu,0.3694,7.4872,14.6781,25.8206,36.9499,195.8724,522405320.62,1398.0,Ziraat Portföy Yönetimi A.Ş.,2.0,4.0,False,False,False,False,False,Karma / değişken,38.22,1.04,9.0,-2.046,False,False,2026-10-06
YZF,YAPI KREDİ PORTFÖY PY ERENKÖY  SERBEST (DÖVIZ) ÖZEL FON,Serbest Şemsiye Fonu,-0.3839,5.721,16.6117,24.17,36.9456,200.7636,458126976.37,1.0,Yapı Kredi Portföy Yönetimi A.Ş.,0.0,,False,True,False,True,False,Eurobond / döviz,0.0,60.53,0.0,-3.8779,True,False,2026-10-06
BPD,BULLS PORTFÖY BİRİNCİ SERBEST (DÖVİZ) FON,Serbest Şemsiye Fonu,1.9863,8.8174,18.7711,28.5445,36.9437,,,,,,,True,True,False,False,False,Eurobond / döviz,,,,,False,False,
IPK,İŞ PORTFÖY KOS SERBEST ÖZEL FON,Serbest Şemsiye Fonu,4.3777,14.4639,32.6377,29.6158,36.9265,239.561,3318103216.5,1.0,İş Portföy Yönetimi A.Ş.,0.0,,False,True,False,True,False,Hisse (aktif),0.0,0.0,68.91,-9.1986,False,False,2026-10-06
NHV,NUROL PORTFÖY BİRİNCİ SERBEST (TL) ÖZEL FON,Serbest Şemsiye Fonu,2.9031,8.2045,14.8776,21.3123,36.7752,223.8707,8528497657.68,2.0,Nurol Portföy Yönetimi A.Ş.,0.0,4.0,False,True,False,True,False,,0.0,9.89,0.0,-3.3775,False,False,2026-10-06
IPE,İŞ PORTFÖY ANADOLU SİGORTA SERBEST ÖZEL FON,Serbest Şemsiye Fonu,2.1951,9.2643,10.6053,20.1481,36.7471,88.5186,4182645114.37,3.0,İş Portföy Yönetimi A.Ş.,0.0,,False,True,False,True,False,,7.82,2.36,14.24,-3.7004,False,False,2026-10-06
RCV,AZİMUT PORTFÖY BİRİNCİ ÇOKLU VARLIK KATILIM FONU,Katılım Şemsiye Fonu,-2.8539,4.7134,13.1285,28.925,36.7414,,62385722.4,101.0,Azimut Portföy Yönetimi A.Ş.,2.0,4.0,False,False,False,False,False,Kira sertifikası / katılım,3.31,48.01,39.78,-5.3877,True,False,2026-10-06
GTF,AZİMUT PYŞ BİRİNCİ BORÇLANMA ARAÇLARI FONU,Borçlanma Araçları Şemsiye Fonu,1.8744,7.0065,13.7029,21.9423,36.7308,181.1555,142374341.66,465.0,Azimut Portföy Yönetimi A.Ş.,1.0,3.0,False,False,False,False,False,Kamu borçlanma (devlet tahvili),68.97,27.99,0.0,-1.9655,True,False,2026-10-06
DBP,DENİZ PORTFÖY BİRİNCİ DEĞİŞKEN FON,Değişken Şemsiye Fonu,-0.819,4.887,13.0825,27.1076,36.632,151.2167,159996547.24,997.0,Deniz Portföy Yönetimi A.Ş.,1.0,5.0,False,False,False,False,False,Karma / değişken,6.14,7.37,11.29,-3.4409,True,False,2026-10-06
OMG,AZİMUT PORTFÖY İKİNCİ HİSSE SENEDİ FONU (HİSSE SENEDİ YOĞUN FON),Hisse Senedi Şemsiye Fonu,-7.0959,-0.816,5.2549,29.4023,36.5736,,1115695867.56,598.0,Azimut Portföy Yönetimi A.Ş.,2.0,6.0,False,False,False,False,False,Hisse (aktif),0.0,0.0,86.09,-9.721,False,False,2026-10-06
HZV,AK PORTFÖY HEZ SERBEST ÖZEL FON,Serbest Şemsiye Fonu,1.4609,7.9824,15.9897,25.7216,36.5683,187.7638,1078004419.26,3.0,Ak Portföy Yönetimi A.Ş.,0.0,5.0,False,True,False,True,False,,0.0,8.08,14.15,-2.6397,False,False,2026-10-06
DYS,DENİZ PORTFÖY SAM YELİ SERBEST FON,Serbest Şemsiye Fonu,2.8086,9.1609,18.636,31.932,36.5377,,20125852.4,13.0,Deniz Portföy Yönetimi A.Ş.,0.0,4.0,False,True,False,False,False,,0.0,0.0,0.0,-0.2199,True,False,2026-10-06
IJA,INVEO PORTFÖY ATAK DEĞİŞKEN FON,Değişken Şemsiye Fonu,-5.244,-2.2474,4.3495,19.7656,36.4902,167.5333,155120226.28,1080.0,Inveo Portföy Yönetimi A.Ş.,2.0,5.0,False,False,False,False,False,Hisse (aktif),9.12,13.32,58.8,-8.7835,True,False,2026-10-06
TCS,TACİRLER PORTFÖY SİRİUS HİSSE SENEDİ SERBEST FON (HİSSE SENEDİ YOĞUN FON),Serbest Şemsiye Fonu,-10.6607,-4.3385,1.9243,25.0324,36.4318,113.4528,1353095232.27,44.0,Tacirler Portföy Yönetimi A.Ş.,0.0,7.0,False,True,False,False,False,Hisse (aktif),0.0,0.0,87.94,-19.2468,False,False,2026-10-06
KEI,KUVEYT TÜRK PORTFÖY KATILIM EMEKLİLİK İKİNCİ KATILIM SERBEST ÖZEL FON,Serbest Şemsiye Fonu,-6.2245,2.5892,10.0789,29.9302,36.4009,,327342484.57,1.0,Kuveyt Türk Portföy Yönetimi A.Ş.,0.0,5.0,False,True,False,True,False,Hisse (aktif),0.0,0.0,65.84,-10.0999,True,False,2026-10-06
GJB,INVEO PORTFÖY BİRİNCİ FON SEPETİ FONU,Fon Sepeti Şemsiye Fonu,-3.9318,-1.5689,5.2156,18.3558,36.2628,147.4455,67274319.64,783.0,Inveo Portföy Yönetimi A.Ş.,2.0,5.0,False,False,False,False,False,,0.0,0.0,0.0,-8.4348,True,False,2026-10-06
GBC,AZİMUT PORTFÖY YABANCI HİSSE SENEDİ FONU,Hisse Senedi Şemsiye Fonu,3.6413,8.5669,26.0106,31.4489,36.233,192.0199,292385102.99,1535.0,Azimut Portföy Yönetimi A.Ş.,2.0,6.0,False,False,False,False,False,Hisse (aktif),0.0,0.0,86.22,-8.985,True,False,2026-10-06
PUT,AK PORTFÖY ÖPY BEŞİNCİ SERBEST ÖZEL FON,Serbest Şemsiye Fonu,1.3086,7.8102,13.3458,22.7331,36.2114,236.2478,7207347297.72,1.0,Ak Portföy Yönetimi A.Ş.,0.0,4.0,False,True,False,True,False,,7.76,0.15,0.0,-2.4802,False,False,2026-10-06
ILZ,İŞ PORTFÖY TEMKİNLİ FON SEPETİ FONU,Fon Sepeti Şemsiye Fonu,2.8359,8.556,15.0102,18.9032,36.1682,223.8776,1055848095.55,6092.0,İş Portföy Yönetimi A.Ş.,3.0,2.0,False,False,False,False,False,,0.0,2.52,0.0,-2.5211,False,False,2026-10-06
KRF,KARE PORTFÖY BİRİNCİ DEĞİŞKEN FON,Değişken Şemsiye Fonu,-2.1361,5.7639,12.6677,24.9164,36.1104,211.7189,38263030.64,501.0,Kare Portföy Yönetimi A.Ş.,2.0,5.0,False,False,False,False,False,Karma / değişken,0.0,10.96,33.24,-5.4202,True,False,2026-10-06
IYR,İŞ PORTFÖY HEDEF SERBEST FON,Serbest Şemsiye Fonu,3.0188,8.4903,15.0801,20.4784,36.0765,96.7041,,,,,,True,True,False,False,False,,,,,,False,False,
BNC,AK PORTFÖY BEŞİNCİ SERBEST FON,Serbest Şemsiye Fonu,1.9575,9.0606,16.1415,22.5259,36.0593,,652036275.78,225.0,Ak Portföy Yönetimi A.Ş.,1.0,4.0,False,True,False,False,False,,81.41,3.21,0.0,-4.7562,False,False,2026-10-06
DPT,DENİZ PORTFÖY BİST TEMETTÜ 25 ENDEKSİ HİSSE SENEDİ FONU ( HİSSE SENEDİ YOĞUN FON ),Hisse Senedi Şemsiye Fonu,-5.2383,5.2771,6.2983,28.349,36.0567,89.4377,305933668.12,4819.0,Deniz Portföy Yönetimi A.Ş.,2.0,6.0,False,False,False,False,False,BIST endeks hisse,0.0,0.0,96.51,-11.1115,True,False,2026-10-06
LTC,AK PORTFÖY BİRİNCİ İSTATİSTİKSEL ARBİTRAJ HİSSE SENEDİ SERBEST FON (HİSSE SENEDİ YOĞUN FON),Serbest Şemsiye Fonu,2.4316,7.3141,16.7678,26.0804,36.0123,,16019067.5,302.0,Ak Portföy Yönetimi A.Ş.,0.0,2.0,False,True,False,False,False,Hisse (aktif),0.0,0.0,81.96,-0.5816,True,False,2026-10-06
OIR,OSMANLI PORTFÖY DENGELİ FON SEPETİ FONU,Fon Sepeti Şemsiye Fonu,-0.5135,5.9581,12.6148,24.7029,36.01,215.0279,17354174.12,184.0,Osmanlı Portföy Yönetimi A.Ş.,2.0,3.0,False,False,False,False,False,,0.0,0.0,0.0,-2.6711,True,False,2026-10-06
HKG,ZİRAAT PORTFÖY HALK'IN ÜRETEN KADINLARI DEĞİŞKEN FON,Değişken Şemsiye Fonu,-6.9977,8.5482,9.0479,22.2336,35.9579,,36421848.51,1063.0,Ziraat Portföy Yönetimi A.Ş.,2.0,6.0,False,False,False,False,False,Hisse (aktif),0.0,0.0,91.06,-12.715,True,False,2026-10-06
OKD,OYAK PORTFÖY BİRİNCİ DEĞİŞKEN FON,Değişken Şemsiye Fonu,-4.541,3.7656,8.6083,25.0812,35.9444,144.8846,82296384.99,907.0,Oyak Portföy Yönetimi A.Ş.,2.0,6.0,False,False,False,False,False,Hisse (aktif),7.87,13.48,57.1,-7.8521,True,False,2026-10-06
GUM,AK PORTFÖY GÜMÜŞ FON SEPETI FONU,Fon Sepeti Şemsiye Fonu,-9.8908,4.8925,-15.3832,-9.4527,35.8886,333.2381,5991864017.24,49934.0,Ak Portföy Yönetimi A.Ş.,3.0,7.0,False,False,False,False,False,Altın / kıymetli maden,0.0,0.0,0.0,-48.6092,False,False,2026-10-06
IOG,İŞ PORTFÖY GÜMÜŞ SERBEST FON,Serbest Şemsiye Fonu,-8.464,5.1835,-13.8506,-9.6908,35.8579,377.6064,10980820744.43,17344.0,İş Portföy Yönetimi A.Ş.,3.0,7.0,False,True,False,False,False,Altın / kıymetli maden,0.0,0.0,0.0,-48.3412,False,False,2026-10-05
MJG,AKTİF PORTFÖY GÜMÜŞ FON SEPETİ FONU,Fon Sepeti Şemsiye Fonu,-8.4066,5.3749,-12.637,-9.6591,35.8533,354.2338,789292311.77,6406.0,Aktif Portföy Yönetimi A.Ş.,3.0,7.0,False,False,False,False,False,Altın / kıymetli maden,0.0,0.0,0.0,-48.4844,False,False,2026-10-05
DBB,DENİZ PORTFÖY BORÇLANMA ARAÇLARI FONU,Borçlanma Araçları Şemsiye Fonu,1.8839,8.6776,16.3012,22.7477,35.8495,164.1386,282639204.73,1956.0,Deniz Portföy Yönetimi A.Ş.,1.0,3.0,False,False,False,False,False,Kamu borçlanma (devlet tahvili),85.12,12.36,0.0,-2.4314,True,False,2026-10-06
OBP,OYAK PORTFÖY İKİNCİ DEĞİŞKEN FON,Değişken Şemsiye Fonu,-0.7912,5.7102,12.5903,21.742,35.7927,169.5719,37037852.19,795.0,Oyak Portföy Yönetimi A.Ş.,1.0,4.0,False,False,False,False,False,Karma / değişken,65.62,3.01,17.86,-7.4646,True,False,2026-10-06
TZT,ZİRAAT PORTFÖY BORÇLANMA ARAÇLARI (TL) FONU,Borçlanma Araçları Şemsiye Fonu,2.0649,7.8299,13.2924,19.6908,35.7555,164.9808,329619377.93,5745.0,Ziraat Portföy Yönetimi A.Ş.,1.0,3.0,False,False,False,False,False,Kamu borçlanma (devlet tahvili),79.62,10.35,0.0,-2.1874,True,False,2026-10-06
USY,ÜNLÜ PORTFÖY DEĞER YATIRIMLARI SERBEST FON,Serbest Şemsiye Fonu,-0.4459,5.9572,13.5009,21.7185,35.7442,167.824,1247729029.19,330.0,Ünlü Portföy Yönetimi A.Ş.,2.0,6.0,False,True,False,False,False,,10.07,1.29,11.61,-3.0198,False,False,2026-10-06
IBM,İSTANBUL PORTFÖY MUTLAK GETİRİ HEDEFLİ SERBEST FON,Serbest Şemsiye Fonu,0.7014,4.7768,14.8391,27.4536,35.7142,133.004,,,,,,True,True,False,False,False,,,,,,False,False,
PDD,ASTRA PORTFÖY KATILIM FONU,Katılım Şemsiye Fonu,1.4258,6.1336,16.0897,26.3732,35.6764,176.0033,767078659.69,144.0,Astra Portföy Yönetimi A.Ş.,1.0,3.0,False,False,False,False,False,Kira sertifikası / katılım,0.0,37.05,0.0,-0.4355,False,False,2026-10-06
YZG,YAPI KREDİ PORTFÖY GÜMÜŞ FON SEPETİ FONU,Fon Sepeti Şemsiye Fonu,-9.6887,4.4296,-15.7419,-9.5885,35.6674,344.5272,9815156791.82,56455.0,Yapı Kredi Portföy Yönetimi A.Ş.,2.0,7.0,False,False,False,False,False,Altın / kıymetli maden,0.0,0.0,0.7,-50.7228,False,False,2026-10-06
YSO,YAPI KREDİ PORTFÖY SAĞLIK SEKTÖRÜ SERBEST FON,Serbest Şemsiye Fonu,-8.441,3.5731,23.1098,23.5094,35.6485,,77369604.95,376.0,Yapı Kredi Portföy Yönetimi A.Ş.,2.0,6.0,False,True,False,False,False,,0.0,0.0,24.45,-9.1192,True,False,2026-10-06
TCH,TACİRLER PORTFÖY TAÇ SERBEST FON,Serbest Şemsiye Fonu,0.1194,6.3564,13.9436,23.8633,35.6407,,239082966.66,58.0,Tacirler Portföy Yönetimi A.Ş.,0.0,3.0,False,True,False,False,False,,2.53,70.14,16.33,-1.3402,True,False,2026-10-06
TZH,ZİRAAT PORTFÖY TZH SERBEST ÖZEL FON,Serbest Şemsiye Fonu,-0.2574,7.1248,13.7993,24.9543,35.5784,230.0282,64890682433.85,1.0,Ziraat Portföy Yönetimi A.Ş.,0.0,3.0,False,True,False,True,False,,4.29,0.12,13.81,-2.1712,False,False,2026-10-06
KRC,KARE PORTFÖY BİRİNCİ BORÇLANMA ARAÇLARI FONU,Borçlanma Araçları Şemsiye Fonu,2.699,9.1652,18.3606,22.1136,35.5311,208.6672,28158292.4,136.0,Kare Portföy Yönetimi A.Ş.,1.0,2.0,False,False,False,False,False,Kamu borçlanma (devlet tahvili),65.86,29.84,0.0,-4.3682,True,False,2026-10-06
YOT,YAPI KREDİ PORTFÖY BORÇLANMA ARAÇLARI FONU,Borçlanma Araçları Şemsiye Fonu,1.472,8.0479,16.1241,20.959,35.4043,159.3826,1631163107.74,9649.0,Yapı Kredi Portföy Yönetimi A.Ş.,1.0,4.0,False,False,False,False,False,Kamu borçlanma (devlet tahvili),87.76,0.46,0.36,-3.8196,False,False,2026-10-06
GTK,GARANTİ PORTFÖY KAMU BORÇLANMA ARAÇLARI ÖZEL FONU,Borçlanma Araçları Şemsiye Fonu,1.0288,6.2937,15.6446,23.7144,35.3649,131.7681,28982285895.02,1.0,Garanti Portföy Yönetimi A.Ş.,0.0,4.0,False,False,False,True,False,Kamu borçlanma (devlet tahvili),89.75,0.0,0.0,-1.0257,False,False,2026-10-06
YHZ,YAPI KREDİ PORTFÖY BIST TEKNOLOJİ AĞIRLIK SINIRLAMALI ENDEKSİ HİSSE SENEDİ FONU ( HİSSE SENEDİ YOĞUN FON),Hisse Senedi Şemsiye Fonu,-17.1345,-12.212,6.7096,37.5824,35.3401,155.7888,1082460251.89,15613.0,Yapı Kredi Portföy Yönetimi A.Ş.,2.0,6.0,False,False,False,False,False,BIST endeks hisse,0.0,0.0,84.08,-25.9061,False,False,2026-10-06
BTJ,ATLAS PORTFÖY İSTATİSTİKSEL ARBİTRAJ HİSSE SENEDİ SERBEST FON (HİSSE SENEDİ YOĞUN FON),Serbest Şemsiye Fonu,1.9145,7.5006,16.3852,25.2587,35.3196,,,,,,,True,True,False,False,False,Hisse (aktif),,,,,False,False,
BLT,BULLS PORTFÖY ALTIN FONU,Kıymetli Madenler Şemsiye Fonu,-4.407,5.8957,1.8074,9.6681,35.2513,,,,,,,True,False,False,False,False,Altın / kıymetli maden,,,,,False,False,
MTG,DENİZ PORTFÖY MUTLAK GETİRİ HEDEFLİ HİSSE SENEDİ SERBEST FON (HİSSE SENEDİ YOGUN FON),Serbest Şemsiye Fonu,-0.1625,6.3286,20.1227,23.5003,35.2139,,,,,,,True,True,False,False,False,Hisse (aktif),,,,,False,False,
SSK,DENİZ PORTFÖY SAĞLIK SEKTÖRÜ DEĞİŞKEN FON,Değişken Şemsiye Fonu,-0.9477,6.0265,20.0653,23.3974,35.1738,,43026705.61,513.0,Deniz Portföy Yönetimi A.Ş.,2.0,5.0,False,False,False,False,False,Hisse (aktif),0.0,0.95,53.94,-7.3058,True,False,2026-10-06
KKH,İŞ PORTFÖY DENGELİ FON SEPETİ FONU,Fon Sepeti Şemsiye Fonu,2.6575,7.1666,14.0911,16.914,35.1543,188.5922,516455424.35,4830.0,İş Portföy Yönetimi A.Ş.,3.0,4.0,False,False,False,False,False,,0.0,0.0,0.0,-3.6417,False,False,2026-10-06
GPI,GARANTİ PORTFÖY İKİNCİ DEĞİŞKEN FON,Değişken Şemsiye Fonu,-0.0319,5.7952,13.8407,24.9678,35.1229,212.4281,720826132.0,2669.0,Garanti Portföy Yönetimi A.Ş.,2.0,3.0,False,False,False,False,False,Karma / değişken,16.09,15.33,19.8,-1.8132,False,False,2026-10-06
GTZ,GARANTİ PORTFÖY GÜMÜŞ FON SEPETİ FONU,Fon Sepeti Şemsiye Fonu,-9.2732,5.1794,-15.9371,-10.5639,35.1218,343.6723,11444239472.43,58256.0,Garanti Portföy Yönetimi A.Ş.,3.0,7.0,False,False,False,False,False,Altın / kıymetli maden,0.0,0.0,0.0,-50.3532,False,False,2026-10-06
GA1,GARANTİ PORTFÖY BORÇLANMA ARAÇLARI FONU,Borçlanma Araçları Şemsiye Fonu,1.9949,8.6945,17.2812,22.5043,35.0505,178.7001,346658580.74,1526.0,Garanti Portföy Yönetimi A.Ş.,1.0,3.0,False,False,False,False,False,Kamu borçlanma (devlet tahvili),96.71,3.0,0.0,-3.4267,True,False,2026-10-06
IHC,INVEO PORTFÖY INTER SERBEST FON,Serbest Şemsiye Fonu,-9.0364,-0.4522,15.2568,32.0292,35.0475,208.5884,341936389.93,335.0,Inveo Portföy Yönetimi A.Ş.,3.0,6.0,False,True,False,False,False,Hisse (aktif),0.0,0.0,74.27,-10.5208,True,False,2026-10-06
TAO,TEB PORTFÖY ALARKO GRUBU DEĞİŞKEN ÖZEL FON,Değişken Şemsiye Fonu,3.4058,8.9326,13.5278,22.4538,35.0034,187.4677,1153860567.2,1.0,Teb Portföy Yönetimi A.Ş.,0.0,3.0,False,False,False,True,False,Hisse (aktif),13.56,0.0,53.92,-1.8939,False,False,2026-10-06
HDA,HEDEF PORTFÖY DÖRDÜNCÜ İSTATİSTİKSEL ARBİTRAJ HİSSE SENEDİ SERBEST (TL) FON (HİSSE SENEDİ YOĞUN FON),Serbest Şemsiye Fonu,1.9735,6.4003,15.6344,25.1271,34.9704,,,,,,,True,True,False,False,False,Hisse (aktif),,,,,False,False,
RBH,ALBARAKA PORTFÖY KATILIM HİSSE SENEDİ FONU (HİSSE SENEDİ YOĞUN FON),Hisse Senedi Şemsiye Fonu,-8.2352,0.9904,6.992,32.8407,34.8968,102.9529,696647407.53,4866.0,Albaraka Portföy Yönetimi A.Ş.,2.0,5.0,False,False,False,False,False,Hisse (aktif),0.0,2.95,93.94,-13.0068,False,False,2026-10-06
BVI,BV PORTFÖY İKİNCİ HİSSE SENEDİ SERBEST FON (HİSSE SENEDİ YOĞUN FON),Serbest Şemsiye Fonu,-2.684,4.748,0.2144,25.5856,34.884,,290700199.11,26.0,Bv Portföy Yönetimi A.Ş.,0.0,7.0,False,True,False,False,False,Hisse (aktif),0.0,0.0,92.46,-15.14,True,False,2026-10-06
MJB,AKTİF PORTFÖY BİRİNCİ FON SEPETİ FONU,Fon Sepeti Şemsiye Fonu,-3.1083,2.4843,9.2947,28.2722,34.8604,181.9417,54287191.23,715.0,Aktif Portföy Yönetimi A.Ş.,2.0,6.0,False,False,False,False,False,,0.0,0.0,0.0,-9.7211,True,False,2026-10-06
MCU,AZİMUT PORTFÖY MUTLAK GETİRİ HEDEFLİ HİSSE SENEDİ SERBEST FON (HİSSE SENEDİ YOĞUN FON),Serbest Şemsiye Fonu,3.3141,9.6487,19.5383,34.3896,34.8349,,,,,,,True,True,False,False,False,Hisse (aktif),,,,,False,False,
ICD,TEB PORTFÖY DÖRDÜNCÜ DEĞİŞKEN FON,Değişken Şemsiye Fonu,2.5381,9.4847,18.2137,25.9489,34.7671,207.3156,34311087.49,184.0,Icbc Portföy Yönetimi A.Ş.,1.0,2.0,False,False,False,False,False,Karma / değişken,55.24,5.17,0.0,-5.1944,True,False,2026-10-06
TI7,İŞ PORTFÖY DENGELİ DEĞİŞKEN FON,Değişken Şemsiye Fonu,2.8111,8.2561,15.1494,16.7205,34.7518,149.6731,1171668029.22,9362.0,İş Portföy Yönetimi A.Ş.,2.0,4.0,False,False,False,False,False,Karma / değişken,0.02,0.05,2.99,-4.5963,False,False,2026-10-06
VNK,VEGA PORTFÖY ANKA SERBEST FON,Serbest Şemsiye Fonu,2.1028,7.6242,9.7445,21.3333,34.7242,,3666968080.61,174.0,Vega Portföy Yönetimi A.Ş.,2.0,3.0,False,True,False,False,False,,0.37,3.73,1.96,-4.9958,False,False,2026-10-06
OHK,OYAK PORTFÖY KATILIM HİSSE SENEDİ (TL) FONU (HİSSE SENEDİ YOĞUN FON),Hisse Senedi Şemsiye Fonu,-8.5106,2.1891,11.2214,35.5034,34.709,68.0546,36012453.4,1248.0,Oyak Portföy Yönetimi A.Ş.,2.0,6.0,False,False,False,False,False,Hisse (aktif),0.0,0.35,75.27,-12.1813,True,False,2026-10-06
BTE,BV PORTFÖY OYUN VE TEKNOLOJİ DEĞİŞKEN FON,Değişken Şemsiye Fonu,-1.3791,6.1767,38.1304,32.5946,34.6548,249.6046,146100346.85,835.0,Bv Portföy Yönetimi A.Ş.,3.0,5.0,False,False,False,False,False,Hisse (aktif),0.0,2.97,77.94,-13.2422,True,False,2026-10-06
ARL,AK PORTFÖY BİRİNCİ FON SEPETİ FONU,Fon Sepeti Şemsiye Fonu,2.3075,7.7952,12.7734,24.7719,34.5589,205.444,3949295872.7,7117.0,Ak Portföy Yönetimi A.Ş.,2.0,4.0,False,False,False,False,False,,6.16,0.0,6.53,-1.8553,False,False,2026-10-06
PRF,AZİMUT PORTFÖY IRF SERBEST (DÖVİZ) ÖZEL FON,Serbest Şemsiye Fonu,-0.0763,3.6768,19.5441,24.4972,34.5339,144.6868,202214927.64,2.0,Azimut Portföy Yönetimi A.Ş.,0.0,,False,True,False,True,False,Eurobond / döviz,0.0,0.0,0.0,-0.7244,True,False,2026-10-06
KIH,KARE PORTFÖY İSTATİSTİKSEL ARBİTRAJ SERBEST FON,Serbest Şemsiye Fonu,2.6147,8.6634,18.6626,27.9108,34.5264,,61946475.41,20.0,Kare Portföy Yönetimi A.Ş.,2.0,2.0,False,True,False,False,False,,0.0,0.0,0.0,-0.6391,True,False,2026-10-06
GMC,TEB PORTFÖY GÜMÜŞ FON SEPETİ FONU,Fon Sepeti Şemsiye Fonu,-10.1326,5.4634,-18.0367,-12.4713,34.5082,334.1609,3542800157.1,19038.0,Teb Portföy Yönetimi A.Ş.,3.0,7.0,False,False,False,False,False,Altın / kıymetli maden,0.0,0.0,0.0,-51.8655,False,False,2026-10-06
YMH,YAPI KREDİ PORTFÖY MUTLAK GETİRİ HEDEFLİ HİSSE SENEDİ SERBEST FON (HİSSE SENEDİ YOĞUN FON),Serbest Şemsiye Fonu,2.6284,8.083,17.1154,25.7695,34.1741,,,,,,,True,True,False,False,False,Hisse (aktif),,,,,False,False,
DBG,DENİZ PORTFÖY BEYAZ SERBEST ÖZEL FONU,Serbest Şemsiye Fonu,3.1474,11.2323,28.1566,27.1119,34.1123,228.8443,2765847412.77,4.0,Deniz Portföy Yönetimi A.Ş.,0.0,,False,True,False,True,False,Hisse (aktif),0.0,0.0,76.66,-7.3732,False,False,2026-10-06
GAH,GARANTİ PORTFÖY MUTLAK GETİRİ HEDEFLİ DEĞİŞKEN FON,Değişken Şemsiye Fonu,-0.1062,5.6473,13.655,23.9407,34.0943,216.0909,,,,,,True,False,False,False,False,Karma / değişken,,,,,False,False,
SFS,AZİMUT PORTFÖY AGRESİF FON SEPETİ FONU,Fon Sepeti Şemsiye Fonu,-2.9016,3.3426,9.9973,25.8888,33.996,,30083221.51,62.0,Azimut Portföy Yönetimi A.Ş.,2.0,5.0,False,False,False,False,False,,0.0,0.0,0.0,-3.8723,True,False,2026-10-06
GPU,GARANTİ PORTFÖY ÜÇÜNCÜ DEĞİŞKEN FON,Değişken Şemsiye Fonu,-1.4612,4.3307,10.7484,24.1297,33.9675,207.8144,348865349.48,2342.0,Garanti Portföy Yönetimi A.Ş.,2.0,4.0,False,False,False,False,False,Karma / değişken,0.0,16.12,20.33,-4.8461,True,False,2026-10-06
FI3,QNB PORTFÖY BORÇLANMA ARAÇLARI FONU,Borçlanma Araçları Şemsiye Fonu,1.7337,8.1623,14.865,19.3731,33.9564,145.2043,1817559595.21,9700.0,QNB Portföy Yönetimi A.Ş.,1.0,4.0,False,False,False,False,False,Kamu borçlanma (devlet tahvili),91.01,6.3,0.0,-3.8401,False,False,2026-10-06
FPG,FİBA PORTFÖY GÜMÜŞ SERBEST FON,Serbest Şemsiye Fonu,-10.2444,3.4842,-15.5459,-9.6725,33.9315,,738039443.95,1854.0,Fiba Portföy Yönetimi A.Ş.,3.0,6.0,False,True,False,False,False,Hisse (aktif),0.0,0.0,60.75,-48.2677,False,False,2026-10-06
RIA,ROTA PORTFÖY İSTATİSTİKSEL ARBİTRAJ HİSSE SENEDİ SERBEST FON (HİSSE SENEDİ YOĞUN FON),Serbest Şemsiye Fonu,2.505,6.9087,15.6111,24.7565,33.9244,,11832851.43,36.0,Rota Portföy Yönetimi A.Ş.,2.0,2.0,False,True,False,False,False,Hisse (aktif),0.0,0.0,88.51,-0.8307,True,False,2026-10-06
YFV,YAPI KREDİ PORTFÖY KİRA SERTİFİKALARI KATILIM FONU,Katılım Şemsiye Fonu,-0.2159,5.0698,12.6813,23.094,33.8751,184.8847,784045099.0,7204.0,Yapı Kredi Portföy Yönetimi A.Ş.,1.0,2.0,False,False,False,False,False,Kira sertifikası / katılım,69.95,19.7,0.0,-3.4364,False,False,2026-10-06
YSU,YAPI KREDİ PORTFÖY ÜÇÜNCÜ DEĞİŞKEN FON,Değişken Şemsiye Fonu,-0.9105,4.8437,12.2537,21.2103,33.8411,157.1611,204591804.94,6007.0,Yapı Kredi Portföy Yönetimi A.Ş.,1.0,4.0,False,False,False,False,False,Karma / değişken,65.58,3.54,23.44,-4.9975,True,False,2026-10-06
GJM,GLOBAL MD PORTFÖY ADA SERBEST FON,Serbest Şemsiye Fonu,-14.9674,-7.8987,-0.4944,31.2801,33.7938,175.1688,367501354.02,64.0,Global MD Portföy Yönetimi A.Ş.,0.0,6.0,False,True,False,False,False,Hisse (aktif),0.0,0.0,71.71,-17.4103,True,False,2026-10-06
AAS,ATA PORTFÖY FON SEPETİ SERBEST FONU,Serbest Şemsiye Fonu,1.6949,10.5852,23.5623,26.6058,33.7638,130.6502,17032789.98,126.0,Ata Portföy Yönetimi A.Ş.,3.0,5.0,False,True,False,False,False,Hisse (aktif),0.0,0.0,72.84,-5.85,True,False,2026-10-06
TBP,İŞ PORTFÖY PRİVİA BANKACILIK FON SEPETİ ÖZEL FONU,Fon Sepeti Şemsiye Fonu,2.7852,7.6473,15.3814,17.3201,33.7629,175.0989,432174155.7,184.0,İş Portföy Yönetimi A.Ş.,0.0,3.0,False,False,False,True,False,Hisse (aktif),0.0,1.42,0.0,-4.7449,True,False,2026-10-06
GZP,GARANTİ PORTFÖY BİRİNCİ FON SEPETİ FONU,Fon Sepeti Şemsiye Fonu,-0.0762,5.5981,13.2807,24.1235,33.7466,211.7741,3769827914.91,9687.0,Garanti Portföy Yönetimi A.Ş.,2.0,3.0,False,False,False,False,False,,2.24,0.0,0.89,-1.426,False,False,2026-10-06
PHK,PHİLLİP PORTFÖY KATILIM HİSSE SENEDİ FONU (HİSSE SENEDİ YOĞUN FON),Hisse Senedi Şemsiye Fonu,-5.4971,0.9218,9.4824,34.3285,33.6837,,37290722.14,265.0,Phillip Portföy Yönetimi A.Ş.,2.0,6.0,False,False,False,False,False,Hisse (aktif),0.0,0.0,64.18,-12.0377,True,False,2026-10-06
HTS,HSBC PORTFÖY ALTINCI SERBEST (DÖVİZ) FON,Serbest Şemsiye Fonu,3.0111,7.6417,28.0998,29.8826,33.636,,4933320482.21,2527.0,HSBC Portföy Yönetimi A.Ş.,1.0,7.0,False,True,False,False,False,Altın / kıymetli maden,0.0,0.0,0.0,-8.5801,False,False,2026-10-06
TKK,İŞ PORTFÖY KUMBARA HESABI FON SEPETİ ÖZEL FON,Fon Sepeti Şemsiye Fonu,-1.924,2.5402,5.1279,20.4086,33.5756,133.2779,1780739446.59,112703.0,İş Portföy Yönetimi A.Ş.,0.0,6.0,False,False,False,True,False,,0.0,0.0,10.89,-5.733,False,False,2026-10-06
AKU,AK PORTFÖY BIST 30 ENDEKSİ HİSSE SENEDİ (TL) FONU (HİSSE SENEDİ YOĞUN FON),Hisse Senedi Şemsiye Fonu,-9.6434,-3.8486,0.977,28.1965,33.5209,86.8328,2313240144.31,17725.0,Ak Portföy Yönetimi A.Ş.,2.0,6.0,False,False,False,False,False,BIST endeks hisse,0.0,0.0,89.62,-11.567,False,False,2026-10-05
KTN,KUVEYT TÜRK PORTFÖY KİRA SERTİFİKALARI KATILIM (TL) FONU,Katılım Şemsiye Fonu,0.2534,5.6702,12.7174,23.2224,33.4697,159.1331,338334899.42,4087.0,Kuveyt Türk Portföy Yönetimi A.Ş.,1.0,2.0,False,False,False,False,False,Kira sertifikası / katılım,87.89,11.31,0.0,-2.4,True,False,2026-10-06
TMR,TEB PORTFÖY MAKRO SERBEST ÖZEL FON,Serbest Şemsiye Fonu,0.5922,7.8781,11.6604,22.1498,33.4687,217.2359,9100396471.93,1.0,Teb Portföy Yönetimi A.Ş.,0.0,3.0,False,True,False,True,False,,10.75,0.0,0.0,-4.4066,False,False,2026-10-06
GKG,GARANTİ PORTFÖY KAR PAYI ÖDEYEN HİSSE SENEDİ (TL) FONU (HİSSE SENEDİ YOĞUN FON),Hisse Senedi Şemsiye Fonu,-6.6833,2.1146,3.8159,25.9854,33.2552,,52111894.07,1709.0,Garanti Portföy Yönetimi A.Ş.,2.0,6.0,False,False,False,False,False,Hisse (aktif),0.0,0.0,84.2,-11.0371,True,False,2026-10-06
YAK,YAPI KREDİ PORTFÖY KARMA FON,Karma Şemsiye Fonu,-1.853,3.4314,10.4684,21.3045,33.2456,133.0793,1109996833.2,107443.0,Yapı Kredi Portföy Yönetimi A.Ş.,2.0,5.0,False,False,False,False,False,Karma / değişken,56.55,0.26,26.26,-5.6936,False,False,2026-10-06
RPI,ROTA PORTFÖY KATILIM HİSSE SENEDİ FONU (HİSSE SENEDİ YOĞUN FON),Hisse Senedi Şemsiye Fonu,-3.5792,2.0398,10.7237,29.0128,33.2425,,13586587.87,240.0,Rota Portföy Yönetimi A.Ş.,2.0,6.0,False,False,False,False,False,Hisse (aktif),0.0,0.0,87.94,-8.8402,True,False,2026-10-06
KPU,KUVEYT TÜRK PORTFÖY İKİNCİ KATILIM HİSSE SENEDİ (TL) FONU (HİSSE SENEDİ YOĞUN FON),Hisse Senedi Şemsiye Fonu,-7.7403,-5.0586,4.5155,27.2835,33.1921,76.5505,400324028.75,5824.0,Kuveyt Türk Portföy Yönetimi A.Ş.,2.0,6.0,False,False,False,False,False,Hisse (aktif),0.0,0.0,85.83,-12.0726,True,False,2026-10-06
ODD,OYAK PORTFÖY DÖRDÜNCÜ SERBEST FON,Serbest Şemsiye Fonu,-0.0613,6.0314,14.9396,22.8416,33.1529,135.7368,471076683.38,25.0,Oyak Portföy Yönetimi A.Ş.,2.0,6.0,False,True,False,False,False,,0.0,0.0,2.5,-1.5718,True,False,2026-10-06
NZH,NEO PORTFÖY İKİNCİ DEĞİŞKEN FON,Değişken Şemsiye Fonu,-6.3336,0.35,7.3241,20.1853,33.1461,85.8838,413751616.79,232.0,Neo Portföy Yönetimi A.Ş.,2.0,6.0,False,False,False,False,False,Hisse (aktif),0.0,0.0,86.9,-10.583,True,False,2026-10-06
DTM,DENİZ PORTFÖY TEMETTÜ ÖDEYEN ŞİRKETLER DEĞİŞKEN FON,Değişken Şemsiye Fonu,-3.9707,4.8091,9.0051,27.7997,33.1,,56461618.66,2133.0,Deniz Portföy Yönetimi A.Ş.,2.0,6.0,False,False,False,False,False,Hisse (aktif),0.0,0.0,96.01,-8.8923,True,False,2026-10-06
IJT,İŞ PORTFÖY TARIM SERBEST FON,Serbest Şemsiye Fonu,-3.3155,4.6713,16.723,27.7608,32.9994,75.2345,1248412715.24,1496.0,İş Portföy Yönetimi A.Ş.,3.0,6.0,False,True,False,False,False,,0.0,0.0,21.93,-7.0654,False,False,2026-10-06
GPF,GARANTİ PORTFÖY ÇOKLU VARLIK KATILIM FONU,Katılım Şemsiye Fonu,-1.8087,4.6284,12.223,22.1579,32.9555,168.6391,458740154.08,2759.0,Garanti Portföy Yönetimi A.Ş.,2.0,3.0,False,False,False,False,False,Kira sertifikası / katılım,15.26,25.14,33.31,-4.1951,True,False,2026-10-06
INH,GARANTİ PORTFÖY ING BANK ÖZEL BANKACILIK VE PLATİNUM DEĞİŞKEN ÖZEL FON,Değişken Şemsiye Fonu,-1.6343,4.5486,10.8268,22.7515,32.8905,207.6502,214857446.93,352.0,Garanti Portföy Yönetimi A.Ş.,0.0,4.0,False,False,False,True,False,Hisse (aktif),0.98,12.81,20.3,-5.9545,True,False,2026-10-06
TMC,İŞ PORTFÖY TEMA DEĞİŞKEN FON,Değişken Şemsiye Fonu,4.9595,10.8746,16.7487,22.7329,32.8306,168.1348,163450361.83,11562.0,İş Portföy Yönetimi A.Ş.,1.0,4.0,False,False,False,False,False,Hisse (aktif),0.12,3.19,51.27,-3.4262,True,False,2026-10-06
GTM,GARANTİ PORTFÖY TEMETTÜ ÖDEYEN ŞİRKETLER HİSSE SENEDİ (TL) FONU (HİSSE SENEDİ YOĞUN FON),Hisse Senedi Şemsiye Fonu,-6.9985,-0.2405,1.7617,24.1461,32.7153,116.5019,1008003510.52,12681.0,Garanti Portföy Yönetimi A.Ş.,2.0,6.0,False,False,False,False,False,Hisse (aktif),0.0,0.0,91.74,-10.6074,False,False,2026-10-06
ABG,ATLAS PORTFÖY DÖRDÜNCÜ SERBEST (TL) FON,Serbest Şemsiye Fonu,-90.0672,-86.7299,-77.9498,-66.1718,32.6564,3018.6436,,,,,,True,True,False,False,False,,,,,,False,False,
APT,AK PORTFÖY ORTA VADELI BORÇLANMA ARAÇLARI FONU,Borçlanma Araçları Şemsiye Fonu,1.3755,8.1074,14.1892,18.351,32.6529,128.4218,392347612.93,12988.0,Ak Portföy Yönetimi A.Ş.,1.0,3.0,False,False,False,False,False,Kamu borçlanma (devlet tahvili),86.78,2.49,0.0,-5.2616,True,False,2026-10-06
PFS,ATLAS PORTFÖY FON SEPETİ FONU,Fon Sepeti Şemsiye Fonu,-1.9895,-1.4669,8.2271,20.4236,32.634,173.8684,,,,,,True,False,False,False,False,,,,,,False,False,
TJI,TEB PORTFÖY İKİNCİ FON SEPETİ FONU,Fon Sepeti Şemsiye Fonu,-3.8189,3.4891,6.4071,19.6172,32.6209,158.6841,468712282.47,820.0,Teb Portföy Yönetimi A.Ş.,3.0,4.0,False,False,False,False,False,,0.0,0.0,0.0,-6.5515,True,False,2026-10-06
GKV,GARANTİ PORTFÖY KATILIM HİSSE SENEDİ (TL) FONU (HİSSE SENEDİ YOĞUN FON),Hisse Senedi Şemsiye Fonu,-11.467,-7.3612,3.6084,30.1734,32.5466,81.0625,231272141.17,4006.0,Garanti Portföy Yönetimi A.Ş.,2.0,6.0,False,False,False,False,False,Hisse (aktif),0.0,0.0,88.81,-17.9299,True,False,2026-10-06
OPZ,AK PORTFÖY ÖPY ALTINCI SERBEST ÖZEL FON,Serbest Şemsiye Fonu,1.8139,7.5071,15.6319,23.4419,32.4805,182.8797,740709712.5,1.0,Ak Portföy Yönetimi A.Ş.,0.0,4.0,False,True,False,True,False,Altın / kıymetli maden,0.0,45.57,0.0,-0.2311,False,False,2026-10-06
IJH,TEB PORTFÖY ICBC TURKEY FON SEPETİ FONU,Fon Sepeti Şemsiye Fonu,0.9046,7.0374,13.6979,23.5528,32.4655,201.0148,29288704.02,345.0,Icbc Portföy Yönetimi A.Ş.,2.0,3.0,False,False,False,False,False,,0.0,0.38,0.0,-2.4311,True,False,2026-10-06
YTV,YAPI KREDİ PORTFÖY TARIM DEĞİŞKEN FON,Değişken Şemsiye Fonu,-9.3101,-1.3737,5.4907,25.103,32.3866,107.0047,190516892.15,2176.0,Yapı Kredi Portföy Yönetimi A.Ş.,2.0,5.0,False,False,False,False,False,Hisse (aktif),0.0,0.0,73.3,-10.1445,True,False,2026-10-06
ZCN,ZİRAAT PORTFÖY EMTİA FON SEPETİ FONU,Fon Sepeti Şemsiye Fonu,-2.9428,9.7243,8.3518,22.8436,32.3634,175.753,567093397.66,5938.0,Ziraat Portföy Yönetimi A.Ş.,3.0,6.0,False,False,False,False,False,Hisse (aktif),0.0,0.0,69.78,-11.7458,False,False,2026-10-06
AY6,AZİMUT PORTFÖY 26.0 SERBEST FON,Serbest Şemsiye Fonu,-2.2182,4.8614,9.7815,24.7187,32.338,,109227468.74,11.0,Azimut Portföy Yönetimi A.Ş.,0.0,5.0,False,True,False,False,False,Hisse (aktif),0.0,0.0,64.57,-5.4995,True,False,2026-10-06
IYB,AURA PORTFÖY DEĞİŞKEN FONU,Değişken Şemsiye Fonu,-3.8358,-2.6131,3.1051,21.1231,32.3105,159.9545,71706473.71,191.0,Aura Portföy Yönetimi A.Ş.,1.0,4.0,False,False,False,False,False,Karma / değişken,25.42,40.73,16.51,-5.2698,True,False,2026-10-06
MUT,GARANTİ PORTFÖY MUTLAK GETİRİ HEDEFLİ HİSSE SENEDİ SERBEST FON (HİSSE SENEDİ YOĞUN FON),Serbest Şemsiye Fonu,4.5249,12.679,16.6475,22.4175,32.3101,,,,,,,True,True,False,False,False,Hisse (aktif),,,,,False,False,
GUA,GARANTİ PORTFÖY BİRİNCİ BORÇLANMA ARAÇLARI ÖZEL FON,Borçlanma Araçları Şemsiye Fonu,1.1126,7.0092,14.5806,22.873,32.2997,179.0019,2097525505.79,1.0,Garanti Portföy Yönetimi A.Ş.,0.0,3.0,False,False,False,True,False,Özel sektör borçlanma,3.62,70.71,4.54,-0.9421,False,False,2026-10-06
IGZ,İŞ PORTFÖY İKİNCİ HİSSE SENEDİ SERBEST FON (HİSSE SENEDİ YOĞUN FON),Serbest Şemsiye Fonu,-2.451,7.9417,14.0374,22.9618,32.2747,123.6446,9888253.6,3.0,İş Portföy Yönetimi A.Ş.,2.0,,False,True,False,False,False,Hisse (aktif),0.0,0.0,85.65,-7.8003,True,False,2026-10-06
IVS,İSTANBUL PORTFÖY İKİNCİ İSTATİSTİKSEL ARBİTRAJ SERBEST FON,Serbest Şemsiye Fonu,-3.2179,7.1575,15.5847,28.4026,32.2585,111.1912,202283588.6,24.0,İstanbul Portföy Yönetimi A.Ş.,0.0,6.0,False,True,False,False,False,,0.0,10.17,29.13,-9.6719,True,False,2026-10-06
TTL,TACİRLER PORTFÖY KARTOPU SERBEST FON,Serbest Şemsiye Fonu,-5.8532,0.7598,10.4883,24.7563,32.151,285.3784,287447814.09,276.0,Tacirler Portföy Yönetimi A.Ş.,2.0,7.0,False,True,False,False,False,Hisse (aktif),0.0,18.96,79.49,-12.4763,True,False,2026-10-06
RHS,ROTA PORTFÖY HİSSE SENEDİ (TL) FON (HİSSE SENEDİ YOĞUN FON),Hisse Senedi Şemsiye Fonu,-6.6458,-4.8776,-2.675,16.9832,32.0885,104.8847,663231042.96,1225.0,Rota Portföy Yönetimi A.Ş.,2.0,6.0,False,False,False,False,False,Hisse (aktif),0.0,0.0,86.55,-11.3747,False,False,2026-10-06
YGM,YAPI KREDİ PORTFÖY EMTİA SERBEST FON,Serbest Şemsiye Fonu,-1.6997,12.9571,9.3802,22.5658,32.0726,143.4686,508490587.67,1785.0,Yapı Kredi Portföy Yönetimi A.Ş.,2.0,6.0,False,True,False,False,False,,0.0,0.0,12.96,-13.6469,False,False,2026-10-06
SST,STRATEJİ PORTFÖY İSTATİSTİKSEL ARBİTRAJ SERBEST FON,Serbest Şemsiye Fonu,2.1388,6.5803,15.1809,23.8223,32.0449,,9786669.05,22.0,Strateji Portföy Yönetimi A.Ş.,0.0,,False,True,False,False,False,Hisse (aktif),0.0,0.0,55.16,-0.6327,True,False,2026-10-06
AFT,AK PORTFÖY YENİ TEKNOLOJİLER YABANCI HİSSE SENEDİ FONU,Hisse Senedi Şemsiye Fonu,4.2534,12.6816,28.2394,23.9765,31.9915,271.5231,19020666349.55,131147.0,Ak Portföy Yönetimi A.Ş.,2.0,6.0,False,False,False,False,False,Hisse (aktif),0.0,0.0,98.77,-19.2485,False,False,2026-10-06
MDF,FİBA PORTFÖY MODEL EMTİA FON SEPETİ SERBEST FON,Serbest Şemsiye Fonu,1.067,18.0348,9.0331,22.0791,31.8759,,484270125.02,843.0,Fiba Portföy Yönetimi A.Ş.,3.0,6.0,False,True,False,False,False,Hisse (aktif),0.0,0.0,80.44,-14.8713,True,False,2026-10-06
BCK,DENİZ PORTFÖY BLOCKCHAİN VE FINTECH TEKNOLOJİLERİ DEĞİŞKEN FON,Değişken Şemsiye Fonu,-3.7373,3.0593,25.7245,34.0383,31.8642,,102988007.82,2268.0,Deniz Portföy Yönetimi A.Ş.,2.0,6.0,False,False,False,False,False,Hisse (aktif),0.0,0.0,75.57,-11.4447,True,False,2026-10-06
FZJ,FİBA PORTFÖY BİRİNCİ FON SEPETİ FONU,Fon Sepeti Şemsiye Fonu,-0.0927,6.4793,13.3796,22.5503,31.813,176.2774,1090565091.08,2009.0,Fiba Portföy Yönetimi A.Ş.,2.0,4.0,False,False,False,False,False,,0.0,0.01,0.47,-3.09,False,False,2026-10-06
TCD,TACİRLER PORTFÖY DEĞIŞKEN FON,Değişken Şemsiye Fonu,-6.1173,-2.6058,7.1526,24.5811,31.7798,53.362,1268338560.03,10552.0,Tacirler Portföy Yönetimi A.Ş.,2.0,6.0,False,False,False,False,False,Hisse (aktif),0.02,0.86,85.13,-9.7985,False,False,2026-10-06
MMH,AKTİF PORTFÖY BIST 30 ENDEKSİ HİSSE SENEDİ (TL) FONU (HİSSE SENEDİ YOĞUN FON),Hisse Senedi Şemsiye Fonu,-8.3333,-1.835,0.9417,26.2008,31.7035,102.5225,183589607.83,1355.0,Aktif Portföy Yönetimi A.Ş.,2.0,6.0,False,False,False,False,False,BIST endeks hisse,0.0,0.0,93.5,-11.9712,True,True,2026-10-05
IZB,İSTANBUL PORTFÖY BİRİNCİ FON SEPETİ SERBEST FON,Serbest Şemsiye Fonu,-12.0162,-4.4395,13.283,25.1627,31.6851,120.1129,131680445.41,36.0,İstanbul Portföy Yönetimi A.Ş.,2.0,5.0,False,True,False,False,False,,0.0,0.0,0.0,-13.6255,True,False,2026-10-06
DID,DENİZ PORTFÖY İKİNCİ DEĞİŞKEN FON,Değişken Şemsiye Fonu,0.3167,7.3402,11.4369,22.2892,31.3647,,27794077.21,150.0,Deniz Portföy Yönetimi A.Ş.,2.0,5.0,False,False,False,False,False,Karma / değişken,0.0,0.0,46.1,-3.8199,True,False,2026-10-06
TI6,İŞ PORTFÖY BORÇLANMA ARAÇLARI (TL) FONU,Borçlanma Araçları Şemsiye Fonu,2.136,8.0585,14.0534,16.5809,31.3624,147.6487,730851852.72,4880.0,İş Portföy Yönetimi A.Ş.,1.0,4.0,False,False,False,False,False,Kamu borçlanma (devlet tahvili),89.34,4.18,0.0,-4.9889,False,False,2026-10-06
DFD,DENİZ PORTFÖY EMTİA SERBEST FON,Serbest Şemsiye Fonu,-3.1437,9.307,8.6921,23.8363,31.3259,115.6758,135675480.33,404.0,Deniz Portföy Yönetimi A.Ş.,3.0,6.0,False,True,False,False,False,,0.0,0.0,48.99,-10.0938,True,False,2026-10-06
FNO,QNB PORTFÖY BİRİNCİ DEĞİŞKEN FON,Değişken Şemsiye Fonu,-1.0853,4.8596,8.4308,16.8847,31.2764,179.243,10158560454.22,6149.0,QNB Portföy Yönetimi A.Ş.,2.0,4.0,False,False,False,False,False,Karma / değişken,24.61,0.37,44.3,-2.9882,False,False,2026-10-06
ICV,TEB PORTFÖY ONDOKUZUNCU SERBEST FON,Serbest Şemsiye Fonu,2.6325,7.5245,14.7088,23.2596,31.2709,209.3137,5599599.64,40.0,Icbc Portföy Yönetimi A.Ş.,2.0,2.0,False,True,False,False,False,,0.0,21.34,0.0,-3.6312,True,False,2026-10-06
CIN,AKTİF PORTFÖY BİRİNCİ SERBEST FON,Serbest Şemsiye Fonu,-2.5485,3.0372,15.4574,27.8722,31.1967,,16012193.87,428.0,Aktif Portföy Yönetimi A.Ş.,2.0,6.0,False,True,False,False,False,,0.0,0.0,22.56,-12.1274,True,False,2026-10-06
TLZ,ATA PORTFÖY KATILIM HİSSE SENEDİ (TL) FONU (HİSSE SENEDİ YOĞUN FON),Hisse Senedi Şemsiye Fonu,-8.8392,-3.2854,5.4855,24.0088,31.0107,57.8985,65322801.4,772.0,Ata Portföy Yönetimi A.Ş.,2.0,6.0,False,False,False,False,False,Hisse (aktif),0.0,0.0,87.58,-15.405,True,False,2026-10-06
YEF,YAPI KREDİ PORTFÖY BIST 30 ENDEKSİ HİSSE SENEDİ FONU (HİSSE SENEDİ YOĞUN FON),Hisse Senedi Şemsiye Fonu,-11.8402,-6.3214,-1.106,25.1269,30.9832,95.2872,1744086932.57,14433.0,Yapı Kredi Portföy Yönetimi A.Ş.,2.0,6.0,False,False,False,False,False,BIST endeks hisse,0.0,0.0,94.01,-13.2095,False,False,2026-10-05
SVS,AZİMUT PORTFÖY SVS SERBEST ÖZEL FON,Serbest Şemsiye Fonu,-7.2991,-1.6129,5.0217,19.2105,30.8944,149.7268,1562967054.96,1.0,Azimut Portföy Yönetimi A.Ş.,0.0,4.0,False,True,False,True,False,Hisse (aktif),0.0,7.19,60.54,-7.5012,False,False,2026-10-06
HST,HSBC PORTFÖY  BORÇLANMA ARAÇLARI (TL) FONU,Borçlanma Araçları Şemsiye Fonu,1.3271,7.3558,13.9248,17.5498,30.8767,134.8092,331155980.57,3694.0,HSBC Portföy Yönetimi A.Ş.,1.0,3.0,False,False,False,False,False,Kamu borçlanma (devlet tahvili),82.44,2.57,0.0,-3.8404,True,False,2026-10-06
AEV,ALLBATROSS PORTFÖY SANAYİ ŞİRKETLERİ HİSSE SENEDİ (TL) FONU (HİSSE SENEDİ YOĞUN FON),Hisse Senedi Şemsiye Fonu,-16.8799,-13.138,-3.0233,14.8387,30.8318,63.7392,5903278.53,329.0,Allbatross Portföy Yönetimi A.Ş.,2.0,6.0,False,False,False,False,False,Hisse (aktif),0.0,0.0,92.11,-17.766,True,False,2026-10-06
YAR,İŞ PORTFÖY RESAN DEĞİŞKEN ÖZEL FON,Değişken Şemsiye Fonu,-3.665,3.9685,6.7052,22.5404,30.7902,96.9059,774846803.75,1.0,İş Portföy Yönetimi A.Ş.,0.0,6.0,False,False,False,True,False,Hisse (aktif),0.0,0.0,70.98,-11.3932,False,False,2026-10-06
DLD,DENİZ PORTFÖY SÜRDÜRÜLEBİLİRLİK HİSSE SENEDİ FONU (HİSSE SENEDİ YOĞUN FON),Hisse Senedi Şemsiye Fonu,-5.2909,2.9172,7.3562,21.8061,30.7226,86.7585,60357110.96,547.0,Deniz Portföy Yönetimi A.Ş.,2.0,6.0,False,False,False,False,False,Hisse (aktif),0.0,0.0,91.0,-13.8837,True,False,2026-10-07
ZSG,ZİRAAT PORTFÖY ESG SÜRDÜRÜLEBİLİRLİK FON SEPETİ FONU,Fon Sepeti Şemsiye Fonu,-1.7513,2.7825,13.0581,24.8015,30.6559,131.0706,49129840.92,832.0,Ziraat Portföy Yönetimi A.Ş.,3.0,6.0,False,False,False,False,False,Hisse (aktif),0.0,0.0,55.05,-7.434,True,False,2026-10-06
VCY,AK PORTFÖY ELEKTRİKLİ VE OTONOM ARAÇ TEKNOLOJİLERİ DEĞİŞKEN FON,Değişken Şemsiye Fonu,-0.3217,4.17,16.2809,26.1564,30.6479,111.4969,155317758.23,11681.0,Ak Portföy Yönetimi A.Ş.,3.0,6.0,False,False,False,False,False,Hisse (aktif),0.0,0.0,90.43,-9.4805,True,False,2026-10-06
DSP,DENİZ PORTFÖY DENGELİ FON SEPETİ FONU,Fon Sepeti Şemsiye Fonu,-1.2158,4.824,11.4728,21.4273,30.6143,163.4255,136391901.53,1111.0,Deniz Portföy Yönetimi A.Ş.,3.0,3.0,False,False,False,False,False,,0.0,0.0,0.0,-2.7938,True,False,2026-10-06
IVF,İSTANBUL PORTFÖY KATILIM HİSSE SENEDİ (TL) FONU (HİSSE SENEDİ YOĞUN FON),Hisse Senedi Şemsiye Fonu,-8.3568,-3.8986,0.017,30.4358,30.5863,89.5229,65055635.36,1108.0,İstanbul Portföy Yönetimi A.Ş.,2.0,6.0,False,False,False,False,False,Hisse (aktif),0.0,0.0,94.28,-15.6887,True,False,2026-10-06
GZH,GARANTİ PORTFÖY TEMİZ ENERJİ DEĞİŞKEN FON,Değişken Şemsiye Fonu,-4.3289,-4.6108,-0.7519,20.0544,30.5314,98.0116,325254943.81,5035.0,Garanti Portföy Yönetimi A.Ş.,3.0,5.0,False,False,False,False,False,Hisse (aktif),0.0,6.62,78.64,-12.9136,True,False,2026-10-06
FFP,QNB PORTFÖY FON SEPETİ FONU,Fon Sepeti Şemsiye Fonu,-1.0752,6.0104,7.1211,16.3938,30.4742,191.3297,1864457288.09,2214.0,QNB Portföy Yönetimi A.Ş.,2.0,4.0,False,False,False,False,False,,0.0,0.0,0.0,-3.7814,False,False,2026-10-06
SBH,SPARTA PORTFÖY BİRİNCİ HİSSE SENEDİ SERBEST (TL) FON (HİSSE SENEDİ YOĞUN FON),Serbest Şemsiye Fonu,-10.0054,-16.0908,-10.1127,8.9812,30.3935,,218393982.16,412.0,Sparta Portföy Yönetimi A.Ş.,2.0,7.0,False,True,False,False,False,Hisse (aktif),0.0,0.0,84.35,-22.5451,True,False,2026-10-06
RPM,ROTA PORTFÖY İLAÇ VE MEDİKAL TEKNOLOJİLERİ DEĞİŞKEN FON,Değişken Şemsiye Fonu,-10.4903,-1.9881,7.4032,19.9233,30.3086,119.5422,60273524.4,2379.0,Rota Portföy Yönetimi A.Ş.,3.0,6.0,False,False,False,False,False,Hisse (aktif),0.0,0.0,93.94,-10.9421,True,False,2026-10-06
IMH,İŞ PORTFÖY ANADOLU HAYAT EMEKLİLİK SERBEST ÖZEL FON,Serbest Şemsiye Fonu,2.0826,9.1232,9.9588,15.5082,30.2593,79.2925,727345457.92,1.0,İş Portföy Yönetimi A.Ş.,0.0,,False,True,False,True,False,,7.9,0.0,15.1,-4.8108,False,False,2026-10-07
FJB,FİBA PORTFÖY BLOK ZİNCİRİ TEKNOLOJİLERİ SERBEST FON,Serbest Şemsiye Fonu,3.9723,10.1615,36.2528,32.5386,30.2063,294.2273,300086834.87,636.0,Fiba Portföy Yönetimi A.Ş.,3.0,6.0,False,True,False,False,False,Hisse (aktif),0.0,0.0,76.19,-14.3709,True,False,2026-10-06
YJH,YAPI KREDİ PORTFÖY TEMİZ ENERJİ DEĞİŞKEN FONU,Değişken Şemsiye Fonu,-4.8262,-2.7165,4.3381,19.4092,30.1282,104.1341,170580293.2,3659.0,Yapı Kredi Portföy Yönetimi A.Ş.,2.0,4.0,False,False,False,False,False,Hisse (aktif),0.0,14.34,65.69,-12.7625,True,False,2026-10-07
ACD,İSTANBUL PORTFÖY İKİNCİ DEĞİŞKEN FON,Değişken Şemsiye Fonu,-6.9084,1.6152,8.0024,22.3324,30.1053,147.5962,328741119.37,1339.0,İstanbul Portföy Yönetimi A.Ş.,2.0,5.0,False,False,False,False,False,Hisse (aktif),0.0,36.7,57.13,-10.0678,True,False,2026-10-06
DTZ,AK PORTFÖY ROBOTİK TEKNOLOJİLER DEĞİŞKEN FON,Değişken Şemsiye Fonu,-3.5234,5.4607,28.0646,30.1704,30.0922,175.0953,524517437.06,7657.0,Ak Portföy Yönetimi A.Ş.,3.0,6.0,False,False,False,False,False,Hisse (aktif),0.0,0.0,84.53,-13.2982,False,False,2026-10-06
GZV,GARANTİ PORTFÖY ESG SÜRDÜRÜLEBİLİRLİK FON SEPETİ FONU,Fon Sepeti Şemsiye Fonu,-1.2272,4.2343,14.421,23.9212,30.0307,151.1855,96807188.59,1295.0,Garanti Portföy Yönetimi A.Ş.,3.0,5.0,False,False,False,False,False,Hisse (aktif),0.0,0.0,0.67,-7.8546,True,False,2026-10-06
IBP,İŞ PORTFÖY GED SERBEST (DÖVİZ) ÖZEL FON,Serbest Şemsiye Fonu,1.1276,7.2406,16.1651,21.9206,29.9606,143.3964,4905001647.25,4.0,İş Portföy Yönetimi A.Ş.,0.0,,False,True,False,True,False,Eurobond / döviz,0.0,57.16,0.0,-1.4221,False,False,2026-10-07
NTO,NUROL PORTFÖY TRADA SERBEST (DÖVİZ) ÖZEL FON,Serbest Şemsiye Fonu,2.1776,7.0313,14.8325,23.6169,29.9002,121.0658,3722693698.09,1.0,Nurol Portföy Yönetimi A.Ş.,0.0,,False,True,False,True,False,Eurobond / döviz,0.0,99.96,0.0,-1.0997,False,False,2026-10-06
ARM,AK PORTFÖY İKİNCİ FON SEPETİ FONU,Fon Sepeti Şemsiye Fonu,1.0924,5.9255,8.0195,20.4333,29.8757,181.557,2925540659.8,4788.0,Ak Portföy Yönetimi A.Ş.,2.0,4.0,False,False,False,False,False,,0.0,0.0,10.43,-4.603,False,False,2026-10-06
GKL,GARANTİ PORTFÖY YF HİSSE SENEDİ SERBEST ÖZEL FON (HİSSE SENEDİ YOĞUN FON),Serbest Şemsiye Fonu,-8.6759,-2.1752,-0.2452,20.3343,29.8576,105.3138,824223408.0,4.0,Garanti Portföy Yönetimi A.Ş.,0.0,6.0,False,True,False,True,False,Hisse (aktif),0.0,0.0,93.85,-12.3265,False,False,2026-10-06
GPG,INVEO PORTFÖY BİRİNCİ DEĞİŞKEN FON,Değişken Şemsiye Fonu,-9.7697,-2.4811,11.3575,25.6608,29.8444,190.1939,894706740.55,2426.0,Inveo Portföy Yönetimi A.Ş.,2.0,6.0,False,False,False,False,False,Hisse (aktif),0.0,0.0,76.35,-10.8452,False,False,2026-10-07
RBF,ROTA PORTFÖY BİRİNCİ BORÇLANMA ARAÇLARI FONU,Borçlanma Araçları Şemsiye Fonu,2.0126,7.5666,13.9405,16.2243,29.7983,,10347373.97,62.0,Rota Portföy Yönetimi A.Ş.,1.0,3.0,False,False,False,False,False,Kamu borçlanma (devlet tahvili),86.66,0.0,0.0,-5.6246,True,False,2026-10-06
MGH,TEB PORTFÖY MUTLAK GETİRİ HEDEFLİ HİSSE SENEDİ SERBEST FON (HİSSE SENEDİ YOĞUN FON),Serbest Şemsiye Fonu,2.5036,9.2458,14.4567,20.4316,29.7893,,,,,,,True,True,False,False,False,Hisse (aktif),,,,,False,False,
TJL,AZİMUT PORTFÖY TAYD HİSSE SENEDİ SERBEST ÖZEL FON (HİSSE SENEDİ YOĞUN FON),Serbest Şemsiye Fonu,-7.9722,-1.6362,10.2451,16.5531,29.7513,56.8429,1463083346.76,4.0,Azimut Portföy Yönetimi A.Ş.,0.0,6.0,False,True,False,True,False,Hisse (aktif),0.0,0.0,81.89,-21.0552,False,False,2026-10-06
GME,İŞ PORTFÖY EGE SERBEST ÖZEL FON,Serbest Şemsiye Fonu,0.729,9.845,12.5842,18.3837,29.7316,204.525,404107447.47,2.0,İş Portföy Yönetimi A.Ş.,0.0,,False,True,False,True,False,,0.0,0.0,46.39,-5.1544,True,False,2026-10-06
ZOS,ZİRAAT PORTFÖY ONBEŞİNCİ SERBEST FON,Serbest Şemsiye Fonu,-0.8154,5.295,10.5649,18.2881,29.7229,,890005589.53,11.0,Ziraat Portföy Yönetimi A.Ş.,0.0,5.0,False,True,False,False,False,,0.18,0.0,-44.29,-2.9814,False,False,2026-10-05
HBN,HSBC PORTFÖY BİRİNCİ FON SEPETİ FONU,Fon Sepeti Şemsiye Fonu,0.7193,5.612,11.5932,23.4886,29.6576,153.9341,513448872.72,994.0,HSBC Portföy Yönetimi A.Ş.,2.0,4.0,False,False,False,False,False,,0.0,0.0,0.0,-4.5562,False,False,2026-10-06
AK3,AK PORTFÖY HİSSE SENEDİ (TL) FONU (HİSSE SENEDİ YOĞUN FON),Hisse Senedi Şemsiye Fonu,-8.4781,-0.507,0.2578,22.7897,29.644,128.5551,7405440661.93,19256.0,Ak Portföy Yönetimi A.Ş.,2.0,6.0,False,False,False,False,False,Hisse (aktif),0.0,0.0,83.89,-12.8318,False,False,2026-10-06
DP4,DENİZ PORTFÖY GİZEM SERBEST (DÖVİZ) ÖZEL FON,Serbest Şemsiye Fonu,0.5968,5.9886,14.4298,20.9906,29.6094,161.7643,554345693.85,3.0,Deniz Portföy Yönetimi A.Ş.,0.0,,False,True,False,True,False,Eurobond / döviz,0.0,77.34,0.0,-1.1676,False,False,2026-10-06
KH1,AK PORTFÖY KATILIM HİSSE SENEDİ FONU (HİSSE SENEDİ YOĞUN FON),Hisse Senedi Şemsiye Fonu,-7.2777,0.9933,5.2848,27.3868,29.6032,,86833546.18,1137.0,Ak Portföy Yönetimi A.Ş.,2.0,6.0,False,False,False,False,False,Hisse (aktif),0.0,0.0,87.02,-11.5178,True,False,2026-10-06
OFS,OYAK PORTFÖY BİRİNCİ FON SEPETİ FONU,Fon Sepeti Şemsiye Fonu,-1.845,6.8514,8.3869,19.4439,29.52,169.3427,188949819.17,385.0,Oyak Portföy Yönetimi A.Ş.,2.0,4.0,False,False,False,False,False,,0.0,0.0,18.56,-6.1745,True,False,2026-10-06
FDG,FONMAP PORTFÖY BİRİNCİ DEĞİŞKEN FON,Değişken Şemsiye Fonu,-0.5525,-1.8465,3.492,14.0404,29.3877,,46573214.07,506.0,Fonmap Portföy Yönetimi A.Ş.,2.0,7.0,False,False,False,False,False,Karma / değişken,0.0,1.61,0.0,-7.2792,True,False,2026-10-06
ZBO,ZİRAAT PORTFÖY MUTLAK GETİRİ HEDEFLİ HİSSE SENEDİ SERBEST FON (HİSSE SENEDİ YOĞUN FON),Serbest Şemsiye Fonu,-0.222,10.7385,15.3105,24.5742,29.357,105.9208,,,,,,True,True,False,False,False,Hisse (aktif),,,,,False,False,
BGH,AZİMUT PORTFÖY BGN HİSSE SENEDİ SERBEST ÖZEL FON (HİSSE SENEDİ YOĞUN FON),Serbest Şemsiye Fonu,-7.9072,-0.7093,11.3562,15.4739,29.3357,50.0457,1042838496.78,1.0,Azimut Portföy Yönetimi A.Ş.,0.0,6.0,False,True,False,True,False,Hisse (aktif),0.0,0.0,88.7,-23.1168,False,False,2026-10-07
ITJ,İSTANBUL PORTFÖY SEKİZİNCİ SERBEST FON,Serbest Şemsiye Fonu,0.3444,5.8755,8.9783,35.4051,29.315,124.9561,224928323.83,11.0,İstanbul Portföy Yönetimi A.Ş.,0.0,7.0,False,True,False,False,False,,0.0,26.51,4.6,-14.8111,True,False,2026-10-07
SYL,AZİMUT PORTFÖY SYH HİSSE SENEDİ SERBEST ÖZEL FON (HİSSE SENEDİ YOĞUN FON),Serbest Şemsiye Fonu,-8.1936,-0.4709,12.1344,14.9451,29.3045,47.2265,1189397356.12,1.0,Azimut Portföy Yönetimi A.Ş.,0.0,6.0,False,True,False,True,False,Hisse (aktif),0.0,0.0,95.17,-24.9247,False,False,2026-10-07
IPG,İŞ PORTFÖY ATAK FON SEPETİ FONU,Fon Sepeti Şemsiye Fonu,0.9204,5.7001,10.235,16.4403,29.2739,164.928,354506461.11,1618.0,İş Portföy Yönetimi A.Ş.,3.0,5.0,False,False,False,False,False,,0.0,0.0,0.0,-4.6608,True,False,2026-10-07
PSL,AZİMUT PORTFÖY 8.0 SERBEST FON,Serbest Şemsiye Fonu,1.8767,7.0522,14.5545,21.7703,29.2467,132.6131,209331524.66,43.0,Azimut Portföy Yönetimi A.Ş.,1.0,5.0,False,True,False,False,False,,0.0,0.0,0.0,-0.511,True,False,2026-10-07
ARE,İSTANBUL PORTFÖY YABANCI HİSSE SENEDİ FONU,Hisse Senedi Şemsiye Fonu,-2.9652,6.2807,16.5188,26.1291,29.2428,117.7234,49724604.06,1780.0,İstanbul Portföy Yönetimi A.Ş.,3.0,6.0,False,False,False,False,False,Hisse (aktif),0.0,6.15,93.85,-8.0893,True,False,2026-10-07
IPU,İŞ PORTFÖY AS SERBEST ÖZEL FON,Serbest Şemsiye Fonu,3.3653,10.9207,24.7671,21.2579,29.1227,220.059,5756599083.75,1.0,İş Portföy Yönetimi A.Ş.,0.0,,False,True,False,True,False,Hisse (aktif),0.0,0.0,61.62,-13.1494,False,False,2026-10-07
RHD,ROTA PORTFÖY HEDEF SERBEST FON,Serbest Şemsiye Fonu,-3.8644,2.4436,6.286,24.1036,29.0792,,,,,,,True,True,False,False,False,,,,,,False,False,
IML,İŞ PORTFÖY MODEL PORTFÖY HİSSE SENEDİ (TL) FONU (HİSSE SENEDİ YOĞUN FON),Hisse Senedi Şemsiye Fonu,-8.2909,-1.8456,1.9192,17.707,29.0256,,817978539.08,3773.0,İş Portföy Yönetimi A.Ş.,2.0,6.0,False,False,False,False,False,Hisse (aktif),0.0,0.0,95.32,-15.0689,False,False,2026-10-07
AED,ATA PORTFÖY BİRİNCİ DEĞİŞKEN FON,Değişken Şemsiye Fonu,-6.628,2.062,3.979,26.9096,29.0108,120.8222,55441339.64,1246.0,Ata Portföy Yönetimi A.Ş.,2.0,6.0,False,False,False,False,False,Hisse (aktif),9.09,4.09,59.66,-8.4792,True,False,2026-10-06
HMG,HSBC PYŞ MUTLAK GETİRİ HEDEFLİ HİSSE SENEDİ SERBEST (TL) FON(HİSSE SENEDİ YOĞUN FON),Serbest Şemsiye Fonu,2.5959,8.5393,19.6266,22.07,29.0012,184.8755,,,,,,True,True,False,False,False,Hisse (aktif),,,,,False,False,
ZHH,ZİRAAT PORTFÖY HALKBANK SÜRDÜRÜLEBİLİRLİK 30 ŞİRKETLERİ HİSSE SENEDİ FONU (HİSSE SENEDİ YOĞUN FON),Hisse Senedi Şemsiye Fonu,-6.7794,1.9117,3.1452,19.3953,28.951,,84198920.4,1052.0,Ziraat Portföy Yönetimi A.Ş.,2.0,5.0,False,False,False,False,False,Hisse (aktif),0.0,0.0,95.26,-14.9343,True,False,2026-10-07
RD1,ROTA PORTFÖY BİRİNCİ DEĞİŞKEN FON,Değişken Şemsiye Fonu,2.3382,10.2384,13.8887,16.4175,28.9141,,67068832.38,106.0,Rota Portföy Yönetimi A.Ş.,3.0,3.0,False,False,False,False,False,Hisse (aktif),0.0,0.0,66.51,-8.192,True,False,2026-10-06
BIS,BV PORTFÖY BİRİNCİ SERBEST FON,Serbest Şemsiye Fonu,2.0456,7.7357,15.4439,22.7337,28.9063,,684711041.58,48.0,Bv Portföy Yönetimi A.Ş.,3.0,5.0,False,True,False,False,False,,0.0,34.76,0.0,-0.4711,False,False,2026-10-07
TMZ,İŞ PORTFÖY SÜRDÜRÜLEBİLİRLİK VE TARIM FON SEPETİ FONU,Fon Sepeti Şemsiye Fonu,-2.9685,4.5036,13.3266,22.8366,28.8227,,50761257.16,2417.0,İş Portföy Yönetimi A.Ş.,3.0,5.0,False,False,False,False,False,Hisse (aktif),0.0,0.0,8.76,-6.0932,True,False,2026-10-07
PSO,İŞ PORTFÖY PERAS SERBEST ÖZEL FON,Serbest Şemsiye Fonu,-2.2362,6.4318,9.9348,24.0809,28.7837,,879249254.02,1.0,İş Portföy Yönetimi A.Ş.,0.0,,False,True,False,True,False,Hisse (aktif),0.0,36.73,52.6,-6.9732,False,False,2026-10-07
HBU,HSBC PORTFÖY BİST 30 ENDEKSİ HİSSE SENEDİ FONU (HİSSE SENEDİ YOĞUN FON),Hisse Senedi Şemsiye Fonu,-12.5534,-9.3114,-3.6037,24.0274,28.7552,81.6836,452109579.11,2796.0,HSBC Portföy Yönetimi A.Ş.,2.0,7.0,False,False,False,False,False,BIST endeks hisse,0.0,0.0,95.97,-14.1096,True,False,2026-10-05
KTE,KUVEYT TÜRK PORTFÖY CEYLAN KİRA SERTİFİKALARI KATILIM SERBEST (DÖVİZ) ÖZEL FON,Serbest Şemsiye Fonu,2.3455,7.5025,15.5361,22.7386,28.7444,121.8853,109386804.5,1.0,Kuveyt Türk Portföy Yönetimi A.Ş.,0.0,,False,True,False,True,False,Eurobond / döviz,0.0,100.0,0.0,-0.1401,True,False,2026-10-07
GTY,GARANTİ PORTFÖY TREND SERBEST FON,Serbest Şemsiye Fonu,-2.6259,2.8694,12.7648,19.7691,28.7336,155.3892,393783063.24,442.0,Garanti Portföy Yönetimi A.Ş.,3.0,6.0,False,True,False,False,False,,5.53,0.0,13.12,-7.7209,True,False,2026-10-06
ZTG,ZİRAAT PORTFÖY TARIM VE GIDA FON SEPETİ FONU,Fon Sepeti Şemsiye Fonu,-4.1762,4.9199,13.58,24.6151,28.6987,,34321565.93,1032.0,Ziraat Portföy Yönetimi A.Ş.,3.0,5.0,False,False,False,False,False,Hisse (aktif),0.0,0.0,55.12,-5.9415,True,False,2026-10-07
GRL,QNB PORTFÖY AGRESİF SERBEST FON,Serbest Şemsiye Fonu,-3.6548,1.0108,3.6311,18.0656,28.647,,286199517.17,252.0,QNB Portföy Yönetimi A.Ş.,2.0,5.0,False,True,False,False,False,,0.0,0.0,36.38,-6.2768,True,False,2026-10-06
KPA,KUVEYT TÜRK PORTFÖY KAR PAYI ÖDEYEN KATILIM HİSSE SENEDİ FONU (HİSSE SENEDİ YOĞUN FON),Hisse Senedi Şemsiye Fonu,-9.3509,-3.9457,9.383,29.0592,28.645,,461996576.35,13081.0,Kuveyt Türk Portföy Yönetimi A.Ş.,2.0,6.0,False,False,False,False,False,Hisse (aktif),2.11,0.0,87.0,-13.5671,True,False,2026-10-06
GL1,AZİMUT PYŞ BİRİNCİ HİSSE SENEDİ FONU (HİSSE SENEDİ YOĞUN FON),Hisse Senedi Şemsiye Fonu,-9.3405,-1.7907,3.0496,18.6397,28.5757,106.0896,1174495284.0,925.0,Azimut Portföy Yönetimi A.Ş.,2.0,6.0,False,False,False,False,False,Hisse (aktif),0.0,0.0,86.75,-12.7735,False,False,2026-10-06
FYF,STRATEJİ PORTFÖY MUTLAK GETİRİ HEDEFLİ HİSSE SENEDİ SERBEST FON(HİSSE SENEDİ YOĞUN),Serbest Şemsiye Fonu,4.3558,11.9852,14.6968,19.6085,28.5044,166.571,,,,,,True,True,False,False,False,Hisse (aktif),,,,,False,False,
ZCK,ZİRAAT PORTFÖY AGRESİF KATILIM FONU,Katılım Şemsiye Fonu,-8.956,-1.2426,8.196,22.2058,28.4698,,368432828.16,2297.0,Ziraat Portföy Yönetimi A.Ş.,2.0,4.0,False,False,False,False,False,Hisse (aktif),0.0,3.3,82.02,-13.7095,True,False,2026-10-06
GZJ,GARANTİ PORTFÖY İKİNCİ FON SEPETİ FONU,Fon Sepeti Şemsiye Fonu,-1.6665,3.4398,8.4878,19.2013,28.4589,185.4984,1670869659.3,4825.0,Garanti Portföy Yönetimi A.Ş.,2.0,4.0,False,False,False,False,False,,0.0,0.0,0.0,-5.5199,False,False,2026-10-07
SRO,AZİMUT PORTFÖY SKY HİSSE SENEDİ SERBEST ÖZEL FON (HİSSE SENEDİ YOĞUN FON),Serbest Şemsiye Fonu,-6.8479,-0.2815,11.8499,15.0666,28.4443,55.8366,7225911988.56,6.0,Azimut Portföy Yönetimi A.Ş.,0.0,6.0,False,True,False,True,False,Hisse (aktif),0.29,12.56,83.44,-22.6716,False,False,2026-10-07
ALC,AK PORTFÖY KAR PAYI ÖDEYEN ŞİRKETLER HİSSE SENEDİ (TL) FONU (HİSSE SENEDİ YOĞUN FON),Hisse Senedi Şemsiye Fonu,-10.1951,-0.6705,-0.6301,20.8274,28.386,133.6224,1498782746.76,23645.0,Ak Portföy Yönetimi A.Ş.,2.0,6.0,False,False,False,False,False,Hisse (aktif),0.0,0.0,91.67,-12.0389,False,False,2026-10-06
NKJ,ATA PORTFÖY GIG SİGORTA SERBEST (TL) ÖZEL FON,Serbest Şemsiye Fonu,-5.6723,4.1918,4.8381,17.6395,28.2402,126.9101,1599230604.45,1.0,Ata Portföy Yönetimi A.Ş.,0.0,7.0,False,True,False,True,False,Hisse (aktif),14.74,0.0,78.12,-15.8235,False,False,2026-10-07
TPR,İŞ PORTFÖY PY HİSSE SENEDİ (TL) ÖZEL FONU (HİSSE SENEDİ YOĞUN FON),Hisse Senedi Şemsiye Fonu,-6.8817,-6.1895,-3.4894,20.7067,28.2354,105.8771,9853937.25,1.0,İş Portföy Yönetimi A.Ş.,0.0,6.0,False,False,False,True,False,Hisse (aktif),0.0,0.0,89.11,-13.6834,True,False,2026-10-07
ZFB,AK PORTFÖY FİNTEK VE BLOKZİNCİRİ TEKNOLOJİLERİ DEĞİŞKEN FON,Değişken Şemsiye Fonu,-5.0453,1.499,18.7947,28.024,28.2353,322.2991,942897166.61,14037.0,Ak Portföy Yönetimi A.Ş.,3.0,6.0,False,False,False,False,False,Hisse (aktif),0.0,0.0,83.64,-9.4776,False,False,2026-10-06
HOY,HSBC PORTFÖY YABANCI BYF FON SEPETI,Fon Sepeti Şemsiye Fonu,-0.6141,4.3066,16.4053,23.4906,28.2199,163.261,1297547932.35,2442.0,HSBC Portföy Yönetimi A.Ş.,2.0,7.0,False,False,False,False,False,,0.0,1.94,4.89,-6.9603,False,False,2026-10-07
TKF,TACİRLER PORTFÖY HİSSE SENEDİ FONU (HİSSE SENEDİ YOĞUN FON),Hisse Senedi Şemsiye Fonu,-7.7828,-3.1086,1.6586,19.7456,28.2097,67.3077,886629619.24,3825.0,Tacirler Portföy Yönetimi A.Ş.,2.0,6.0,False,False,False,False,False,Hisse (aktif),0.0,0.0,85.25,-11.9093,False,False,2026-10-07
IKL,İŞ PORTFÖY SAĞLIK ŞİRKETLERİ KARMA FON,Karma Şemsiye Fonu,-0.2659,4.9049,14.0311,17.6607,28.0847,136.6756,248516311.11,5004.0,İş Portföy Yönetimi A.Ş.,3.0,6.0,False,False,False,False,False,Hisse (aktif),0.0,22.09,73.96,-6.0998,True,False,2026-10-07
BIG,YAPI KREDİ PORTFÖY ÜÇÜNCÜ HİSSE SENEDİ FONU (HİSSE SENEDİ YOĞUN FON),Hisse Senedi Şemsiye Fonu,-7.8068,1.2568,2.9638,16.9277,28.0781,,412009604.84,2855.0,Yapı Kredi Portföy Yönetimi A.Ş.,2.0,6.0,False,False,False,False,False,Hisse (aktif),0.0,0.0,94.28,-16.2286,True,False,2026-10-07
FYA,İSTANBUL PORTFÖY ARK II SERBEST FON,Serbest Şemsiye Fonu,-5.1201,5.3627,-3.2325,25.0307,27.959,149.1543,1045816060.52,110.0,İstanbul Portföy Yönetimi A.Ş.,0.0,6.0,False,True,False,False,False,,0.0,37.13,11.44,-10.3839,False,False,2026-10-07
GAF,INVEO PORTFÖY BİRİNCİ HİSSE SENEDİ FONU (HİSSE SENEDİ YOĞUN FON),Hisse Senedi Şemsiye Fonu,-7.9079,-6.6484,-6.8243,10.8692,27.8977,105.2816,189084004.77,1288.0,Inveo Portföy Yönetimi A.Ş.,2.0,6.0,False,False,False,False,False,Hisse (aktif),0.0,0.0,92.83,-15.9633,True,False,2026-10-07
UAP,ÜNLÜ PORTFÖY ALTINCI SERBEST (DÖVİZ) ÖZEL FON,Serbest Şemsiye Fonu,0.3878,4.8618,12.9523,18.7229,27.8477,134.8439,472615593.31,1.0,Ünlü Portföy Yönetimi A.Ş.,0.0,6.0,False,True,False,True,False,Altın / kıymetli maden,59.95,0.0,0.33,-1.1387,True,False,2026-10-07
ZCB,ZİRAAT PORTFÖY MGN SERBEST (DÖVİZ) ÖZEL FON,Serbest Şemsiye Fonu,2.2145,7.0877,15.0579,20.2165,27.8454,139.6177,2483320.34,3.0,Ziraat Portföy Yönetimi A.Ş.,,3.0,False,True,False,True,False,Eurobond / döviz,0.0,0.0,0.0,-1.2138,True,False,2026-10-07
KCL,KARE PORTFÖY ÇOKLU VARLIK KATILIM FONU,Katılım Şemsiye Fonu,-4.7977,1.6128,1.4996,21.2304,27.8339,,10261801.3,131.0,Kare Portföy Yönetimi A.Ş.,2.0,6.0,False,False,False,False,False,Kira sertifikası / katılım,0.0,0.0,36.14,-8.2008,True,False,2026-10-06
SPA,AZIMUT PORTFÖY 6.0 SERBEST (DÖVIZ) FON,Serbest Şemsiye Fonu,0.4035,4.486,14.8097,19.8836,27.8176,128.7672,3185588288.02,192.0,Azimut Portföy Yönetimi A.Ş.,0.0,,False,True,False,False,False,Eurobond / döviz,0.0,67.85,0.0,-0.8834,False,False,2026-10-07
OHB,OYAK PORTFÖY BİRİNCİ HİSSE SENEDİ (TL) FONU (HİSSE SENEDİ YOĞUN FON),Hisse Senedi Şemsiye Fonu,-7.7428,0.6234,0.2833,18.978,27.7881,83.9238,1219377189.97,979.0,Oyak Portföy Yönetimi A.Ş.,2.0,6.0,False,False,False,False,False,Hisse (aktif),0.0,0.0,90.51,-13.008,False,False,2026-10-07
KUT,KUVEYT TÜRK PORTFÖY KIYMETLİ MADENLER KATILIM FONU,Katılım Şemsiye Fonu,-7.4179,4.6945,-9.2253,1.1135,27.7759,312.2848,6990087164.51,38000.0,Kuveyt Türk Portföy Yönetimi A.Ş.,1.0,6.0,False,False,False,False,False,Altın / kıymetli maden,0.78,0.05,0.0,-33.5872,False,False,2026-10-06
KDI,KARE PORTFÖY İKİNCİ SERBEST (DÖVİZ) FON,Serbest Şemsiye Fonu,1.7421,7.1782,15.8663,21.2239,27.7656,,14817327.23,12.0,Kare Portföy Yönetimi A.Ş.,0.0,3.0,False,True,False,False,False,Eurobond / döviz,0.0,0.0,0.0,-3.2602,True,False,2026-10-07
STI,ATLAS PORTFÖY SENTİMENT SERBEST FON,Serbest Şemsiye Fonu,-1.7285,18.4094,20.8324,41.1819,27.7526,,,,,,,True,True,False,False,False,,,,,,False,False,
YLC,ATA PORTFÖY TARIM VE GIDA DEĞİŞKEN FON,Değişken Şemsiye Fonu,-8.799,-1.8998,3.2332,21.9431,27.7511,73.9947,68710413.22,1175.0,Ata Portföy Yönetimi A.Ş.,3.0,5.0,False,False,False,False,False,Hisse (aktif),0.0,0.0,97.76,-11.557,True,False,2026-10-07
HYY,AK PORTFÖY HERAKLES HİSSE SENEDİ SERBEST ÖZEL FON (HİSSE SENEDİ YOĞUN FON),Serbest Şemsiye Fonu,-4.3692,1.7987,0.9833,13.6265,27.7054,142.1609,5854480010.48,1.0,Ak Portföy Yönetimi A.Ş.,0.0,7.0,False,True,False,True,False,Hisse (aktif),0.0,0.0,80.86,-15.2074,False,False,2026-10-07
HUI,AZİMUT PORTFÖY CAN HİSSE SENEDİ SERBEST ÖZEL FON (HİSSE SENEDİ YOĞUN FON),Serbest Şemsiye Fonu,-7.2354,-0.2964,11.6663,14.5457,27.5885,55.7734,2169245373.82,1.0,Azimut Portföy Yönetimi A.Ş.,0.0,6.0,False,True,False,True,False,Hisse (aktif),0.0,14.69,83.84,-21.929,False,False,2026-10-07
AFS,AK PORTFÖY SAĞLIK SEKTÖRÜ YABANCI HİSSE SENEDİ FONU,Hisse Senedi Şemsiye Fonu,0.6606,7.2392,16.6282,18.1836,27.5255,105.5317,884197766.64,28053.0,Ak Portföy Yönetimi A.Ş.,3.0,6.0,False,False,False,False,False,Hisse (aktif),0.0,0.0,97.32,-7.3456,False,False,2026-10-07
DOD,AZİMUT PORTFÖY 14.0 SERBEST (DÖVİZ) FON,Serbest Şemsiye Fonu,0.2485,5.5734,13.1914,18.728,27.5013,136.8508,13627528146.34,157.0,Azimut Portföy Yönetimi A.Ş.,0.0,,False,True,False,False,False,Eurobond / döviz,0.53,70.39,4.01,-1.7631,False,False,2026-10-07
IRO,İSTANBUL PORTFÖY ROBOTİK TEKNOLOJİLERİ SERBEST FON,Serbest Şemsiye Fonu,5.9739,2.1542,31.4986,31.1879,27.4526,,6113023.19,51.0,İstanbul Portföy Yönetimi A.Ş.,3.0,6.0,False,True,False,False,False,Hisse (aktif),0.0,0.0,74.2,-11.9522,True,False,2026-10-07
BRC,RE-PIE PORTFÖY BİRİNCİ İSTATİSTİKSEL ARBİTRAJ HİSSE SENEDİ SERBEST FON (HİSSE SENEDİ YOĞUN FON),Serbest Şemsiye Fonu,-3.2007,2.4437,11.2005,20.1807,27.451,,915357.53,22.0,Re-pıe Portföy Yönetimi A.Ş.,2.0,6.0,False,True,False,False,False,Hisse (aktif),0.0,0.0,100.0,-3.5541,True,False,2026-10-07
DHM,DENİZ PORTFÖY ESG-SÜRDÜRÜLEBİLİRLİK FON SEPETİ FONU,Fon Sepeti Şemsiye Fonu,-2.8568,3.4094,7.0471,20.9606,27.433,133.193,23626278.14,974.0,Deniz Portföy Yönetimi A.Ş.,2.0,6.0,False,False,False,False,False,Hisse (aktif),0.0,0.0,62.89,-9.4859,True,False,2026-10-07
TIE,İŞ PORTFÖY BIST 30 ENDEKSİ HİSSE SENEDİ (TL) FONU (HİSSE SENEDİ YOĞUN FON),Hisse Senedi Şemsiye Fonu,-12.5666,-9.3625,-3.751,22.4376,27.4093,81.2891,1787368018.96,19335.0,İş Portföy Yönetimi A.Ş.,2.0,6.0,False,False,False,False,False,BIST endeks hisse,0.0,0.0,96.65,-13.8928,False,False,2026-10-05
YAC,YAPI KREDİ PORTFÖY İKİNCİ FON SEPETİ FONU,Fon Sepeti Şemsiye Fonu,-0.56,6.8346,10.2986,19.5831,27.3985,137.0916,5449503929.9,9577.0,Yapı Kredi Portföy Yönetimi A.Ş.,2.0,5.0,False,False,False,False,False,,0.0,0.07,0.0,-6.1334,False,False,2026-10-07
ULH,ÜNLÜ PORTFÖY ONUNCU SERBEST FON,Serbest Şemsiye Fonu,4.2813,8.4532,19.1848,23.1437,27.3025,229.9354,1327695621.87,217.0,Ünlü Portföy Yönetimi A.Ş.,2.0,7.0,False,True,False,False,False,Hisse (aktif),0.0,0.0,79.02,-8.79,False,False,2026-10-07
HMC,HEDEF PORTFÖY EKİNOKS SERBEST (TL) FON,Serbest Şemsiye Fonu,11.1266,19.8678,21.9014,26.8983,27.2893,98.394,,,,,,True,True,False,False,False,,,,,,False,False,
AZV,AZİMUT PORTFÖY BKS SERBEST (DÖVİZ) ÖZEL FON,Serbest Şemsiye Fonu,0.1299,5.0847,13.3399,18.6964,27.289,157.6474,4646228334.0,5.0,Azimut Portföy Yönetimi A.Ş.,0.0,,False,True,False,True,False,Eurobond / döviz,0.0,88.01,0.0,-2.0229,False,False,2026-10-07
TIL,İŞ PORTFÖY KATILIM HİSSE SENEDİ (TL) FONU (HİSSE SENEDİ YOĞUN FON),Hisse Senedi Şemsiye Fonu,-8.0953,-5.7377,-0.6509,18.7939,27.2808,,70160120.03,1583.0,İş Portföy Yönetimi A.Ş.,2.0,6.0,False,False,False,False,False,Hisse (aktif),0.0,0.0,98.51,-12.9868,True,False,2026-10-06
MTV,AK PORTFÖY METAVERSE VE DİJİTAL YAŞAM TEKNOLOJİLERİ DEĞİŞKEN FON,Değişken Şemsiye Fonu,-0.0388,3.3558,22.0486,24.8896,27.271,197.2198,137755735.66,12201.0,Ak Portföy Yönetimi A.Ş.,3.0,6.0,False,False,False,False,False,Hisse (aktif),0.0,0.0,85.21,-8.168,True,False,2026-10-07
GMZ,İŞ PORTFÖY MZ SERBEST ÖZEL FON,Serbest Şemsiye Fonu,-4.7221,4.0833,7.5082,19.5745,27.2657,101.7756,363864525.2,2.0,İş Portföy Yönetimi A.Ş.,0.0,,False,True,False,True,False,Hisse (aktif),0.0,0.0,76.76,-9.8099,True,False,2026-10-07
AGC,AK PORTFÖY İKİNCİ DEĞİŞKEN FON,Değişken Şemsiye Fonu,1.7886,6.3949,13.233,20.2169,27.2142,126.2951,108965530.33,2447.0,Ak Portföy Yönetimi A.Ş.,3.0,2.0,False,False,False,False,False,Karma / değişken,68.03,0.0,0.0,-0.0518,True,False,2026-10-07
GTH,GARANTİ PORTFÖY İHRACATÇI ŞİRKETLER HİSSE SENEDİ (TL) FONU (HİSSE SENEDİ YOĞUN FON),Hisse Senedi Şemsiye Fonu,-11.4258,-1.4956,8.5074,28.6008,27.2038,,24160618.59,648.0,Garanti Portföy Yönetimi A.Ş.,2.0,6.0,False,False,False,False,False,Hisse (aktif),0.0,0.0,90.89,-14.4241,True,False,2026-10-07
IOT,AZİMUT PORTFÖY 216 SERBEST (DÖVİZ) ÖZEL FON,Serbest Şemsiye Fonu,0.5856,5.5175,13.6703,19.1902,27.1875,,272785199.35,6.0,Azimut Portföy Yönetimi A.Ş.,0.0,,False,True,False,True,False,Eurobond / döviz,0.0,77.88,0.0,-0.8552,True,False,2026-10-07
DYN,DENİZ PORTFÖY ELEKTRİKLİ VE OTONOM ARAÇ TEKNOLOJİLERİ DEĞİŞKEN FON,Değişken Şemsiye Fonu,-3.5081,-1.328,12.2285,22.8402,27.1229,120.6318,55298556.01,1514.0,Deniz Portföy Yönetimi A.Ş.,2.0,6.0,False,False,False,False,False,Hisse (aktif),0.0,0.0,65.01,-10.6207,True,False,2026-10-07
KOT,AZİMUT PORTFÖY KOÇ TOPLULUĞU ŞİRKETLERİ HİSSE SENEDİ FONU (HİSSE SENEDİ YOĞUN FON),Hisse Senedi Şemsiye Fonu,-4.0318,11.6295,8.3053,24.7336,27.0723,,137327662.93,2457.0,Azimut Portföy Yönetimi A.Ş.,2.0,6.0,False,False,False,False,False,Hisse (aktif),0.0,0.0,99.87,-13.4287,True,False,2026-10-07
SPE,AZIMUT PORTFÖY 5.0 SERBEST (DÖVIZ) FON,Serbest Şemsiye Fonu,-0.4948,3.9454,12.0839,18.68,27.0714,152.481,4480419918.43,939.0,Azimut Portföy Yönetimi A.Ş.,3.0,,False,True,False,False,False,Eurobond / döviz,3.69,83.44,0.0,-3.8937,False,False,2026-10-07
KIA,TRIVE PORTFÖY MUTLAK GETİRİ HEDEFLİ DEĞİŞKEN FON,Değişken Şemsiye Fonu,0.8711,4.5066,5.646,18.0458,27.0506,139.2228,,,,,,True,False,False,False,False,Karma / değişken,,,,,False,False,
ODN,AK PORTFÖY ONDÖRDÜNCÜ SERBEST (DÖVİZ) FON,Serbest Şemsiye Fonu,2.1409,7.4919,16.5629,20.6471,27.0367,,55887307140.81,7533.0,Ak Portföy Yönetimi A.Ş.,0.0,,False,True,False,False,False,Eurobond / döviz,21.44,34.81,0.0,-1.9932,False,False,2026-10-07
NHP,NEO PORTFÖY BİRİNCİ FON SEPETİ FONU,Fon Sepeti Şemsiye Fonu,-0.6517,0.8748,9.0284,17.0559,27.0057,159.7245,8297463.25,115.0,Neo Portföy Yönetimi A.Ş.,3.0,3.0,False,False,False,False,False,,0.0,0.0,0.0,-3.6208,True,False,2026-10-07
IDD,LOGOS PORTFÖY DİNAMİK DAĞIMLI SERBEST FON,Serbest Şemsiye Fonu,-4.2597,0.3506,4.7945,12.2903,26.9223,93.717,28962513.6,18.0,Logos Portföy Yönetimi A.Ş.,0.0,4.0,False,True,False,False,False,Hisse (aktif),6.15,0.04,63.06,-9.1274,True,False,2026-10-07
FPR,STRATEJİ PORTFÖY FOREST HİSSE SENEDİ SERBEST FON (HİSSE SENEDİ YOĞUN FON),Serbest Şemsiye Fonu,-5.6728,-1.5742,-2.2919,17.9037,26.9209,118.9675,174148799.94,30.0,Strateji Portföy Yönetimi A.Ş.,2.0,6.0,False,True,False,False,False,Hisse (aktif),0.0,0.0,83.58,-12.4158,True,False,2026-10-07
DTV,DENİZ PORTFÖY CEY SERBEST (DÖVİZ) ÖZEL FON,Serbest Şemsiye Fonu,0.2269,5.2607,13.5198,18.9117,26.9058,160.5899,4266429560.56,4.0,Deniz Portföy Yönetimi A.Ş.,0.0,,False,True,False,True,False,Eurobond / döviz,0.0,69.59,0.0,-12.0059,False,False,2026-10-07
OFI,OYAK PORTFÖY İKİNCİ FON SEPETİ FONU,Fon Sepeti Şemsiye Fonu,-2.707,5.2587,8.5757,19.6627,26.8962,142.793,155091733.25,490.0,Oyak Portföy Yönetimi A.Ş.,2.0,7.0,False,False,False,False,False,,0.0,0.0,36.69,-5.5503,True,False,2026-10-07
FYB,AZİMUT PORTFÖY EB SERBEST (DÖVİZ) ÖZEL FON,Serbest Şemsiye Fonu,0.0464,5.0453,12.4802,17.286,26.8034,190.1825,203560767.03,9.0,Azimut Portföy Yönetimi A.Ş.,0.0,,False,True,False,True,False,Eurobond / döviz,16.23,62.04,2.03,-3.8598,True,False,2026-10-07
DAZ,DENİZ PORTFÖY TÜRKİZ SERBEST(DÖVİZ) ÖZEL FON,Serbest Şemsiye Fonu,0.568,7.3592,16.8489,20.6825,26.7981,215.5473,339261896.37,4.0,Deniz Portföy Yönetimi A.Ş.,0.0,,False,True,False,True,False,Eurobond / döviz,0.0,60.23,17.26,-3.7473,True,False,2026-10-07
MLT,DENİZ PORTFÖY MELTEM HİSSE SENEDİ SERBEST (TL) FON (HİSSE SENEDİ YOĞUN FON),Serbest Şemsiye Fonu,-5.4358,1.5245,1.8635,22.5139,26.7894,,19125126.02,62.0,Deniz Portföy Yönetimi A.Ş.,2.0,6.0,False,True,False,False,False,Hisse (aktif),0.0,0.0,92.2,-14.7256,True,False,2026-10-07
ITZ,İŞ PORTFÖY ATLAS SERBEST (DÖVİZ) ÖZEL FON,Serbest Şemsiye Fonu,0.5521,5.4571,13.3454,19.0491,26.7707,,,,,,,True,True,False,True,False,Eurobond / döviz,,,,,False,False,
IPF,PERFORM PORTFÖY İKİNCİ SERBEST FON,Serbest Şemsiye Fonu,1.6121,5.285,14.2599,22.3964,26.7492,162.6555,170306456.64,56.0,Perform Portföy Yönetimi A.Ş.,0.0,6.0,False,True,False,False,False,Hisse (aktif),0.0,0.0,76.44,-6.0084,True,False,2026-10-07
YUI,YAPI KREDİ PORTFÖY BEYKOZ SERBEST FON,Serbest Şemsiye Fonu,-5.2115,2.5398,3.248,16.4366,26.7292,,898968980.52,7.0,Yapı Kredi Portföy Yönetimi A.Ş.,1.0,6.0,False,True,False,False,False,Hisse (aktif),0.0,0.0,66.99,-17.4867,False,False,2026-10-07
DFC,DENİZ PORTFÖY TARIM VE GIDA DEĞİŞKEN FON,Değişken Şemsiye Fonu,-6.7417,-0.7722,1.2539,23.5065,26.6672,68.2525,104787443.39,1427.0,Deniz Portföy Yönetimi A.Ş.,2.0,6.0,False,False,False,False,False,Hisse (aktif),0.0,0.0,78.71,-7.5399,True,False,2026-10-07
RBK,ALBARAKA PORTFÖY KATILIM FONU,Katılım Şemsiye Fonu,1.507,6.6022,14.2552,19.4413,26.6228,137.63,31600225.0,1087.0,Albaraka Portföy Yönetimi A.Ş.,3.0,4.0,False,False,False,False,False,Kira sertifikası / katılım,66.66,25.7,0.0,-0.528,True,False,2026-10-07
HFI,HEDEF PORTFÖY İKİNCİ KATILIM HİSSE SENEDİ SERBEST FON (HİSSE SENEDİ YOĞUN FON),Serbest Şemsiye Fonu,-10.5173,-2.5788,3.2915,28.1103,26.5694,,,,,,,True,True,False,False,False,Hisse (aktif),,,,,False,False,
PHI,PİRAMİT PORTFÖY HİSSE SENEDİ FONU (HİSSE SENEDİ YOĞUN FON),Hisse Senedi Şemsiye Fonu,-8.6168,-0.9697,5.9953,25.4532,26.5694,,70465694.15,112.0,Piramit Portföy Yönetimi A.Ş.,2.0,6.0,False,False,False,False,False,Hisse (aktif),0.0,0.0,93.18,-12.3271,True,False,2026-10-07
NSS,NUROL PORTFÖY SONENBERG KAR PAYI ÖDEYEN SERBEST (DÖVİZ) ÖZEL FON,Serbest Şemsiye Fonu,2.5211,8.6356,17.3566,21.6448,26.5646,133.8102,1152099958.57,1.0,Nurol Portföy Yönetimi A.Ş.,0.0,,False,True,False,True,False,Hisse (aktif),0.0,0.0,94.09,-1.6675,False,False,2026-10-07
ACC,İSTANBUL PORTFÖY DÖRDÜNCÜ HİSSE SENEDİ FONU (HİSSE SENEDİ YOĞUN),Hisse Senedi Şemsiye Fonu,-8.0584,-3.2682,-2.9114,19.7039,26.5339,103.3031,104188973.04,1062.0,İstanbul Portföy Yönetimi A.Ş.,2.0,6.0,False,False,False,False,False,Hisse (aktif),0.0,0.0,83.5,-13.6543,True,False,2026-10-07
HDK,HEDEF PORTFÖY VEGA İSTATİSTİKSEL ARBİTRAJ HİSSE SENEDİ SERBEST FON (HİSSE SENEDİ YOĞUN FON),Serbest Şemsiye Fonu,1.8006,5.4373,11.1284,19.1583,26.5248,177.571,,,,,,True,True,False,False,False,Hisse (aktif),,,,,False,False,
GAE,GARANTİ PORTFÖY BİST30 ENDEKSİ HİSSE SENEDİ (TL) FONU (HİSSE SENEDİ YOĞUN FON),Hisse Senedi Şemsiye Fonu,-11.4638,-7.9655,-2.54,22.9333,26.5219,80.6282,1406184709.16,14934.0,Garanti Portföy Yönetimi A.Ş.,2.0,6.0,False,False,False,False,False,BIST endeks hisse,0.0,0.0,90.47,-13.3539,False,False,2026-10-07
HSA,HSBC PORTFÖY DEĞİŞKEN (TL) FON,Değişken Şemsiye Fonu,-0.6661,3.7909,12.1425,22.7424,26.4929,113.3167,3961539751.47,2237.0,HSBC Portföy Yönetimi A.Ş.,2.0,5.0,False,False,False,False,False,Hisse (aktif),6.79,10.86,56.92,-8.7071,False,False,2026-10-07
GLP,GARANTİ PORTFÖY PRUVA SERBEST (DÖVİZ) ÖZEL FON,Serbest Şemsiye Fonu,0.6172,5.4567,13.5971,18.6737,26.478,144.3586,573200190.02,4.0,Garanti Portföy Yönetimi A.Ş.,0.0,6.0,False,True,False,True,False,Eurobond / döviz,0.0,81.01,0.0,-1.1898,False,False,2026-10-07
GNL,GARANTİ PORTFÖY UNL SERBEST (DÖVİZ) ÖZEL FON,Serbest Şemsiye Fonu,1.1712,5.8853,13.6702,18.913,26.4696,,1786868082.09,3.0,Garanti Portföy Yönetimi A.Ş.,0.0,6.0,False,True,False,True,False,Eurobond / döviz,0.0,48.45,0.1,-1.4978,False,False,2026-10-07
RBL,QNB PORTFÖY ROBOTİK VE BLOCKCHAİN TEKNOLOJİLERİ SERBEST FON,Serbest Şemsiye Fonu,-0.1968,7.5134,30.1282,34.3608,26.4584,,230295918.87,720.0,QNB Portföy Yönetimi A.Ş.,2.0,6.0,False,True,False,False,False,Hisse (aktif),0.0,0.0,85.59,-14.6665,True,False,2026-10-06
IYS,İŞ PORTFÖY SÜTAŞ SERBEST ÖZEL FON,Serbest Şemsiye Fonu,-3.2425,0.8549,4.7789,19.2644,26.4029,132.5469,5746277811.66,16.0,İş Portföy Yönetimi A.Ş.,0.0,3.0,False,True,False,True,False,,4.35,2.35,18.62,-4.2858,False,False,2026-10-07
ZSN,ZİRAAT PORTFÖY ÖPY BEŞİNCİ SERBEST (DÖVİZ-ABD DOLARI) ÖZEL FON,Serbest Şemsiye Fonu,2.0256,6.7135,13.8144,20.3498,26.3427,114.289,6907566990.18,2.0,Ziraat Portföy Yönetimi A.Ş.,0.0,5.0,False,True,False,True,False,Eurobond / döviz,0.0,0.0,0.0,-0.4317,False,False,2026-10-07
ASJ,AKTİF PORTFÖY HİSSE SENEDİ (TL) FONU (HİSSE SENEDİ YOĞUN FON),Hisse Senedi Şemsiye Fonu,-8.4423,-2.8182,0.9181,24.3861,26.3239,93.1978,55684169.99,694.0,Aktif Portföy Yönetimi A.Ş.,2.0,6.0,False,False,False,False,False,Hisse (aktif),0.0,0.0,93.69,-12.2908,True,False,2026-10-07
GGN,GARANTİ PORTFÖY AYDOĞAN SERBEST(DÖVİZ) ÖZEL FON,Serbest Şemsiye Fonu,0.8968,5.6717,13.4861,18.7667,26.2805,134.0621,493615735.91,4.0,Garanti Portföy Yönetimi A.Ş.,0.0,5.0,False,True,False,True,False,Eurobond / döviz,0.0,76.93,0.0,-0.6343,True,False,2026-10-07
ATJ,AZİMUT PORTFÖY İKİNCİ DEĞİŞKEN FON,Değişken Şemsiye Fonu,-6.9707,-1.6302,0.327,15.3356,26.2752,103.8932,988298299.57,9.0,Azimut Portföy Yönetimi A.Ş.,2.0,6.0,False,False,False,False,False,Hisse (aktif),0.27,0.0,80.6,-10.388,False,False,2026-10-07
RBI,RE-PIE PORTFÖY BİRİNCİ SERBEST (DÖVİZ) FON,Serbest Şemsiye Fonu,8.9475,9.2912,15.7751,20.8196,26.1915,,37587747.45,83.0,Re-pıe Portföy Yönetimi A.Ş.,3.0,5.0,False,True,False,False,False,Eurobond / döviz,0.0,55.12,0.0,-2.1494,True,False,2026-10-07
ICC,TEB PORTFÖY BEŞİNCİ DEĞİŞKEN FON,Değişken Şemsiye Fonu,-3.9598,1.3859,7.0997,19.236,26.1909,149.014,22312475.75,266.0,Icbc Portföy Yönetimi A.Ş.,2.0,4.0,False,False,False,False,False,Karma / değişken,9.65,4.14,17.0,-5.2823,True,False,2026-10-07
NKK,ATA PORTFÖY YÖNETİMİ A.Ş. SEKİZİNCİ SERBEST FON,Serbest Şemsiye Fonu,-1.3849,2.4414,5.5175,15.4551,26.1834,178.3302,1146151403.39,12.0,Ata Portföy Yönetimi A.Ş.,0.0,3.0,False,True,False,False,False,,23.62,31.73,18.93,-3.61,False,False,2026-10-07
ZZL,ZİRAAT PORTFÖY ONDÖRDÜNCÜ SERBEST FON,Serbest Şemsiye Fonu,-0.5615,4.4194,13.3375,20.1164,26.1715,159.2491,43120533.33,9.0,Ziraat Portföy Yönetimi A.Ş.,0.0,5.0,False,True,False,False,False,,0.0,0.0,3.19,-1.4582,True,False,2026-10-07
GUV,GARANTİ PORTFÖY UZUN VADELİ BORÇLANMA ARAÇLARI FONU,Borçlanma Araçları Şemsiye Fonu,0.6489,6.4667,9.9116,10.8241,26.1231,,734851726.97,1691.0,Garanti Portföy Yönetimi A.Ş.,1.0,5.0,False,False,False,False,False,Kamu borçlanma (devlet tahvili),90.57,0.0,0.0,-8.633,False,False,2026-10-06
PYL,AZİMUT PORTFÖY 11.0 SERBEST FON,Serbest Şemsiye Fonu,-3.7058,-0.8814,11.6059,28.1011,26.1173,127.7177,552368346.53,33.0,Azimut Portföy Yönetimi A.Ş.,0.0,5.0,False,True,False,False,False,,0.0,0.0,48.19,-5.743,False,False,2026-10-07
DCE,DENİZ PORTFÖY BAKHAM SERBEST (DÖVİZ) ÖZEL FON,Serbest Şemsiye Fonu,0.2614,4.6479,12.5653,17.9149,26.0467,160.8475,1306807333.65,3.0,Deniz Portföy Yönetimi A.Ş.,0.0,,False,True,False,True,False,Eurobond / döviz,0.0,49.36,0.0,-1.6921,False,False,2026-10-07
VFS,AZİMUT PORTFÖY AVF SERBEST ÖZEL FON,Serbest Şemsiye Fonu,-0.4822,5.1422,10.5469,12.4853,26.0351,,6407893.31,1.0,Azimut Portföy Yönetimi A.Ş.,0.0,2.0,False,True,False,True,False,Hisse (aktif),0.0,0.0,58.79,-3.0882,True,False,2026-10-07
IMT,İŞ PORTFÖY TOROS SERBEST (DÖVİZ) ÖZEL FON,Serbest Şemsiye Fonu,-0.5457,4.6619,12.3514,18.7056,26.0345,133.6673,715612626.69,4.0,İş Portföy Yönetimi A.Ş.,0.0,,False,True,False,True,False,Eurobond / döviz,0.0,71.46,0.0,-1.5123,False,False,2026-10-07
KLM,İŞ PORTFÖY KALAMIŞ SERBEST (DÖVİZ) ÖZEL FON,Serbest Şemsiye Fonu,0.093,4.7691,12.977,18.1886,25.9473,131.6423,1021637126.16,1.0,İş Portföy Yönetimi A.Ş.,0.0,,False,True,False,True,False,Eurobond / döviz,0.0,79.22,0.0,-1.6131,False,False,2026-10-07
RAN,İŞ PORTFÖY RANA SERBEST (DÖVİZ) ÖZEL FON,Serbest Şemsiye Fonu,0.6427,5.5664,13.1557,18.3813,25.8506,,1114227776.49,1.0,İş Portföy Yönetimi A.Ş.,0.0,,False,True,False,True,False,Eurobond / döviz,0.0,66.11,0.0,-1.3294,False,False,2026-10-07
SOS,HEDEF PORTFÖY SAĞLIK SEKTÖRÜ DEĞİŞKEN FON,Değişken Şemsiye Fonu,-10.1862,1.7965,12.9508,21.9617,25.8505,,,,,,,True,False,False,False,False,Karma / değişken,,,,,False,False,
GEZ,GARANTİ PORTFÖY ERN SERBEST (DÖVİZ) ÖZEL FON,Serbest Şemsiye Fonu,0.7315,5.546,13.3631,18.8687,25.8499,,409708894.9,1.0,Garanti Portföy Yönetimi A.Ş.,0.0,6.0,False,True,False,True,False,Eurobond / döviz,0.0,78.25,0.0,-0.9615,True,False,2026-10-07
AK2,AK PORTFÖY UZUN VADELİ BORÇLANMA ARAÇLARI FONU,Borçlanma Araçları Şemsiye Fonu,-0.089,6.9945,8.5718,11.0811,25.8235,94.6947,196726357.15,9036.0,Ak Portföy Yönetimi A.Ş.,1.0,5.0,False,False,False,False,False,Kamu borçlanma (devlet tahvili),91.16,7.82,0.0,-6.5195,True,False,2026-10-06
GIE,GARANTİ PORTFÖY GARANTİ BBVA İKLİM ENDEKSİ HİSSE SENEDİ (TL) FONU (HİSSE SENEDİ YOĞUN FON),Hisse Senedi Şemsiye Fonu,-6.5328,0.9876,0.523,20.9616,25.8101,107.9855,70093314.43,4397.0,Garanti Portföy Yönetimi A.Ş.,2.0,6.0,False,False,False,False,False,BIST endeks hisse,0.0,0.0,89.68,-12.217,True,False,2026-10-07
HKP,HEDEF PORTFÖY KATILIM HİSSE SENEDİ SERBEST (TL) FON (HİSSE SENEDİ YOĞUN FON),Serbest Şemsiye Fonu,-8.6275,-11.1076,5.9256,24.0259,25.8021,132.5224,,,,,,True,True,False,False,False,Hisse (aktif),,,,,False,False,
DP8,DENİZ PORTFÖY KAR PAYI ÖDEYEN ALTINCI SERBEST (DÖVİZ) FON,Serbest Şemsiye Fonu,1.4974,4.9167,14.1792,17.9062,25.6888,78.5763,406897834.74,49.0,Deniz Portföy Yönetimi A.Ş.,0.0,6.0,False,True,False,False,False,Altın / kıymetli maden,0.0,0.0,0.0,-0.401,True,False,2026-10-07
GAC,GARANTİ PORTFÖY YİRMİBİRİNCİ SERBEST (DÖVİZ) ÖZEL FON,Serbest Şemsiye Fonu,0.89,5.5847,12.8213,18.2391,25.6457,158.6988,435687795.48,1.0,Garanti Portföy Yönetimi A.Ş.,0.0,6.0,False,True,False,True,False,Eurobond / döviz,0.0,16.88,0.0,-0.848,True,False,2026-10-07
TPE,İŞ PORTFÖY PY EUROBOND BORÇLANMA ARAÇLARI (DÖVİZ) ÖZEL FONU,Borçlanma Araçları Şemsiye Fonu,0.5641,4.7916,12.316,17.7495,25.6229,129.4142,2371616296.01,34.0,İş Portföy Yönetimi A.Ş.,0.0,6.0,False,False,False,True,False,Eurobond / döviz,0.0,80.38,0.0,-0.8396,False,False,2026-10-07
PTG,AZİMUT PORTFÖY KZY SERBEST (DÖVİZ) ÖZEL FON,Serbest Şemsiye Fonu,-0.719,3.5741,11.8093,17.0203,25.6067,117.4619,115180268.25,1.0,Azimut Portföy Yönetimi A.Ş.,0.0,,False,True,False,True,False,Eurobond / döviz,0.0,0.0,0.0,-4.1701,True,False,2026-10-07
OPL,OSMANLI PORTFÖY İKİNCİ DEĞİŞKEN FON,Değişken Şemsiye Fonu,-3.4481,3.6271,3.2485,14.3179,25.5845,181.3128,29759850.3,367.0,Osmanlı Portföy Yönetimi A.Ş.,1.0,4.0,False,False,False,False,False,Karma / değişken,8.58,10.49,13.18,-8.1791,True,False,2026-10-07
GJD,GARANTİ PORTFÖY ORTAS SERBEST (DÖVİZ) ÖZEL FON,Serbest Şemsiye Fonu,0.6924,5.3987,13.0287,18.3711,25.5135,128.1289,409865836.45,3.0,Garanti Portföy Yönetimi A.Ş.,0.0,6.0,False,True,False,True,False,Eurobond / döviz,0.0,67.48,0.0,-0.7395,True,False,2026-10-07
BHL,İŞ PORTFÖY BİRİNCİ HİSSE SENEDİ SERBEST FON (HİSSE SENEDİ YOĞUN FON),Serbest Şemsiye Fonu,-7.4362,-7.3215,1.4232,17.6534,25.4611,,63743432.46,699.0,İş Portföy Yönetimi A.Ş.,2.0,6.0,False,True,False,False,False,Hisse (aktif),0.0,0.0,92.34,-13.1035,True,False,2026-10-07
KYS,KARE PORTFÖY YEDİNCİ SERBEST (DÖVİZ) FON,Serbest Şemsiye Fonu,0.0561,2.4722,8.9982,17.6916,25.4268,,11252369.06,18.0,Kare Portföy Yönetimi A.Ş.,3.0,3.0,False,True,False,False,False,Eurobond / döviz,0.0,99.98,0.0,-4.7195,True,False,2026-10-07
YVB,YAPI KREDİ PORTFÖY UZUN VADELİ BORÇLANMA ARAÇLARI FONU,Borçlanma Araçları Şemsiye Fonu,0.0356,7.3112,9.6966,9.8568,25.423,,112117675.53,688.0,Yapı Kredi Portföy Yönetimi A.Ş.,1.0,5.0,False,False,False,False,False,Kamu borçlanma (devlet tahvili),89.2,0.0,0.0,-8.5561,True,False,2026-10-06
GFY,GARANTİ PORTFÖY OL SERBEST (DÖVİZ) ÖZEL FON,Serbest Şemsiye Fonu,-0.1503,4.3207,12.4578,16.9978,25.413,147.1636,413836400.44,3.0,Garanti Portföy Yönetimi A.Ş.,0.0,5.0,False,True,False,True,False,Eurobond / döviz,0.0,44.8,0.0,-2.9395,True,False,2026-10-07
DK8,DENİZ PORTFÖY KAR PAYI ÖDEYEN SEKİZİNCİ SERBEST (DÖVİZ) FON,Serbest Şemsiye Fonu,1.5605,5.1027,14.729,19.277,25.4087,76.1024,3062525247.29,200.0,Deniz Portföy Yönetimi A.Ş.,0.0,5.0,False,True,False,False,False,Eurobond / döviz,0.0,99.81,0.0,-1.5523,False,False,2026-10-07
TJF,TEB PORTFÖY SÜRDÜRÜLEBİLİRLİK FON SEPETİ FONU,Fon Sepeti Şemsiye Fonu,-3.749,-0.1285,5.0984,20.226,25.3667,124.3736,52205488.13,506.0,Teb Portföy Yönetimi A.Ş.,3.0,6.0,False,False,False,False,False,Hisse (aktif),0.0,0.0,0.0,-8.1726,True,False,2026-10-07
NTB,AZİMUT PORTFÖY AVŞAR HİSSE SENEDİ SERBEST FON (HİSSE SENEDİ YOĞUN FON),Serbest Şemsiye Fonu,-5.4738,2.4389,2.3859,24.8233,25.3393,63.5568,3154576669.98,1.0,Azimut Portföy Yönetimi A.Ş.,2.0,6.0,False,True,False,False,False,Hisse (aktif),0.0,0.0,84.71,-12.989,False,False,2026-10-07
DOR,AZİMUT PORTFÖY OKSİJEN SERBEST (DÖVİZ) ÖZEL FON,Serbest Şemsiye Fonu,-0.7304,4.318,13.7194,18.5255,25.3355,149.8371,531592432.08,1.0,Azimut Portföy Yönetimi A.Ş.,0.0,,False,True,False,True,False,Eurobond / döviz,0.0,59.32,4.08,-2.4974,False,False,2026-10-07
AOY,AK PORTFÖY ALTERNATİF ENERJİ YABANCI HİSSE SENEDİ FONU,Hisse Senedi Şemsiye Fonu,-8.4315,-7.3883,-3.8339,10.0455,25.323,94.7462,878623354.71,33365.0,Ak Portföy Yönetimi A.Ş.,3.0,7.0,False,False,False,False,False,Hisse (aktif),0.0,0.0,97.65,-22.8448,False,False,2026-10-07
ADE,AK PORTFÖY MUTLAK GETİRİ HEDEFLİ DEĞİŞKEN FON,Değişken Şemsiye Fonu,4.4936,12.3913,8.7138,16.8574,25.3116,199.4717,,,,,,True,False,False,False,False,Karma / değişken,,,,,False,False,
STZ,STRATEJİ PORTFÖY HİSSE SENEDİ SERBEST FON (HİSSE SENEDİ YOĞUN FON),Serbest Şemsiye Fonu,-6.0908,-0.1816,-2.2626,17.0206,25.3068,113.131,498719192.93,80.0,Strateji Portföy Yönetimi A.Ş.,0.0,,False,True,False,False,False,Hisse (aktif),0.0,0.0,86.8,-12.6202,True,False,2026-10-07
DEF,ALLBATROSS PORTFÖY DEFNE SERBEST FON,Serbest Şemsiye Fonu,-10.2488,-5.6672,1.0265,11.5012,25.2966,,2308969.22,77.0,Allbatross Portföy Yönetimi A.Ş.,2.0,5.0,False,True,False,False,False,Hisse (aktif),0.0,0.0,83.52,-8.9464,True,False,2026-10-07
GMD,GLOBAL MD PORTFÖY BİRİNCİ FON SEPETİ FONU,Fon Sepeti Şemsiye Fonu,-3.1592,0.568,9.0619,18.1471,25.2951,35.0402,15074719.89,92.0,Global MD Portföy Yönetimi A.Ş.,3.0,5.0,False,False,False,False,False,,0.0,0.0,0.0,-4.2493,True,False,2026-10-07
GYN,GARANTİ PORTFÖY HCR SERBEST (DÖVİZ) ÖZEL FON,Serbest Şemsiye Fonu,0.7043,7.2425,13.8452,17.4603,25.2611,133.0438,1441425993.67,1.0,Garanti Portföy Yönetimi A.Ş.,0.0,6.0,False,True,False,True,False,Eurobond / döviz,0.0,39.88,11.27,-3.2303,False,False,2026-10-07
GAU,GARANTİ PORTFÖY YİRMİNCİ SERBEST (DÖVİZ) ÖZEL FON,Serbest Şemsiye Fonu,0.5001,5.2366,13.1698,18.3289,25.1936,138.4523,2199779349.42,5.0,Garanti Portföy Yönetimi A.Ş.,0.0,6.0,False,True,False,True,False,Eurobond / döviz,13.23,68.09,0.0,-1.0177,False,False,2026-10-07
YLE,YAPI KREDİ PORTFÖY BIST SÜRDÜRÜLEBİLİRLİK ENDEKSİ HİSSE SENEDİ FONU (HİSSE SENEDİ YOĞUN FON),Hisse Senedi Şemsiye Fonu,-7.3585,1.6653,1.701,20.9952,25.1838,92.3945,206671973.47,2156.0,Yapı Kredi Portföy Yönetimi A.Ş.,2.0,6.0,False,False,False,False,False,BIST endeks hisse,0.0,0.0,92.58,-11.4518,True,False,2026-10-07
PAI,AK PORTFÖY ING ÖZEL BANKACILIK VE PLATINUM MUTLAK GETİRİ HEDEFLİ DEĞİŞKEN ÖZEL FON,Değişken Şemsiye Fonu,4.4167,12.7232,8.5745,16.865,25.1222,182.5576,,,,,,True,False,False,True,False,Hisse (aktif),,,,,False,False,
OPH,OSMANLI PORTFÖY BİRİNCİ HİSSE SENEDİ FONU(HİSSE SENEDİ YOĞUN FON),Hisse Senedi Şemsiye Fonu,-8.4712,-5.6278,0.6214,15.3019,25.1172,52.7992,603602170.91,2193.0,Osmanlı Portföy Yönetimi A.Ş.,2.0,6.0,False,False,False,False,False,Hisse (aktif),0.0,0.0,98.54,-13.566,False,False,2026-10-07
YUN,YAPI KREDİ PORTFÖY İSTİNYE SERBEST (DÖVİZ) FON,Serbest Şemsiye Fonu,1.8411,6.2324,13.752,18.6623,24.9866,108.475,3296362605.8,618.0,Yapı Kredi Portföy Yönetimi A.Ş.,2.0,,False,True,False,False,False,Eurobond / döviz,0.0,96.05,0.0,-0.5873,False,False,2026-10-07
GDJ,GARANTİ PORTFÖY DÖRTLÜ SERBEST (DÖVİZ) ÖZEL FON,Serbest Şemsiye Fonu,0.7725,5.2863,12.5886,18.2476,24.949,,510402976.68,4.0,Garanti Portföy Yönetimi A.Ş.,0.0,6.0,False,True,False,True,False,Eurobond / döviz,0.0,80.39,0.0,-0.5955,False,False,2026-10-07
GGC,AK PORTFÖY KIYI HİSSE SENEDİ SERBEST ÖZEL FON (HİSSE SENEDİ YOĞUN FON),Serbest Şemsiye Fonu,-6.7008,3.8612,1.8834,17.8824,24.9132,112.4877,180426848.36,5.0,Ak Portföy Yönetimi A.Ş.,0.0,6.0,False,True,False,True,False,Hisse (aktif),0.0,0.0,80.73,-11.8168,True,False,2026-10-07
IMZ,İŞ PORTFÖY POYRAZ SERBEST (DÖVİZ) ÖZEL FON,Serbest Şemsiye Fonu,0.5466,5.4947,13.0299,17.9195,24.8037,136.7209,314926118.11,4.0,İş Portföy Yönetimi A.Ş.,0.0,,False,True,False,True,False,Eurobond / döviz,0.0,80.91,2.8,-1.909,True,False,2026-10-07
OCT,QNB PORTFÖY DENİZ YILDIZI SERBEST (DÖVİZ) ÖZEL FON,Serbest Şemsiye Fonu,0.0687,2.3061,10.7507,15.9967,24.7964,135.5743,437494325.46,5.0,QNB Portföy Yönetimi A.Ş.,0.0,,False,True,False,True,False,Eurobond / döviz,0.0,80.11,0.35,-1.8356,True,False,2026-10-07
PBS,AZİMUT PORTFÖY BOĞAZİÇİ SERBEST (DÖVİZ) FON,Serbest Şemsiye Fonu,0.1105,4.9915,11.752,17.3791,24.7102,127.3144,399693795.31,22.0,Azimut Portföy Yönetimi A.Ş.,0.0,,False,True,False,False,False,Eurobond / döviz,0.0,67.23,1.17,-0.6374,True,False,2026-10-07
ZPE,ZİRAAT PORTFÖY KATILIM HİSSE SENEDİ FONU (HİSSE SENEDİ YOĞUN FON),Hisse Senedi Şemsiye Fonu,-10.6081,0.291,2.1068,19.6064,24.6611,73.7984,1077422920.42,7198.0,Ziraat Portföy Yönetimi A.Ş.,2.0,6.0,False,False,False,False,False,Hisse (aktif),0.0,0.0,85.53,-14.1064,False,False,2026-10-07
ACU,İSTANBUL PORTFÖY URARTU SERBEST (DÖVİZ) FON,Serbest Şemsiye Fonu,2.0181,6.3366,13.0705,18.9973,24.6593,114.6224,1464551282.14,114.0,İstanbul Portföy Yönetimi A.Ş.,0.0,5.0,False,True,False,False,False,Eurobond / döviz,0.0,52.91,0.0,-0.1063,False,False,2026-10-07
PLS,DENİZ PORTFÖY LARA SERBEST (DÖVİZ) ÖZEL FON,Serbest Şemsiye Fonu,-1.5189,2.2137,8.2309,16.9696,24.6188,138.9295,919073725.14,7.0,Deniz Portföy Yönetimi A.Ş.,0.0,5.0,False,True,False,True,False,Eurobond / döviz,0.0,54.17,17.22,-3.5725,False,False,2026-10-07
YPP,YAPI KREDİ PORTFÖY PY KUZGUNCUK SERBEST ÖZEL FON,Serbest Şemsiye Fonu,-2.7512,8.2352,7.6036,20.8136,24.5884,78.2709,4729760314.72,1.0,Yapı Kredi Portföy Yönetimi A.Ş.,0.0,6.0,False,True,False,True,False,Hisse (aktif),0.0,0.03,60.24,-8.5728,False,False,2026-10-07
RPO,ROTA PORTFÖY FORTİS SERBEST (TL) ÖZEL FON,Serbest Şemsiye Fonu,-3.6552,0.532,-2.1701,12.4064,24.5864,78.5242,1578666762.43,3.0,Rota Portföy Yönetimi A.Ş.,0.0,6.0,False,True,False,True,False,Hisse (aktif),0.0,0.0,52.55,-12.8117,False,False,2026-10-07
GSE,AZİMUT PORTFÖY 7.0 SERBEST (DÖVİZ) FON,Serbest Şemsiye Fonu,1.4628,6.054,13.2659,19.0402,24.5788,109.2036,1423167759.81,104.0,Azimut Portföy Yönetimi A.Ş.,0.0,,False,True,False,False,False,Eurobond / döviz,1.9,38.96,0.0,-0.359,False,False,2026-10-07
TZC,ZİRAAT PORTFÖY BÜYÜYEN ÇOCUKLARA YÖNELİK DEĞİŞKEN ÖZEL FON,Değişken Şemsiye Fonu,-7.5183,-3.0963,2.1788,19.4305,24.5579,58.0302,29191925.71,1126.0,Ziraat Portföy Yönetimi A.Ş.,0.0,6.0,False,False,False,True,False,Hisse (aktif),0.0,0.0,78.4,-10.2757,True,False,2026-10-07
GLG,AKTİF PORTFÖY CAPİTAL HİSSE SENEDİ SERBEST FON (HİSSE SENEDİ YOĞUN FON),Serbest Şemsiye Fonu,-7.7086,-3.8133,-5.0678,12.9791,24.5122,105.9663,15292936.98,235.0,Aktif Portföy Yönetimi A.Ş.,2.0,6.0,False,True,False,False,False,Hisse (aktif),0.0,0.0,93.33,-17.6083,True,False,2026-10-07
IGF,İŞ PORTFÖY GÜZEL SERBEST (DÖVİZ) ÖZEL FON,Serbest Şemsiye Fonu,-0.0592,4.5335,11.8629,17.1686,24.4852,131.1918,1461590423.13,2.0,İş Portföy Yönetimi A.Ş.,0.0,0.0,False,True,False,True,False,Eurobond / döviz,0.0,96.53,0.0,-1.375,False,False,2026-10-07
MSO,ASTRA PORTFÖY MSK SERBEST (DÖVİZ) ÖZEL FON,Serbest Şemsiye Fonu,0.7426,5.3283,12.6145,17.7742,24.4595,,529288255.87,1.0,Astra Portföy Yönetimi A.Ş.,0.0,5.0,False,True,False,True,False,Eurobond / döviz,1.75,77.14,0.0,-0.5856,False,False,2026-10-07
OTJ,OYAK PORTFÖY KIYMETLİ MADENLER KATILIM FON SEPETİ FONU,Fon Sepeti Şemsiye Fonu,-7.5736,5.8042,-10.0783,-2.685,24.4065,265.7522,2848802186.03,19204.0,Oyak Portföy Yönetimi A.Ş.,2.0,6.0,False,False,False,False,False,Hisse (aktif),0.72,0.19,76.96,-34.479,False,False,2026-10-06
HVS,HSBC PORTFÖY HİSSE SENEDİ (TL) FONU (HİSSE SENEDİ YOĞUN FON),Hisse Senedi Şemsiye Fonu,-8.0334,-3.4744,1.6503,21.7119,24.3763,95.0548,2168859634.93,9055.0,HSBC Portföy Yönetimi A.Ş.,2.0,6.0,False,False,False,False,False,Hisse (aktif),0.0,0.0,94.23,-13.4675,False,False,2026-10-07
LHM,AK PORTFÖY NETA SERBEST (DÖVİZ) ÖZEL FON,Serbest Şemsiye Fonu,-0.5553,4.169,10.9779,16.8905,24.2851,156.6551,801441950.77,4.0,Ak Portföy Yönetimi A.Ş.,0.0,,False,True,False,True,False,Eurobond / döviz,0.0,72.11,0.0,-1.0748,False,False,2026-10-07
DAT,DENİZ PORTFÖY ARMUT SERBEST (DÖVİZ) ÖZEL FON,Serbest Şemsiye Fonu,0.1029,4.8144,12.3722,18.0575,24.2828,133.4543,229109879.8,6.0,Deniz Portföy Yönetimi A.Ş.,0.0,,False,True,False,True,False,Eurobond / döviz,0.0,78.8,0.0,-0.7145,True,False,2026-10-07
NSD,NUROL PORTFÖY DÖRDÜNCÜ SERBEST (DÖVİZ) FON,Serbest Şemsiye Fonu,1.9102,6.1576,13.749,19.3042,24.2489,112.9052,16471587236.81,128.0,Nurol Portföy Yönetimi A.Ş.,2.0,6.0,False,True,False,False,False,Eurobond / döviz,0.0,0.0,0.0,-0.1538,False,False,2026-10-07
PFO,PHİLLİP PORTFÖY FON SEPETİ FONU,Fon Sepeti Şemsiye Fonu,-8.8956,-2.4174,-1.9126,11.0279,24.1874,,67553521.54,254.0,Phillip Portföy Yönetimi A.Ş.,3.0,4.0,False,False,False,False,False,,0.0,0.0,1.38,-10.6143,True,False,2026-10-07
OJU,QNB PORTFÖY UFUK SERBEST (DÖVİZ) ÖZEL FON,Serbest Şemsiye Fonu,0.0349,4.7325,12.1507,16.1959,24.1776,141.2053,56144939.54,2.0,QNB Portföy Yönetimi A.Ş.,0.0,,False,True,False,True,False,Eurobond / döviz,0.0,99.45,0.0,-2.0248,True,False,2026-10-07
KTI,AZİMUT PORTFÖY KATILIM HİSSE SENEDİ FONU (HİSSE SENEDİ YOĞUN FON),Hisse Senedi Şemsiye Fonu,-11.3005,-4.9806,5.4084,21.9416,24.1606,,109276410.6,513.0,Azimut Portföy Yönetimi A.Ş.,2.0,6.0,False,False,False,False,False,Hisse (aktif),4.68,0.0,90.09,-15.9132,True,False,2026-10-07
HVK,HEDEF PORTFÖY BİRİNCİ BORÇLANMA ARAÇLARI (TL) FONU,Borçlanma Araçları Şemsiye Fonu,2.9468,-7.6937,1.8455,13.3671,24.116,213.1258,388895447.29,1190.0,Hedef Portföy Yönetimi A.Ş.,1.0,2.0,True,False,False,False,False,Özel sektör borçlanma,0.0,82.37,0.0,-12.6966,True,False,2026-10-06
ZPN,ZİRAAT PORTFÖY BUDİN SERBEST (DÖVİZ) ÖZEL FON,Serbest Şemsiye Fonu,-1.0842,3.3188,11.8582,16.0312,24.0868,150.5314,1937053917.99,1.0,Ziraat Portföy Yönetimi A.Ş.,0.0,6.0,False,True,False,True,False,Eurobond / döviz,0.0,38.78,16.77,-4.028,False,False,2026-10-07
TTS,TEB PORTFÖY DÖRDÜNCÜ SERBEST (DÖVİZ) ÖZEL FON,Serbest Şemsiye Fonu,-0.0253,5.3824,12.4418,17.14,24.0742,133.2387,2221149426.1,1.0,Teb Portföy Yönetimi A.Ş.,0.0,,False,True,False,True,False,Eurobond / döviz,0.0,51.26,5.77,-3.5124,False,False,2026-10-07
DZP,AZİMUT PORTFÖY DENİZ SERBEST (DÖVİZ) ÖZEL FON,Serbest Şemsiye Fonu,1.0544,6.2197,13.9703,17.1278,24.0636,,470180913.0,2.0,Azimut Portföy Yönetimi A.Ş.,0.0,,False,True,False,True,False,Eurobond / döviz,0.0,85.95,14.05,-2.9537,True,False,2026-10-07
UAB,ÜNLÜ PORTFÖY BONCUK SERBEST (DÖVİZ) ÖZEL FON,Serbest Şemsiye Fonu,-1.7487,4.1699,10.6867,15.933,24.0595,114.5323,637239273.49,2.0,Ünlü Portföy Yönetimi A.Ş.,0.0,5.0,False,True,False,True,False,Eurobond / döviz,40.04,0.0,8.81,-2.3188,False,False,2026-10-07
ZCH,ZİRAAT PORTFÖY ODAK SERBEST ÖZEL FON,Serbest Şemsiye Fonu,-4.1243,-1.7253,3.3146,17.3859,24.0133,28.5006,9003583462.91,1.0,Ziraat Portföy Yönetimi A.Ş.,0.0,6.0,False,True,False,True,False,,0.0,8.64,43.06,-9.7115,False,False,2026-10-07
GVA,GARANTİ PORTFÖY ELEKTRİKLİ VE OTONOM ARAÇLAR DEĞİŞKEN FON,Değişken Şemsiye Fonu,-3.6806,-3.006,5.0422,15.3281,23.9939,119.3115,88388506.37,3204.0,Garanti Portföy Yönetimi A.Ş.,3.0,6.0,False,False,False,False,False,Hisse (aktif),0.0,4.79,79.67,-13.8268,True,False,2026-10-07
ODV,AK PORTFÖY ÜÇÜNCÜ FON SEPETİ FONU,Fon Sepeti Şemsiye Fonu,-0.1485,4.0516,2.9654,15.088,23.9843,153.9141,1492308763.58,3592.0,Ak Portföy Yönetimi A.Ş.,3.0,5.0,False,False,False,False,False,,0.0,0.0,15.23,-7.6771,False,False,2026-10-07
OMB,ASTRA PORTFÖY MAB SERBEST (DÖVİZ) ÖZEL FON,Serbest Şemsiye Fonu,0.675,4.882,12.165,17.5387,23.9702,127.5474,229555948.96,3.0,Astra Portföy Yönetimi A.Ş.,0.0,,False,True,False,True,False,Eurobond / döviz,8.04,71.23,0.0,-0.4384,True,False,2026-10-07
PTC,PERFORM PORTFÖY İKİNCİ SERBEST (DÖVİZ) FON,Serbest Şemsiye Fonu,0.5559,4.6991,11.5795,16.6847,23.9559,126.7217,1070606080.7,53.0,Perform Portföy Yönetimi A.Ş.,0.0,6.0,False,True,False,False,False,Eurobond / döviz,89.73,0.0,0.0,-1.0179,False,False,2026-10-07
NCS,NUROL PORTFÖY ÜÇÜNCÜ SERBEST (DÖVİZ) FON,Serbest Şemsiye Fonu,2.0737,6.4453,13.2682,19.0575,23.9334,115.2402,4133849257.04,1102.0,Nurol Portföy Yönetimi A.Ş.,2.0,6.0,False,True,False,False,False,Eurobond / döviz,0.0,42.36,0.0,-0.1508,False,False,2026-10-07
YPK,YAPI KREDİ PORTFÖY GALATA SERBEST FON,Serbest Şemsiye Fonu,-0.4792,5.931,7.8602,8.1925,23.9316,143.7287,208504524.99,201.0,Yapı Kredi Portföy Yönetimi A.Ş.,2.0,5.0,False,True,False,False,False,,87.49,0.0,0.0,-8.6569,True,False,2026-10-07
IBJ,AZİMUT PORTFÖY 18.0 SERBEST (DÖVİZ) FON,Serbest Şemsiye Fonu,-0.4439,4.7032,10.9942,16.1751,23.895,154.639,821885926.07,23.0,Azimut Portföy Yönetimi A.Ş.,0.0,,False,True,False,False,False,Eurobond / döviz,0.0,61.05,3.94,-2.9015,False,False,2026-10-07
ULL,QNB PORTFÖY SEKİZİNCİ SERBEST (DÖVİZ) ÖZEL FON,Serbest Şemsiye Fonu,1.1772,3.218,14.1691,17.9434,23.8334,137.8566,294938468.41,3.0,QNB Portföy Yönetimi A.Ş.,0.0,,False,True,False,True,False,Eurobond / döviz,8.25,64.51,19.54,-3.8007,True,False,2026-10-07
GNK,AZİMUT PORTFÖY SARPAY SERBEST (DÖVİZ) ÖZEL FON,Serbest Şemsiye Fonu,-0.618,4.5222,12.6735,17.9474,23.823,127.427,492920309.52,1.0,Azimut Portföy Yönetimi A.Ş.,0.0,,False,True,False,True,False,Eurobond / döviz,0.0,41.72,18.9,-2.322,True,False,2026-10-07
FBV,İŞ PORTFÖY MODEL SERBEST FON,Serbest Şemsiye Fonu,-4.6611,2.9588,6.2446,20.7366,23.7967,215.4252,598098612.02,1683.0,İş Portföy Yönetimi A.Ş.,3.0,6.0,False,True,False,False,False,,0.0,0.0,0.0,-9.7786,False,False,2026-10-07
TPZ,TEB PORTFÖY KİRA SERTİFİKALARI (DÖVİZ) KATILIM FONU,Katılım Şemsiye Fonu,1.4306,5.7491,12.9192,18.1506,23.7675,128.9477,147464940.75,1420.0,Teb Portföy Yönetimi A.Ş.,3.0,6.0,False,False,False,False,False,Eurobond / döviz,51.28,0.0,0.0,-0.1916,True,False,2026-10-06
KNV,AK PORTFÖY OPERA SERBEST (DÖVİZ) ÖZEL FON,Serbest Şemsiye Fonu,1.142,5.6458,14.2792,17.9265,23.754,136.2801,329541746.86,5.0,Ak Portföy Yönetimi A.Ş.,0.0,6.0,False,True,False,True,False,Eurobond / döviz,0.0,59.41,10.07,-3.4768,True,False,2026-10-07
DZ2,DENİZ PORTFÖY İKİNCİ SERBEST ÖZEL FON,Serbest Şemsiye Fonu,-7.6034,-4.1088,-3.9376,10.8941,23.724,,13981291597.29,2.0,Deniz Portföy Yönetimi A.Ş.,0.0,6.0,False,True,False,True,False,Hisse (aktif),8.83,6.92,56.01,-10.5742,False,False,2026-10-07
CEY,ROTA PORTFÖY CEY SERBEST (DÖVİZ) ÖZEL FON,Serbest Şemsiye Fonu,0.7099,4.8937,12.0096,16.971,23.7094,119.7109,225241830.84,3.0,Rota Portföy Yönetimi A.Ş.,0.0,,False,True,False,True,False,Eurobond / döviz,73.5,0.0,0.0,-1.0571,True,False,2026-10-07
YDI,YAPI KREDİ PORTFÖY MODEL PORTFÖY HİSSE SENEDİ FONU (HİSSE SENEDİ YOĞUN FON),Hisse Senedi Şemsiye Fonu,-6.9883,2.3383,2.0804,15.5716,23.5917,80.2391,1080081802.37,6691.0,Yapı Kredi Portföy Yönetimi A.Ş.,2.0,6.0,False,False,False,False,False,Hisse (aktif),0.0,0.0,86.95,-14.2751,False,False,2026-10-07
TPJ,TEB PORTFÖY BİRİNCİ SERBEST (DÖVİZ) FON,Serbest Şemsiye Fonu,1.3369,5.9413,12.5623,16.925,23.5846,125.413,2290821790.77,1385.0,Teb Portföy Yönetimi A.Ş.,3.0,6.0,False,True,False,False,False,Eurobond / döviz,6.86,46.46,0.0,-1.6272,False,False,2026-10-07
TCC,TACİRLER PORTFÖY SERBEST ( DÖVİZ ) FON,Serbest Şemsiye Fonu,-1.0773,6.6401,15.2188,18.7069,23.5608,123.082,359056090.15,323.0,Tacirler Portföy Yönetimi A.Ş.,3.0,6.0,False,True,False,False,False,Hisse (aktif),0.0,16.66,65.89,-8.8005,True,False,2026-10-07
BKY,YAPI KREDİ PORTFÖY BİRİNCİ KATILIM SERBEST (DÖVİZ) FON,Serbest Şemsiye Fonu,1.961,6.3079,13.2445,19.0135,23.555,,9338792201.21,1107.0,Yapı Kredi Portföy Yönetimi A.Ş.,1.0,,False,True,False,False,False,Eurobond / döviz,0.0,97.7,0.0,-0.1393,False,False,2026-10-07
GFD,GARANTİ PORTFÖY BAL SERBEST (DÖVİZ) ÖZEL FON,Serbest Şemsiye Fonu,0.2145,4.6564,11.6887,15.8371,23.5221,145.6505,109404240.56,2.0,Garanti Portföy Yönetimi A.Ş.,0.0,6.0,False,True,False,True,False,Eurobond / döviz,0.0,0.0,0.0,-2.1015,True,False,2026-10-07
OIS,ASTRA PORTFÖY İKİNCİ SERBEST ÖZEL FON,Serbest Şemsiye Fonu,-0.7516,4.8267,10.84,16.6731,23.5033,118.6733,656078775.06,2.0,Astra Portföy Yönetimi A.Ş.,0.0,5.0,False,True,False,True,False,,39.69,0.0,0.0,-1.4139,False,False,2026-10-07
TRU,TERA PORTFÖY KATILIM SERBEST (DÖVİZ) FON,Serbest Şemsiye Fonu,1.5126,6.1047,13.1604,19.7804,23.4989,,,,,,,True,True,False,False,False,Eurobond / döviz,,,,,False,False,
AZZ,AK PORTFÖY ÖPY MUTLAK GETİRİ HEDEFLİ SERBEST (DÖVİZ) ÖZEL FON,Serbest Şemsiye Fonu,1.9467,6.3636,13.1225,18.7206,23.473,105.5998,,,,,,True,True,False,True,False,Eurobond / döviz,,,,,False,False,
FJC,FİBA PORTFÖY MELTEM ÜÇÜNCÜ SERBEST (DÖVİZ) FON,Serbest Şemsiye Fonu,1.9498,6.2797,13.1445,18.8193,23.4709,105.4668,1222554214.55,93.0,Fiba Portföy Yönetimi A.Ş.,0.0,,False,True,False,False,False,Eurobond / döviz,0.0,97.19,0.0,-0.1392,False,False,2026-10-07
DPB,DENİZ PORTFÖY SERBEST (DÖVİZ) FON,Serbest Şemsiye Fonu,-0.1523,4.5856,10.4645,15.0013,23.468,167.3823,7758030677.87,2550.0,Deniz Portföy Yönetimi A.Ş.,3.0,6.0,False,True,False,False,False,Eurobond / döviz,2.23,79.46,0.0,-3.0602,False,False,2026-10-07
IPV,İŞ PORTFÖY EUROBOND BORÇLANMA ARAÇLARI (DÖVİZ) FONU,Borçlanma Araçları Şemsiye Fonu,0.184,4.5333,10.7545,15.5179,23.4651,121.5103,2076650256.44,11428.0,İş Portföy Yönetimi A.Ş.,3.0,6.0,False,False,False,False,False,Eurobond / döviz,0.0,61.76,0.0,-1.4998,False,False,2026-10-06
MLS,AKTİF PORTFÖY SİYAH BEYAZ SERBEST ÖZEL FON,Serbest Şemsiye Fonu,1.51,5.7128,14.8555,21.2825,23.4433,101.3887,1380966878.97,4.0,Aktif Portföy Yönetimi A.Ş.,0.0,5.0,False,True,False,True,False,,0.0,9.82,16.92,-1.6184,False,False,2026-10-07
BTY,İŞ PORTFÖY BTY SERBEST (DÖVİZ) ÖZEL FON,Serbest Şemsiye Fonu,0.544,5.3759,12.5947,16.6927,23.4256,,643852676.91,2.0,İş Portföy Yönetimi A.Ş.,0.0,,False,True,False,True,False,Eurobond / döviz,0.0,56.2,0.0,-1.8721,False,False,2026-10-07
URG,AK PORTFÖY BİRİNCİ SERBEST (DÖVİZ) ÖZEL FON,Serbest Şemsiye Fonu,-0.2663,4.0352,11.0703,16.0003,23.3978,132.7221,1152378140.92,2.0,Ak Portföy Yönetimi A.Ş.,0.0,6.0,False,True,False,True,False,Eurobond / döviz,0.0,37.96,0.0,-1.8283,False,False,2026-10-07
PMG,İŞ PORTFÖY MG HİSSE SENEDİ ÖZEL FONU (HİSSE SENEDİ YOĞUN FON),Hisse Senedi Şemsiye Fonu,-5.3277,0.0716,2.5849,17.6706,23.3966,,1175758480.98,1.0,İş Portföy Yönetimi A.Ş.,0.0,6.0,False,False,False,True,False,Hisse (aktif),0.0,0.0,97.02,-10.2836,False,False,2026-10-07
IV6,INVEO PORTFÖY TE3 SERBEST (DÖVİZ) ÖZEL FON,Serbest Şemsiye Fonu,-0.0866,4.9721,12.1163,17.577,23.3803,124.9406,1663157778.36,1.0,Inveo Portföy Yönetimi A.Ş.,0.0,5.0,False,True,False,True,False,Eurobond / döviz,0.0,22.62,19.49,-1.5899,False,False,2026-10-07
GPJ,GARANTİ PORTFÖY PORTAKAL SERBEST (DÖVİZ) ÖZEL FON,Serbest Şemsiye Fonu,0.4738,4.7198,11.8781,16.5903,23.3415,,863071381.38,2.0,Garanti Portföy Yönetimi A.Ş.,0.0,6.0,False,True,False,True,False,Eurobond / döviz,0.0,94.9,0.0,-1.0981,False,False,2026-10-07
YHS,YAPI KREDİ PORTFÖY BİRİNCİ HİSSE SENEDİ FONU (HİSSE SENEDİ YOĞUN FON),Hisse Senedi Şemsiye Fonu,-9.0015,-0.316,1.4991,17.5956,23.3363,87.4899,2500773906.29,8305.0,Yapı Kredi Portföy Yönetimi A.Ş.,2.0,6.0,False,False,False,False,False,Hisse (aktif),0.0,0.0,92.96,-14.4752,False,False,2026-10-07
DKS,DENİZ PORTFÖY KUZEYYILDIZI SERBEST (DÖVİZ) ÖZEL FON,Serbest Şemsiye Fonu,-0.0376,4.4267,11.5598,16.327,23.3329,137.7306,235899048.76,2.0,Deniz Portföy Yönetimi A.Ş.,0.0,5.0,False,True,False,True,False,Eurobond / döviz,0.0,59.95,0.0,-1.4112,True,False,2026-10-07
YTJ,YAPI KREDİ PORTFÖY DUDULLU SERBEST (DÖVİZ) ÖZEL FON,Serbest Şemsiye Fonu,-0.0337,3.0842,10.9504,15.7966,23.3248,133.8511,1246717868.01,1.0,Yapı Kredi Portföy Yönetimi A.Ş.,0.0,,False,True,False,True,False,Eurobond / döviz,0.0,95.4,0.0,-1.2094,False,False,2026-10-07
DKH,DENİZ PORTFÖY KATILIM HİSSE SENEDİ (TL) FONU (HİSSE SENEDİ YOĞUN FON),Hisse Senedi Şemsiye Fonu,-8.1131,-3.0295,3.9457,21.8303,23.2941,88.6429,76801068.37,1304.0,Deniz Portföy Yönetimi A.Ş.,2.0,5.0,False,False,False,False,False,Hisse (aktif),0.0,1.3,95.02,-11.3635,True,False,2026-10-07
DUV,DENİZ PORTFÖY UZUN VADELİ BORÇLANMA ARAÇLARI FONU,Borçlanma Araçları Şemsiye Fonu,-0.0585,5.9363,8.9977,8.5103,23.2701,,54961495.76,180.0,Deniz Portföy Yönetimi A.Ş.,1.0,5.0,False,False,False,False,False,Kamu borçlanma (devlet tahvili),96.66,0.0,0.0,-8.8631,True,False,2026-10-06
FYM,AZİMUT PORTFÖY ÜÇÜNCÜ SERBEST (DÖVİZ) FON,Serbest Şemsiye Fonu,0.2964,4.4979,12.0882,16.5788,23.2694,143.8121,340612785.68,15.0,Azimut Portföy Yönetimi A.Ş.,0.0,,False,True,False,False,False,Eurobond / döviz,0.0,81.44,0.0,-2.091,True,False,2026-10-07
TP1,TEB PORTFÖY UYUM SERBEST (DÖVİZ) ÖZEL FON,Serbest Şemsiye Fonu,0.605,4.8479,11.9922,16.3943,23.2635,138.4871,382603746.69,1.0,Teb Portföy Yönetimi A.Ş.,0.0,,False,True,False,True,False,Eurobond / döviz,0.0,99.86,0.0,-1.1069,True,False,2026-10-07
YDZ,YAPI KREDİ PORTFÖY ODEABANK DÖRDÜNCÜ SERBEST (DÖVİZ) ÖZEL FON,Serbest Şemsiye Fonu,1.9438,6.2236,13.0404,18.6291,23.2581,102.9508,8892013264.4,2340.0,Yapı Kredi Portföy Yönetimi A.Ş.,0.0,,False,True,False,True,False,Eurobond / döviz,2.77,89.97,0.0,-0.1404,False,False,2026-10-07
MOD,YAPI KREDİ PORTFÖY MODA SERBEST (DÖVİZ) ÖZEL FON,Serbest Şemsiye Fonu,0.5337,5.0393,12.4687,16.515,23.2449,,744730324.8,2.0,Yapı Kredi Portföy Yönetimi A.Ş.,0.0,,False,True,False,True,False,Eurobond / döviz,0.0,99.83,0.0,-1.4667,False,False,2026-10-07
NBZ,NEO PORTFÖY BİRİNCİ SERBEST (DÖVİZ) FON,Serbest Şemsiye Fonu,1.9058,6.0899,12.6174,18.0678,23.2325,101.6565,1170549481.26,174.0,Neo Portföy Yönetimi A.Ş.,2.0,6.0,False,True,False,False,False,Eurobond / döviz,0.0,4.14,0.0,-0.1619,False,False,2026-10-07
ILM,İSTANBUL PORTFÖY ONUNCU SERBEST FON,Serbest Şemsiye Fonu,-6.4885,-1.918,1.1089,15.9931,23.2007,87.1398,300443416.27,13.0,İstanbul Portföy Yönetimi A.Ş.,0.0,6.0,False,True,False,False,False,Hisse (aktif),0.0,0.0,64.67,-11.4144,True,False,2026-10-07
DPZ,DENİZ PORTFÖY YAZ SERBEST (DÖVİZ) ÖZEL FON,Serbest Şemsiye Fonu,0.9237,5.608,13.1883,17.1059,23.1871,129.6098,122416888.59,1.0,Deniz Portföy Yönetimi A.Ş.,0.0,,False,True,False,True,False,Eurobond / döviz,0.0,84.51,0.0,-1.6927,True,False,2026-10-07
GAG,INVEO PORTFÖY BİRİNCİ SERBEST (DÖVIZ)  FON,Serbest Şemsiye Fonu,1.7631,6.0592,12.8363,18.3341,23.1563,103.6215,696534254.99,187.0,Inveo Portföy Yönetimi A.Ş.,2.0,5.0,False,True,False,False,False,Eurobond / döviz,2.94,6.36,0.0,-0.3722,False,False,2026-10-07
ZPA,ZİRAAT PORTFÖY SERBEST (DÖVİZ) FON,Serbest Şemsiye Fonu,1.9376,6.2703,12.8289,17.6645,23.1538,115.7754,4489884332.62,982.0,Ziraat Portföy Yönetimi A.Ş.,2.0,6.0,False,True,False,False,False,Eurobond / döviz,0.0,88.17,0.0,-0.2714,False,False,2026-10-07
AFV,AK PORTFÖY AVRUPA YABANCI HİSSE SENEDİ FONU,Hisse Senedi Şemsiye Fonu,-5.4507,0.2123,8.4217,15.8636,23.1376,156.0902,1160066796.19,14011.0,Ak Portföy Yönetimi A.Ş.,3.0,6.0,False,False,False,False,False,Hisse (aktif),0.0,0.0,97.33,-10.797,False,False,2026-10-07
DVC,DENİZ PORTFÖY LİYA SERBEST (DÖVİZ) ÖZEL FON,Serbest Şemsiye Fonu,0.7163,5.4112,12.1599,16.9569,23.1347,144.9759,57863089.15,1.0,Deniz Portföy Yönetimi A.Ş.,0.0,,False,True,False,True,False,Eurobond / döviz,0.0,0.0,0.0,-1.2783,True,False,2026-10-07
DNM,QNB PORTFÖY DİNAMİK DAĞILIMLI SERBEST (DÖVİZ) FON,Serbest Şemsiye Fonu,0.7775,6.9145,13.0128,14.7147,23.1166,,1365810565.37,950.0,QNB Portföy Yönetimi A.Ş.,2.0,6.0,False,True,False,False,False,Eurobond / döviz,12.61,63.49,5.68,-5.3673,False,False,2026-10-07
ZBD,ZİRAAT PORTFÖY DENGELİ DEĞİŞKEN FON,Değişken Şemsiye Fonu,-3.214,2.4993,5.7938,14.6256,23.1158,95.0904,925455791.13,2021.0,Ziraat Portföy Yönetimi A.Ş.,2.0,6.0,False,False,False,False,False,Karma / değişken,14.07,0.09,34.44,-6.8793,False,False,2026-10-07
TSP,AZİMUT PORTFÖY TESA SERBEST (DÖVİZ) ÖZEL FON,Serbest Şemsiye Fonu,-1.1397,2.6993,10.2244,15.2823,23.0998,147.5732,1739907032.61,5.0,Azimut Portföy Yönetimi A.Ş.,0.0,,False,True,False,True,False,Eurobond / döviz,0.0,60.41,4.26,-2.4636,False,False,2026-10-07
VTF,AZİMUT PORTFÖY VİTA SERBEST ÖZEL FON,Serbest Şemsiye Fonu,-5.5759,-5.6462,-4.0356,22.9144,23.0637,53.8591,399992929.45,1.0,Azimut Portföy Yönetimi A.Ş.,0.0,6.0,False,True,False,True,False,Hisse (aktif),0.0,0.0,75.92,-24.8767,True,False,2026-10-08
HGT,AZİMUT PORTFÖY 15.0 SERBEST (DÖVİZ) FON,Serbest Şemsiye Fonu,0.1577,4.5855,11.6157,16.1374,23.0627,406.0216,3426736993.39,14.0,Azimut Portföy Yönetimi A.Ş.,0.0,,False,True,False,False,False,Eurobond / döviz,2.63,95.16,0.0,-1.5688,False,False,2026-10-07
DPG,DENİZ PORTFÖY REYHAN SERBEST (DÖVİZ) ÖZEL FON,Serbest Şemsiye Fonu,-0.2469,4.328,11.316,16.1156,23.0472,145.0373,586735562.42,2.0,Deniz Portföy Yönetimi A.Ş.,0.0,,False,True,False,True,False,Eurobond / döviz,0.0,32.8,0.06,-2.429,False,False,2026-10-07
GVI,GARANTİ PORTFÖY ÜÇÜNCÜ FON SEPETİ FONU,Fon Sepeti Şemsiye Fonu,-3.8229,0.8462,3.9401,14.4043,23.0414,149.5488,1017653267.28,4221.0,Garanti Portföy Yönetimi A.Ş.,2.0,5.0,False,False,False,False,False,,0.0,0.0,0.0,-9.0919,False,False,2026-10-07
DMZ,DENİZ PORTFÖY ZEYTİN SERBEST (DÖVİZ) ÖZEL FON,Serbest Şemsiye Fonu,0.317,4.5103,12.1533,16.0462,22.9896,134.0514,654947643.83,5.0,Deniz Portföy Yönetimi A.Ş.,0.0,,False,True,False,True,False,Eurobond / döviz,6.87,65.53,6.77,-2.242,False,False,2026-10-07
OSH,OSMANLI PORTFÖY MİNERVA SERBEST FON,Serbest Şemsiye Fonu,-11.8968,-8.673,-1.0495,11.8179,22.9877,64.5773,57117592.77,17.0,Osmanlı Portföy Yönetimi A.Ş.,0.0,6.0,False,True,False,False,False,Hisse (aktif),0.0,0.0,97.82,-18.1452,True,False,2026-10-07
GFI,GARANTİ PORTFÖY YKT SERBEST (DÖVİZ) ÖZEL FON,Serbest Şemsiye Fonu,-0.0013,4.5677,11.4456,15.6702,22.9825,,1669942553.59,3.0,Garanti Portföy Yönetimi A.Ş.,0.0,,False,True,False,True,False,Eurobond / döviz,0.0,77.23,0.0,-2.0765,False,False,2026-10-07
BSA,İŞ PORTFÖY BAŞAK SERBEST ÖZEL FON,Serbest Şemsiye Fonu,-3.1671,3.4688,5.2715,17.2724,22.9756,,886648358.02,1.0,İş Portföy Yönetimi A.Ş.,0.0,,False,True,False,True,False,,0.0,48.02,37.32,-7.6892,False,False,2026-10-07
KNC,AK PORTFÖY ÖPY ÜÇÜNCÜ SERBEST (DÖVİZ) ÖZEL FON,Serbest Şemsiye Fonu,0.1956,4.291,11.6618,16.5461,22.9627,118.7342,366495012.02,16.0,Ak Portföy Yönetimi A.Ş.,0.0,6.0,False,True,False,True,False,Eurobond / döviz,0.0,97.96,0.0,-0.9733,True,False,2026-10-07
YVS,YAPI KREDİ PORTFÖY BEYOĞLU SERBEST (DÖVİZ) ÖZEL FON,Serbest Şemsiye Fonu,-0.0274,4.5619,12.3621,16.5142,22.9113,135.1975,446897184.36,6.0,Yapı Kredi Portföy Yönetimi A.Ş.,0.0,,False,True,False,True,False,Eurobond / döviz,0.0,75.22,0.0,-2.3698,True,False,2026-10-07
TTP,TEB PORTFÖY ÜÇÜNCÜ SERBEST (DÖVİZ) FON,Serbest Şemsiye Fonu,1.879,5.9421,12.4536,18.3102,22.8811,76.2416,912380747.75,105.0,Teb Portföy Yönetimi A.Ş.,0.0,,False,True,False,False,False,Eurobond / döviz,0.0,0.0,0.0,-0.1744,False,False,2026-10-07
NYH,NUROL PORTFÖY İAU SERBEST (DÖVİZ) ÖZEL FON,Serbest Şemsiye Fonu,1.7883,5.9891,12.9132,18.2319,22.8728,111.585,1104989042.96,1.0,Nurol Portföy Yönetimi A.Ş.,0.0,,False,True,False,True,False,Eurobond / döviz,0.0,73.36,0.0,-0.1241,False,False,2026-10-07
YOA,YAPI KREDİ PORTFÖY PY BORÇLANMA ARAÇLARI (DÖVİZ) ÖZEL FONU,Borçlanma Araçları Şemsiye Fonu,-0.3205,3.9247,11.189,15.4513,22.8663,132.1287,1916245785.43,139.0,Yapı Kredi Portföy Yönetimi A.Ş.,0.0,,False,False,False,True,False,Eurobond / döviz,0.0,63.51,0.0,-2.2906,False,False,2026-10-07
YCL,ATA PORTFÖY BEŞİNCİ SERBEST FON,Serbest Şemsiye Fonu,-0.6895,2.1187,0.4518,13.4982,22.8592,129.4621,159561372.59,12.0,Ata Portföy Yönetimi A.Ş.,0.0,5.0,False,True,False,False,False,,6.23,7.11,26.93,-7.7767,True,False,2026-10-07
BRZ,TEB PORTFÖY BURGAZ SERBEST (DÖVİZ) ÖZEL FON,Serbest Şemsiye Fonu,-0.2349,4.5167,11.2711,16.0331,22.8451,,1570306651.44,5.0,Teb Portföy Yönetimi A.Ş.,0.0,,False,True,False,True,False,Eurobond / döviz,0.0,84.38,0.84,-2.5187,False,False,2026-10-07
OUR,OSMANLI PORTFÖY PASİFİK SERBEST (DÖVİZ) FON,Serbest Şemsiye Fonu,-0.4883,3.143,10.183,18.5609,22.8448,223.2432,31737643.23,11.0,Osmanlı Portföy Yönetimi A.Ş.,0.0,,False,True,False,False,False,Eurobond / döviz,0.0,97.04,0.09,-2.5814,True,False,2026-10-07
RDZ,ROTA PORTFÖY ONDOKUZUNCU SERBEST (DÖVİZ) FON,Serbest Şemsiye Fonu,1.8697,6.0323,12.6341,18.1856,22.8406,,684950255.24,108.0,Rota Portföy Yönetimi A.Ş.,0.0,,False,True,False,False,False,Eurobond / döviz,99.07,0.0,0.0,-0.1518,False,False,2026-10-07
RCL,ROTA PORTFÖY CELO SERBEST (DÖVİZ) ÖZEL FON,Serbest Şemsiye Fonu,1.1638,5.4003,12.4202,17.5883,22.8015,114.494,169605102.41,1.0,Rota Portföy Yönetimi A.Ş.,0.0,,False,True,False,True,False,Eurobond / döviz,51.45,0.0,0.0,-11.953,True,False,2026-10-07
FIT,FİBA PORTFÖY BORÇLANMA ARAÇLARI (TL) FONU,Borçlanma Araçları Şemsiye Fonu,-0.0017,5.9582,7.6152,7.8998,22.8001,98.4239,226358095.38,540.0,Fiba Portföy Yönetimi A.Ş.,1.0,4.0,False,False,False,False,False,Kamu borçlanma (devlet tahvili),93.68,0.36,0.0,-9.0305,True,False,2026-10-06
OTE,QNB PORTFÖY TAYMER SERBEST (DÖVİZ) ÖZEL FON,Serbest Şemsiye Fonu,1.1834,3.6841,11.1225,16.0005,22.7844,123.6391,193498259.98,2.0,QNB Portföy Yönetimi A.Ş.,0.0,,False,True,False,True,False,Eurobond / döviz,0.0,11.92,0.0,-0.9679,True,False,2026-10-07
GJA,GARANTİ PORTFÖY ONYEDİNCİ SERBEST (DÖVİZ) ÖZEL FON,Serbest Şemsiye Fonu,-0.0267,4.5847,13.0244,16.8182,22.7807,124.6635,962673946.18,3.0,Garanti Portföy Yönetimi A.Ş.,0.0,6.0,False,True,False,True,False,Eurobond / döviz,0.0,73.02,0.54,-2.3813,False,False,2026-10-07
KDV,KUVEYT TÜRK PORTFÖY DOKUZUNCU KATILIM SERBEST (DÖVİZ) FON,Serbest Şemsiye Fonu,1.9007,6.1243,12.7646,18.2055,22.778,,22942355442.22,234.0,Kuveyt Türk Portföy Yönetimi A.Ş.,0.0,,False,True,False,False,False,Eurobond / döviz,0.0,0.0,0.0,-0.1529,False,False,2026-10-07
MPD,AKTİF PORTFÖY AKTİF SERBEST (DÖVİZ) FON,Serbest Şemsiye Fonu,1.8477,6.1023,12.898,18.2618,22.7586,100.3628,2783282223.37,648.0,Aktif Portföy Yönetimi A.Ş.,0.0,6.0,False,True,False,False,False,Eurobond / döviz,0.0,99.97,0.0,-0.1554,False,False,2026-10-07
IUM,İŞ PORTFÖY HK SERBEST (DÖVİZ) ÖZEL FON,Serbest Şemsiye Fonu,0.0284,4.095,11.2674,15.6952,22.7573,124.4551,412832909.86,1.0,İş Portföy Yönetimi A.Ş.,0.0,,False,True,False,True,False,Eurobond / döviz,0.0,98.79,0.0,-1.8314,True,False,2026-10-07
GJE,GARANTİ PORTFÖY ECZ SERBEST (DÖVİZ) ÖZEL FON,Serbest Şemsiye Fonu,-0.1594,4.1027,11.0538,14.9769,22.7433,116.9037,31324646.88,2.0,Garanti Portföy Yönetimi A.Ş.,0.0,6.0,False,True,False,True,False,Eurobond / döviz,0.0,0.0,0.0,-3.0899,True,False,2026-10-07
TLT,TEB PORTFÖY YAHŞİ SERBEST (DÖVİZ) ÖZEL FON,Serbest Şemsiye Fonu,0.5175,5.2119,12.9455,16.0487,22.6968,131.2019,409152047.59,1.0,Teb Portföy Yönetimi A.Ş.,0.0,,False,True,False,True,False,Eurobond / döviz,1.07,95.76,0.0,-2.3456,True,False,2026-10-07
YDL,YAPI KREDİ PORTFÖY ADALAR SERBEST (DÖVİZ) ÖZEL FON,Serbest Şemsiye Fonu,-0.2883,4.2182,11.8374,16.2969,22.6956,,1265455439.33,8.0,Yapı Kredi Portföy Yönetimi A.Ş.,0.0,,False,True,False,True,False,Eurobond / döviz,0.0,95.67,0.0,-1.6433,False,False,2026-10-07
ZPF,ZİRAAT PORTFÖY KATILIM FONU (DÖVİZ),Katılım Şemsiye Fonu,1.5957,5.9105,12.5306,17.0391,22.6861,126.6151,747987177.18,3358.0,Ziraat Portföy Yönetimi A.Ş.,3.0,6.0,False,False,False,False,False,Eurobond / döviz,91.75,0.0,0.0,-0.6252,False,False,2026-10-07
YPV,YAPI KREDİ PORTFÖY ÜÇÜNCÜ FON SEPETİ FONU,Fon Sepeti Şemsiye Fonu,-2.161,5.3763,7.9993,18.1153,22.6634,105.253,5456631182.44,3241.0,Yapı Kredi Portföy Yönetimi A.Ş.,2.0,5.0,False,False,False,False,False,,0.0,0.0,0.0,-9.0509,False,False,2026-10-07
GHS,GARANTİ PORTFÖY HİSSE SENEDİ (TL) FONU (HİSSE SENEDİ YOĞUN FON),Hisse Senedi Şemsiye Fonu,-9.7751,-3.9649,-3.4043,14.5228,22.6509,92.8029,2794538741.63,14609.0,Garanti Portföy Yönetimi A.Ş.,2.0,6.0,False,False,False,False,False,Hisse (aktif),0.0,0.0,91.66,-14.2037,False,False,2026-10-07
IDF,İŞ PORTFÖY SERBEST (DÖVİZ) FON,Serbest Şemsiye Fonu,0.4305,4.7604,11.4215,16.5465,22.65,122.139,11766346388.62,3976.0,İş Portföy Yönetimi A.Ş.,3.0,6.0,False,True,False,False,False,Eurobond / döviz,0.0,86.73,0.0,-1.1568,False,False,2026-10-07
DUT,DENİZ PORTFÖY KAR PAYI ÖDEYEN DÖRDÜNCÜ SERBEST (DÖVİZ) FON,Serbest Şemsiye Fonu,0.897,3.1821,9.131,16.7091,22.6133,67.1895,894370363.35,239.0,Deniz Portföy Yönetimi A.Ş.,0.0,6.0,False,True,False,False,False,Eurobond / döviz,0.0,99.73,0.0,-0.9709,False,False,2026-10-07
GSR,GARANTİ PORTFÖY EGL SERBEST (DÖVİZ) ÖZEL FON,Serbest Şemsiye Fonu,0.5921,5.4088,12.1724,15.8253,22.577,,270769048.78,2.0,Garanti Portföy Yönetimi A.Ş.,0.0,6.0,False,True,False,True,False,Eurobond / döviz,0.0,80.12,0.0,-2.253,True,False,2026-10-07
ORI,AZİMUT PORTFÖY ORGANİK SERBEST (DÖVİZ) ÖZEL FON,Serbest Şemsiye Fonu,0.2174,4.713,11.6951,15.54,22.5527,,1717787680.16,5.0,Azimut Portföy Yönetimi A.Ş.,0.0,,False,True,False,True,False,Eurobond / döviz,0.0,62.13,0.0,-2.18,False,False,2026-10-07
YBR,İŞ PORTFÖY YİRMİBİRİNCİ SERBEST (DÖVİZ) FON,Serbest Şemsiye Fonu,-1.7616,2.6124,10.5658,14.4451,22.5508,,4920258452.09,2238.0,İş Portföy Yönetimi A.Ş.,3.0,6.0,False,True,False,False,False,Eurobond / döviz,0.0,80.22,0.0,-4.7719,False,False,2026-10-07
EGP,GARANTİ PORTFÖY EKİM 2028 SÜRDÜRÜLEBİLİRLİK SERBEST (DÖVİZ-ABD DOLARI) FON,Serbest Şemsiye Fonu,0.7617,4.3867,10.4095,16.1649,22.5461,,266711839.34,49.0,Garanti Portföy Yönetimi A.Ş.,0.0,3.0,False,True,False,False,False,Eurobond / döviz,0.0,99.67,0.0,-1.0986,True,False,2026-10-07
AJE,AK PORTFÖY ÜÇÜNCÜ SERBEST ( DÖVİZ ) FON,Serbest Şemsiye Fonu,1.8844,6.0733,12.6688,17.9759,22.5324,107.33,2887966253.79,917.0,Ak Portföy Yönetimi A.Ş.,0.0,,False,True,False,False,False,Eurobond / döviz,0.0,72.58,0.0,-0.1514,False,False,2026-10-07
UPH,ÜNLÜ PORTFÖY HİSSE SENEDİ (TL) FONU(HİSSE SENEDİ YOĞUN FON),Hisse Senedi Şemsiye Fonu,-7.0847,-3.7268,-1.8353,15.2367,22.5208,72.5054,87985904.41,441.0,Ünlü Portföy Yönetimi A.Ş.,2.0,6.0,False,False,False,False,False,Hisse (aktif),0.0,0.0,93.25,-14.8142,True,False,2026-10-07
UHL,AZİMUT PORTFÖY ARUNA SERBEST (DÖVİZ) ÖZEL FON,Serbest Şemsiye Fonu,-0.3174,4.0776,11.5284,15.3951,22.5206,131.6546,2653730921.53,1.0,Azimut Portföy Yönetimi A.Ş.,0.0,,False,True,False,True,False,Eurobond / döviz,0.0,95.88,0.0,-2.6123,False,False,2026-10-07
YPI,YAPI KREDİ PORTFÖY PY GÖZTEPE SERBEST (DÖVİZ) ÖZEL FON,Serbest Şemsiye Fonu,0.2057,4.4173,13.1952,15.6304,22.4911,,1991063428.89,57.0,Yapı Kredi Portföy Yönetimi A.Ş.,0.0,,False,True,False,True,False,Eurobond / döviz,0.0,87.57,5.08,-3.4199,False,False,2026-10-07
OGV,QNB PORTFÖY HUNA SERBEST (DÖVİZ) ÖZEL FON,Serbest Şemsiye Fonu,0.2337,4.8048,11.9569,15.2661,22.484,126.9625,285197369.34,1.0,QNB Portföy Yönetimi A.Ş.,0.0,,False,True,False,True,False,Eurobond / döviz,0.0,79.8,0.0,-2.3022,True,False,2026-10-07
DAS,DENİZ PORTFÖY ONİKİNCİ SERBEST (DÖVİZ) FON,Serbest Şemsiye Fonu,1.8684,6.0988,12.6371,17.9857,22.48,101.2194,104101790932.48,24009.0,Deniz Portföy Yönetimi A.Ş.,1.0,5.0,False,True,False,False,False,Eurobond / döviz,11.96,25.1,0.0,-0.1345,False,False,2026-10-07
ONB,TEB PORTFÖY ALTERNATİF BANK SERBEST (DÖVİZ) ÖZEL FON,Serbest Şemsiye Fonu,1.8309,5.9749,12.5101,18.0266,22.4728,,3947453309.53,503.0,Teb Portföy Yönetimi A.Ş.,0.0,,False,True,False,True,False,Eurobond / döviz,0.0,3.11,0.0,-0.1287,False,False,2026-10-07
ONS,İŞ PORTFÖY ONİKİNCİ SERBEST (DÖVİZ) FON,Serbest Şemsiye Fonu,1.9424,6.1727,12.6777,17.9679,22.4373,99.1579,170292489090.68,23756.0,İş Portföy Yönetimi A.Ş.,1.0,4.0,False,True,False,False,False,Eurobond / döviz,3.84,57.05,0.0,-0.1403,False,False,2026-10-07
YJY,YAPI KREDİ PORTFÖY YENİKÖY SERBEST (DÖVİZ) FON,Serbest Şemsiye Fonu,1.8833,6.0558,12.6421,17.9718,22.4351,103.9657,76331907684.69,9204.0,Yapı Kredi Portföy Yönetimi A.Ş.,1.0,,False,True,False,False,False,Eurobond / döviz,8.38,81.42,0.0,-0.1479,False,False,2026-10-07
FJM,FİBA PORTFÖY MELTEM SERBEST (DÖVİZ) FON,Serbest Şemsiye Fonu,1.8705,6.0106,12.584,17.8918,22.4293,101.4812,7532777086.69,1529.0,Fiba Portföy Yönetimi A.Ş.,0.0,,False,True,False,False,False,Eurobond / döviz,0.0,70.6,0.0,-0.1479,False,False,2026-10-07
DOL,AKTİF PORTFÖY ÜÇÜNCÜ AKTİF SERBEST (DÖVİZ) FON,Serbest Şemsiye Fonu,1.765,5.9353,12.6008,17.8031,22.4249,,5038030443.93,308.0,Aktif Portföy Yönetimi A.Ş.,1.0,6.0,False,True,False,False,False,Eurobond / döviz,0.0,68.59,0.0,-0.1275,False,False,2026-10-07
GZD,GARANTİ PORTFÖY ONÜCÜNCÜ SERBEST (DÖVİZ) ÖZEL FON,Serbest Şemsiye Fonu,-0.015,4.2227,10.9062,15.477,22.4059,104.7915,54875686.95,3.0,Garanti Portföy Yönetimi A.Ş.,0.0,6.0,False,True,False,True,False,Eurobond / döviz,0.0,87.89,0.0,-2.1539,True,False,2026-10-07
FJN,FİBA PORTFÖY MELTEM İKİNCİ SERBEST (DÖVİZ) FON,Serbest Şemsiye Fonu,1.8773,6.0041,12.5572,17.8523,22.3711,101.5445,5037113080.12,1223.0,Fiba Portföy Yönetimi A.Ş.,0.0,,False,True,False,False,False,Eurobond / döviz,0.0,70.89,0.0,-0.1524,False,False,2026-10-07
NZU,NUROL PORTFÖY ZÜMRÜT KATILIM SERBEST (DÖVİZ) FON,Serbest Şemsiye Fonu,1.7741,5.8678,12.2375,17.7166,22.3584,,39972716.17,12.0,Nurol Portföy Yönetimi A.Ş.,2.0,6.0,False,True,False,False,False,Eurobond / döviz,0.0,0.0,0.0,-0.1562,True,False,2026-10-07
YMD,YAPI KREDİ PORTFÖY MASLAK SERBEST (DÖVİZ- ABD DOLARI) FON,Serbest Şemsiye Fonu,1.8625,5.976,12.5941,17.7856,22.3584,104.8841,7711076020.95,1444.0,Yapı Kredi Portföy Yönetimi A.Ş.,1.0,,False,True,False,False,False,Eurobond / döviz,3.22,90.04,0.0,-0.1318,False,False,2026-10-07
DP3,DENİZ PORTFÖY DUMAN SERBEST (DÖVİZ) ÖZEL FON,Serbest Şemsiye Fonu,-0.4889,3.8273,11.5994,14.8873,22.3323,133.5028,332053782.81,4.0,Deniz Portföy Yönetimi A.Ş.,0.0,5.0,False,True,False,True,False,Eurobond / döviz,3.0,41.0,0.0,-3.2185,True,False,2026-10-07
GRO,GARANTİ PORTFÖY OTUZUNCU SERBEST (DÖVİZ) FON,Serbest Şemsiye Fonu,1.8923,6.0569,12.5748,17.805,22.3175,100.8782,192720821597.37,26725.0,Garanti Portföy Yönetimi A.Ş.,1.0,5.0,False,True,False,False,False,Eurobond / döviz,4.26,78.14,0.0,-0.1384,False,False,2026-10-07
PAL,AK PORTFÖY ALTINCI SERBEST(DÖVİZ) FON,Serbest Şemsiye Fonu,1.8672,6.041,12.5653,17.8209,22.3102,100.7452,146417228086.12,29461.0,Ak Portföy Yönetimi A.Ş.,1.0,6.0,False,True,False,False,False,Altın / kıymetli maden,10.57,35.1,0.0,-0.1288,False,False,2026-10-07
DAC,DENİZ PORTFÖY BORİS SERBEST (DÖVİZ) ÖZEL FON,Serbest Şemsiye Fonu,-0.1187,4.2595,11.5138,15.4518,22.3088,140.8087,524657098.09,1.0,Deniz Portföy Yönetimi A.Ş.,0.0,,False,True,False,True,False,Eurobond / döviz,0.0,46.77,0.0,-2.2306,False,False,2026-10-07
KUA,KUVEYT TÜRK PORTFÖY AGRESİF KATILIM FONU,Katılım Şemsiye Fonu,-4.0598,-1.7897,4.2521,17.0144,22.2887,,85631869.76,1894.0,Kuveyt Türk Portföy Yönetimi A.Ş.,2.0,5.0,False,False,False,False,False,Hisse (aktif),0.0,0.0,63.88,-11.1134,True,False,2026-10-07
SDA,AK PORTFÖY 2026 SERBEST (DÖVİZ) FON,Serbest Şemsiye Fonu,1.8354,6.0118,12.5809,17.8181,22.282,,6723134538.38,1093.0,Ak Portföy Yönetimi A.Ş.,0.0,3.0,False,True,False,False,False,Eurobond / döviz,0.0,53.64,0.0,-0.1482,False,False,2026-10-07
DNK,TACİRLER PORTFÖY DENGE KATILIM SERBEST FON,Serbest Şemsiye Fonu,-8.9209,-6.1696,-6.0871,12.6348,22.2799,,598035724.47,102.0,Tacirler Portföy Yönetimi A.Ş.,2.0,6.0,False,True,False,False,False,Hisse (aktif),0.0,0.0,88.59,-18.1502,False,False,2026-10-07
TDP,TEB PORTFÖY İKİNCİ SERBEST (DÖVİZ) FON,Serbest Şemsiye Fonu,1.688,5.6645,12.0975,17.5671,22.226,101.0098,144915422.77,19.0,Teb Portföy Yönetimi A.Ş.,0.0,,False,True,False,False,False,Eurobond / döviz,0.0,17.03,0.0,-0.2455,True,False,2026-10-07
FPZ,QNB PORTFÖY BİRİNCİ SERBEST (DÖVİZ) FON,Serbest Şemsiye Fonu,1.8656,5.9644,12.449,17.7536,22.2205,103.4219,132825682732.45,19078.0,QNB Portföy Yönetimi A.Ş.,2.0,6.0,False,True,False,False,False,Eurobond / döviz,0.12,81.84,0.0,-0.1492,False,False,2026-10-07
OBR,AK PORTFÖY ONBİRİNCİ SERBEST (DÖVİZ) FON,Serbest Şemsiye Fonu,1.8219,5.9468,12.4024,17.691,22.213,101.2417,41399697654.17,9639.0,Ak Portföy Yönetimi A.Ş.,0.0,,False,True,False,False,False,Eurobond / döviz,10.39,58.24,0.0,-0.1316,False,False,2026-10-07
AII,AZİMUT PORTFÖY ÇINAR SERBEST (DÖVİZ) ÖZEL FON,Serbest Şemsiye Fonu,-0.1056,4.2954,11.6554,15.2741,22.1869,133.0994,384259304.04,3.0,Azimut Portföy Yönetimi A.Ş.,0.0,,False,True,False,True,False,Eurobond / döviz,0.0,99.48,0.0,-2.785,True,False,2026-10-08
AJL,AK PORTFÖY BEŞİNCİ SERBEST (DÖVİZ) FON,Serbest Şemsiye Fonu,1.9013,6.0329,12.5546,17.7724,22.18,115.9045,4504250533.72,1208.0,Ak Portföy Yönetimi A.Ş.,0.0,6.0,False,True,False,False,False,Eurobond / döviz,0.0,55.02,0.0,-0.1576,False,False,2026-10-07
GTN,GARANTİ PORTFÖY GTH SERBEST (DÖVİZ) ÖZEL FON,Serbest Şemsiye Fonu,0.0459,4.1637,10.9791,15.2079,22.1692,,1482366059.55,2.0,Garanti Portföy Yönetimi A.Ş.,0.0,6.0,False,True,False,True,False,Eurobond / döviz,0.0,93.05,0.0,-1.6217,False,False,2026-10-07
BSD,BV PORTFÖY SERBEST (DÖVİZ) FON,Serbest Şemsiye Fonu,1.2604,5.2986,11.8754,18.0969,22.1673,,142587938.27,59.0,Bv Portföy Yönetimi A.Ş.,1.0,6.0,False,True,False,False,False,Eurobond / döviz,1.35,78.76,3.91,-0.3356,True,False,2026-10-09
JOT,İŞ PORTFÖY JOTANTA SERBEST (DÖVİZ) ÖZEL FON,Serbest Şemsiye Fonu,0.0663,4.4458,11.4502,15.306,22.15,,1166222911.0,1.0,İş Portföy Yönetimi A.Ş.,0.0,,False,True,False,True,False,Eurobond / döviz,0.0,74.71,0.0,-2.2362,False,False,2026-10-07
IUV,İŞ PORTFÖY BEŞİNCİ SERBEST (DÖVİZ)  FON,Serbest Şemsiye Fonu,-1.7903,2.466,9.7263,13.6961,22.145,127.6735,19961099658.6,5693.0,İş Portföy Yönetimi A.Ş.,3.0,6.0,False,True,False,False,False,Eurobond / döviz,0.0,88.19,0.0,-3.7276,False,False,2026-10-07
HAG,GARANTİ PORTFÖY EKİM 2026 SERBEST (DÖVİZ-ABD DOLARI) FON,Serbest Şemsiye Fonu,1.8235,5.8869,12.4144,17.4876,22.118,118.8485,436593292.63,45.0,Garanti Portföy Yönetimi A.Ş.,0.0,3.0,False,True,False,False,False,Eurobond / döviz,0.0,0.0,0.0,-0.1429,True,False,2026-10-07
KSC,KUVEYT TÜRK PORTFÖY ASC KATILIM SERBEST (DÖVİZ) ÖZEL FON,Serbest Şemsiye Fonu,1.7942,5.7595,12.0075,17.6743,22.1141,,25262283.02,1.0,Kuveyt Türk Portföy Yönetimi A.Ş.,0.0,,False,True,False,True,False,Eurobond / döviz,0.0,0.0,0.0,-0.1574,True,False,2026-10-07
KDS,KUVEYT TÜRK PORTFÖY YEDİNCİ KATILIM SERBEST (DÖVİZ) FON,Serbest Şemsiye Fonu,1.8438,5.9453,12.4144,17.6896,22.1098,99.8633,26204111185.53,1354.0,Kuveyt Türk Portföy Yönetimi A.Ş.,0.0,,False,True,False,False,False,Eurobond / döviz,0.67,1.1,0.0,-0.1512,False,False,2026-10-07
DNL,DENİZ PORTFÖY NEKO SERBEST (DÖVİZ) ÖZEL FON,Serbest Şemsiye Fonu,1.0771,5.0728,11.5166,16.3768,22.1003,116.4012,215193392.54,1.0,Deniz Portföy Yönetimi A.Ş.,0.0,,False,True,False,True,False,Eurobond / döviz,0.0,30.18,0.0,-0.5117,True,False,2026-10-07
DVZ,DENİZ PORTFÖY EFES SERBEST (DÖVİZ) ÖZEL FON,Serbest Şemsiye Fonu,-0.3778,3.9657,11.356,14.9781,22.093,122.455,1414158041.66,1.0,Deniz Portföy Yönetimi A.Ş.,0.0,,False,True,False,True,False,Eurobond / döviz,2.52,64.88,0.0,-2.7905,False,False,2026-10-07
UFH,AZİMUT PORTFÖY EE SERBEST (DÖVİZ) ÖZEL FON,Serbest Şemsiye Fonu,-0.3638,3.6878,11.116,15.6739,22.0863,129.1196,270012751.46,1.0,Azimut Portföy Yönetimi A.Ş.,0.0,,False,True,False,True,False,Eurobond / döviz,0.0,70.69,0.0,-1.8047,True,False,2026-10-07
YBE,YAPI KREDİ PORTFÖY EUROBOND (DOLAR) BORÇLANMA ARAÇLARI FONU,Borçlanma Araçları Şemsiye Fonu,-1.0395,3.0271,10.481,14.1431,22.0752,133.7738,4873505647.57,13498.0,Yapı Kredi Portföy Yönetimi A.Ş.,2.0,5.0,False,False,False,False,False,Eurobond / döviz,0.0,26.99,1.68,-4.5514,False,False,2026-10-06
KNT,AK PORTFÖY VİRA SERBEST (DÖVİZ) ÖZEL FON,Serbest Şemsiye Fonu,0.607,4.963,12.9011,16.7615,22.0744,111.1677,177324930.68,3.0,Ak Portföy Yönetimi A.Ş.,0.0,6.0,False,True,False,True,False,Eurobond / döviz,5.69,65.14,0.0,-1.9853,True,False,2026-10-07
KPK,İŞ PORTFÖY DURUSU SERBEST (DÖVİZ) ÖZEL FON,Serbest Şemsiye Fonu,-0.3939,3.3124,11.0364,14.3857,22.0675,139.3134,476352594.5,1.0,İş Portföy Yönetimi A.Ş.,0.0,,False,True,False,True,False,Eurobond / döviz,9.66,36.9,0.0,-3.3243,True,False,2026-10-07
ZJT,ZİRAAT PORTFÖY DURU SERBEST (DÖVİZ) ÖZEL FON,Serbest Şemsiye Fonu,0.2892,4.7348,11.7116,16.0871,22.0657,121.0102,1379712318.29,1.0,Ziraat Portföy Yönetimi A.Ş.,0.0,6.0,False,True,False,True,False,Eurobond / döviz,0.0,93.2,0.0,-1.1984,False,False,2026-10-07
NVP,NUROL PORTFÖY İKİNCİ SERBEST (DÖVİZ) ÖZEL FON,Serbest Şemsiye Fonu,0.8745,5.3817,12.5415,16.1867,22.0595,129.755,62468593.41,1.0,Nurol Portföy Yönetimi A.Ş.,0.0,,False,True,False,True,False,Eurobond / döviz,0.0,79.09,8.62,-2.2647,True,False,2026-10-08
GVL,GARANTİ  PORTFÖY ZYT SERBEST (DÖVİZ) ÖZEL FON,Serbest Şemsiye Fonu,0.3812,4.5303,11.3392,15.4776,22.0531,128.1947,532418993.75,3.0,Garanti Portföy Yönetimi A.Ş.,0.0,6.0,False,True,False,True,False,Eurobond / döviz,0.0,82.65,0.0,-1.3511,False,False,2026-10-07
YP4,YAPI KREDİ PORTFÖY FERİKÖY SERBEST (DÖVİZ) FON,Serbest Şemsiye Fonu,1.8724,6.0252,12.4728,17.6789,22.0524,99.1811,134213335245.42,28565.0,Yapı Kredi Portföy Yönetimi A.Ş.,1.0,,False,True,False,False,False,Eurobond / döviz,9.06,64.53,0.0,-0.1509,False,False,2026-10-07
AIR,AZİMUT PORTFÖY ESİN SERBEST (DÖVİZ) ÖZEL FON,Serbest Şemsiye Fonu,-0.4154,3.9308,11.2238,15.6527,22.0493,127.3714,1492819051.12,4.0,Azimut Portföy Yönetimi A.Ş.,0.0,,False,True,False,True,False,Eurobond / döviz,0.0,85.77,0.07,-1.7261,False,False,2026-10-07
PYS,YAPI KREDİ PORTFÖY PY HARBİYE SERBEST (DÖVİZ) ÖZEL FON,Serbest Şemsiye Fonu,0.2425,4.3835,11.5806,15.359,22.036,126.5048,1027393603.45,40.0,Yapı Kredi Portföy Yönetimi A.Ş.,0.0,,False,True,False,True,False,Eurobond / döviz,0.0,89.34,0.0,-2.2484,False,False,2026-10-07
IAM,İŞ PORTFÖY AGRESİF FON SEPETİ FONU,Fon Sepeti Şemsiye Fonu,-3.176,0.3127,9.4577,15.2286,22.0289,,72642140.42,2582.0,İş Portföy Yönetimi A.Ş.,3.0,5.0,False,False,False,False,False,,0.0,0.0,0.0,-10.2037,True,False,2026-10-07
KRT,KARE PORTFÖY TÜRKİYE ODAKLI SERBEST (DÖVİZ ) FON,Serbest Şemsiye Fonu,0.6541,4.893,11.8636,16.6966,22.0204,114.8382,740580309.75,131.0,Kare Portföy Yönetimi A.Ş.,3.0,3.0,False,True,False,False,False,Eurobond / döviz,0.0,99.97,0.0,-0.8393,False,False,2026-10-07
GKK,GARANTİ PORTFÖY ONDÖRDÜNCÜ SERBEST (DÖVİZ) ÖZEL FON,Serbest Şemsiye Fonu,-0.6653,3.3688,10.5884,15.3347,22.0178,124.1325,2030985216.67,2.0,Garanti Portföy Yönetimi A.Ş.,0.0,6.0,False,True,False,True,False,Eurobond / döviz,0.0,63.08,0.12,-2.9295,False,False,2026-10-07
RPK,ROTA PORTFÖY TGK KAR PAYI ÖDEYEN SERBEST (DÖVİZ) ÖZEL FON,Serbest Şemsiye Fonu,0.5589,4.2936,11.1601,16.3248,22.012,112.1114,101135890.87,4.0,Rota Portföy Yönetimi A.Ş.,0.0,,False,True,False,True,False,Eurobond / döviz,88.01,0.0,0.0,-0.9095,True,False,2026-10-08
HB1,ZİRAAT PORTFÖY HALKBANK SERBEST (DÖVİZ-AMERİKAN DOLARI) FON,Serbest Şemsiye Fonu,1.8153,5.8531,12.2264,17.4539,22.0089,,17304806147.36,321.0,Ziraat Portföy Yönetimi A.Ş.,0.0,,False,True,False,False,False,Eurobond / döviz,0.0,0.0,0.0,-0.1551,False,False,2026-10-07
TIP,TEB PORTFÖY ING BANK ÖZEL BANKACILIK VE PLATİNUM SERBEST (DÖVİZ) ÖZEL FON,Serbest Şemsiye Fonu,2.0906,6.1139,13.1367,17.6638,22.0033,49.3933,1155478750.61,125.0,Teb Portföy Yönetimi A.Ş.,0.0,,False,True,False,True,False,Eurobond / döviz,0.0,74.82,0.0,-0.2329,False,False,2026-10-07
KDT,GARANTİ PORTFÖY KATILIM SERBEST (DÖVİZ) FON,Serbest Şemsiye Fonu,1.2265,5.6085,12.5321,16.8103,21.9951,,3112908243.44,1081.0,Garanti Portföy Yönetimi A.Ş.,2.0,5.0,False,True,False,False,False,Eurobond / döviz,68.01,26.59,0.0,-0.3996,False,False,2026-10-07
DBH,DENİZ PORTFÖY EUROBOND (DÖVİZ) BORÇLANMA ARAÇLARI FONU,Borçlanma Araçları Şemsiye Fonu,-0.3257,4.1497,11.518,15.8347,21.9927,149.692,921148336.45,7992.0,Deniz Portföy Yönetimi A.Ş.,3.0,6.0,False,False,False,False,False,Eurobond / döviz,0.0,74.51,0.0,-3.1154,False,False,2026-10-06
CGD,DENİZ PORTFÖY ÇAĞDAŞ SERBEST (DÖVİZ) ÖZEL FON,Serbest Şemsiye Fonu,-0.4168,3.9287,11.1867,15.3694,21.9904,,650387375.04,2.0,Deniz Portföy Yönetimi A.Ş.,0.0,,False,True,False,True,False,Eurobond / döviz,0.0,83.28,0.0,-2.186,False,False,2026-10-08
SSN,DENİZ PORTFÖY 880 SERBEST (DÖVİZ) ÖZEL FON,Serbest Şemsiye Fonu,-0.2224,4.1275,11.0531,14.9846,21.9803,,781010788.33,4.0,Deniz Portföy Yönetimi A.Ş.,0.0,6.0,False,True,False,True,False,Eurobond / döviz,3.97,60.32,0.0,-2.2109,False,False,2026-10-07
UPD,ÜNLÜ PORTFÖY DÖRDÜNCÜ SERBEST (DÖVIZ) FON,Serbest Şemsiye Fonu,-0.4869,3.8949,10.2138,14.4365,21.9393,106.3261,2330690110.33,212.0,Ünlü Portföy Yönetimi A.Ş.,2.0,6.0,False,True,False,False,False,Eurobond / döviz,76.18,0.0,2.4,-1.3172,False,False,2026-10-07
DCD,DENİZ PORTFÖY SKA SERBEST (DÖVİZ) ÖZEL FON,Serbest Şemsiye Fonu,-0.0158,4.2731,11.1606,14.2312,21.9302,124.4763,252986035.05,1.0,Deniz Portföy Yönetimi A.Ş.,0.0,,False,True,False,True,False,Eurobond / döviz,0.0,77.46,1.44,-2.845,True,False,2026-10-08
TLE,AURA PORTFÖY YABANCI BORÇLANMA ARAÇLARI FONU,Borçlanma Araçları Şemsiye Fonu,-2.504,-0.1225,8.0928,16.4229,21.9237,129.2489,459311283.74,677.0,Aura Portföy Yönetimi A.Ş.,3.0,5.0,False,False,False,False,False,Eurobond / döviz,33.5,50.51,0.56,-3.1837,True,False,2026-10-06
AJK,AK PORTFÖY 0-5 YIL VADELİ SERBEST (DÖVİZ) FON,Serbest Şemsiye Fonu,1.4409,5.4757,11.8272,17.1846,21.9138,84.877,128819624.37,127.0,Ak Portföy Yönetimi A.Ş.,2.0,6.0,False,True,False,False,False,Eurobond / döviz,0.0,81.38,0.0,-0.2314,True,False,2026-10-08
ILC,İŞ PORTFÖY ONÜÇÜNCÜ SERBEST (DÖVİZ) FON,Serbest Şemsiye Fonu,1.8706,6.0118,12.401,17.2085,21.9068,86.9688,1465826155.46,220.0,İş Portföy Yönetimi A.Ş.,0.0,,False,True,False,False,False,Eurobond / döviz,0.0,0.0,0.0,-0.1653,False,False,2026-10-08
OJB,QNB PORTFÖY BEŞİNCİ SERBEST (DÖVİZ) FON,Serbest Şemsiye Fonu,1.825,5.8381,12.2896,17.5181,21.9056,95.6228,26651006645.67,6514.0,QNB Portföy Yönetimi A.Ş.,1.0,5.0,False,True,False,False,False,Eurobond / döviz,0.0,55.41,0.0,-0.1386,False,False,2026-10-08
PDF,ASTRA PORTFÖY BİRİNCİ SERBEST (DÖVİZ) FON,Serbest Şemsiye Fonu,0.6119,4.7306,11.7383,15.88,21.8859,107.8242,476122829.88,44.0,Astra Portföy Yönetimi A.Ş.,3.0,5.0,False,True,False,False,False,Eurobond / döviz,9.9,63.74,0.0,-0.7518,True,False,2026-10-08
ZBZ,ZİRAAT PORTFÖY GÜLLÜ SERBEST (DÖVİZ) ÖZEL FON,Serbest Şemsiye Fonu,0.1139,5.0561,11.9892,15.427,21.864,132.9049,361633318.6,1.0,Ziraat Portföy Yönetimi A.Ş.,0.0,6.0,False,True,False,True,False,Eurobond / döviz,5.9,36.22,0.0,-3.3885,True,False,2026-10-08
GPL,GARANTİ PORTFÖY BİRİNCİ SERBEST (DÖVİZ) FON,Serbest Şemsiye Fonu,1.867,5.971,12.3956,17.5541,21.8625,94.6621,97371803165.17,36297.0,Garanti Portföy Yönetimi A.Ş.,1.0,5.0,False,True,False,False,False,Eurobond / döviz,3.16,67.39,0.0,-0.1507,False,False,2026-10-08
BAS,İŞ PORTFÖY BAŞAK SERBEST (DÖVİZ) ÖZEL FON,Serbest Şemsiye Fonu,-0.5369,3.7437,10.7316,14.9837,21.8619,,1554155937.17,1.0,İş Portföy Yönetimi A.Ş.,0.0,,False,True,False,True,False,Eurobond / döviz,0.0,96.85,0.0,-2.2119,False,False,2026-10-08
DP7,DENİZ PORTFÖY DEMİR SERBEST (DÖVİZ) ÖZEL FON,Serbest Şemsiye Fonu,0.5696,4.8595,12.2379,16.6719,21.8613,111.0899,560605809.27,3.0,Deniz Portföy Yönetimi A.Ş.,0.0,5.0,False,True,False,True,False,Eurobond / döviz,26.74,12.07,0.95,-0.6105,False,False,2026-10-08
ISR,İŞ PORTFÖY BİRİNCİ SERBEST (DÖVİZ) ÖZEL FON,Serbest Şemsiye Fonu,-1.0701,4.1672,7.9386,14.4546,21.8532,126.6544,958567753.58,6.0,İş Portföy Yönetimi A.Ş.,0.0,,False,True,False,True,False,Eurobond / döviz,0.0,63.09,8.4,-4.1003,False,False,2026-10-07
YPL,YAPI KREDİ PORTFÖY BALAT SERBEST (DÖVİZ) FON,Serbest Şemsiye Fonu,-0.7318,3.3305,10.754,14.8372,21.8528,113.979,12916044266.54,1431.0,Yapı Kredi Portföy Yönetimi A.Ş.,2.0,,False,True,False,False,False,Eurobond / döviz,0.0,92.97,0.0,-2.1409,False,False,2026-10-08
OCM,QNB PORTFÖY SM SERBEST (DÖVİZ) ÖZEL FON,Serbest Şemsiye Fonu,1.6266,5.7281,12.2971,16.3066,21.8344,127.5574,498240946.12,2.0,QNB Portföy Yönetimi A.Ş.,0.0,,False,True,False,True,False,Eurobond / döviz,0.0,0.0,0.0,-0.9959,True,False,2026-10-07
ROD,ROTA PORTFÖY ODEABANK BİRİNCİ SERBEST (DÖVİZ) ÖZEL FON,Serbest Şemsiye Fonu,1.3727,5.3031,11.5865,17.0299,21.8341,100.0748,764424079.27,580.0,Rota Portföy Yönetimi A.Ş.,0.0,,False,True,False,True,False,Eurobond / döviz,94.29,0.0,0.0,-0.3723,False,False,2026-10-08
MTX,TEB PORTFÖY ÜÇÜNCÜ DEĞİŞKEN FON,Değişken Şemsiye Fonu,-0.4225,3.198,23.963,17.3762,21.8318,207.9071,75501994.91,1899.0,Teb Portföy Yönetimi A.Ş.,3.0,6.0,False,False,False,False,False,Hisse (aktif),0.0,0.0,89.06,-12.5296,True,False,2026-10-07
GAV,GARANTİ PORTFÖY YİRMİİKİNCİ SERBEST (DÖVİZ) ÖZEL FON,Serbest Şemsiye Fonu,-0.5772,3.6096,10.6353,14.8002,21.8212,111.3658,247876551.99,1.0,Garanti Portföy Yönetimi A.Ş.,0.0,6.0,False,True,False,True,False,Eurobond / döviz,0.0,0.0,0.0,-3.403,True,False,2026-10-07
GCI,GARANTİ PORTFÖY KARŞIYAKA SERBEST (DÖVİZ) ÖZEL FON,Serbest Şemsiye Fonu,-0.2193,3.9078,10.6734,15.5241,21.8149,114.7762,222872192.73,3.0,Garanti Portföy Yönetimi A.Ş.,0.0,6.0,False,True,False,True,False,Eurobond / döviz,0.0,91.19,0.0,-1.3842,True,False,2026-10-07
FBI,FİBA PORTFÖY BİRİNCİ SERBEST (DÖVİZ) FON,Serbest Şemsiye Fonu,1.7049,5.8344,12.3246,17.5069,21.8046,97.5457,12604813371.45,4554.0,Fiba Portföy Yönetimi A.Ş.,1.0,6.0,False,True,False,False,False,Eurobond / döviz,0.0,53.38,0.0,-0.1462,False,False,2026-10-08
DZM,DENİZ PORTFÖY BEŞİNCİ SERBEST (DÖVİZ) FON,Serbest Şemsiye Fonu,-0.4685,4.4559,10.3715,14.5124,21.7942,157.7178,8772157821.41,3464.0,Deniz Portföy Yönetimi A.Ş.,3.0,5.0,False,True,False,False,False,Eurobond / döviz,2.66,87.53,0.0,-3.18,False,False,2026-10-08
ZLG,AK PORTFÖY MARAL SERBEST (DÖVİZ) ÖZEL FON,Serbest Şemsiye Fonu,1.2416,5.5597,11.6992,16.1991,21.7662,127.2076,1115386795.59,1.0,Ak Portföy Yönetimi A.Ş.,0.0,6.0,False,True,False,True,False,Eurobond / döviz,0.0,7.03,0.0,-0.4558,False,False,2026-10-08
GO4,ONE PORTFÖY DÖRDÜNCÜ FON SEPETİ FONU,Fon Sepeti Şemsiye Fonu,-8.9538,-3.2698,-0.1986,11.7265,21.7602,164.6306,26346299.86,621.0,One Portföy Yönetimi A.Ş.,3.0,5.0,False,False,False,False,False,,0.0,0.0,4.49,-11.0941,True,False,2026-10-07
SER,AK PORTFÖY 2028 SERBEST (DÖVİZ) FON,Serbest Şemsiye Fonu,0.3833,4.0384,10.2811,15.3676,21.7552,,7282895410.43,811.0,Ak Portföy Yönetimi A.Ş.,0.0,,False,True,False,False,False,Eurobond / döviz,0.0,99.56,0.0,-0.8495,False,False,2026-10-08
DMV,DENİZ PORTFÖY SMART SERBEST (DÖVİZ) ÖZEL FON,Serbest Şemsiye Fonu,-1.335,3.2668,9.9008,14.7651,21.7523,135.8915,339649735.5,2.0,Deniz Portföy Yönetimi A.Ş.,0.0,,False,True,False,True,False,Eurobond / döviz,0.0,43.53,0.0,-2.4189,True,False,2026-10-07
RPX,ROTA PORTFÖY ÜÇÜNCÜ SERBEST (DÖVİZ) FON,Serbest Şemsiye Fonu,1.472,5.5252,11.6774,17.171,21.7468,103.9716,600480613.65,89.0,Rota Portföy Yönetimi A.Ş.,2.0,6.0,False,True,False,False,False,Eurobond / döviz,97.09,0.0,0.0,-0.1562,False,False,2026-10-08
TLU,TEB PORTFÖY ONİKİNCİ SERBEST (DÖVİZ) FON,Serbest Şemsiye Fonu,1.8201,5.8606,12.2057,17.355,21.7317,98.612,7499834449.5,487.0,Teb Portföy Yönetimi A.Ş.,0.0,,False,True,False,False,False,Eurobond / döviz,0.0,8.64,0.0,-0.1554,False,False,2026-10-08
ONT,TEB PORTFÖY ONDÖRDÜNCÜ SERBEST (DÖVİZ) FON,Serbest Şemsiye Fonu,1.817,5.8601,12.2038,17.3608,21.7266,97.4139,4678966490.21,350.0,Teb Portföy Yönetimi A.Ş.,0.0,,False,True,False,False,False,Eurobond / döviz,0.0,7.46,0.0,-0.1554,False,False,2026-10-08
OYS,OYAK PORTFÖY ÜÇÜNCÜ SERBEST (TL) FON,Serbest Şemsiye Fonu,-7.4359,-7.7854,13.2716,32.0718,21.7222,32.8271,14885663888.35,11.0,Oyak Portföy Yönetimi A.Ş.,0.0,,False,True,False,False,False,Hisse (aktif),0.0,0.0,74.98,-16.6707,False,False,2026-10-08
IMY,İŞ PORTFÖY SKYLARK SERBEST (DÖVİZ) ÖZEL FON,Serbest Şemsiye Fonu,0.6142,4.9761,11.2413,15.8756,21.7147,123.6961,1626661607.89,6.0,İş Portföy Yönetimi A.Ş.,0.0,,False,True,False,True,False,Eurobond / döviz,0.0,29.72,0.0,-0.6556,False,False,2026-10-08
GDP,GARANTİ PORTFÖY DOKUZUNCU SERBEST (DÖVİZ) ÖZEL FON,Serbest Şemsiye Fonu,0.0259,4.3804,10.9494,15.4825,21.6979,128.881,1565795497.03,1.0,Garanti Portföy Yönetimi A.Ş.,0.0,6.0,False,True,False,True,False,Eurobond / döviz,2.44,64.59,0.0,-1.1036,False,False,2026-10-08
GVB,GARANTİ PORTFÖY ACE SERBEST (DÖVİZ-ABD DOLARI) ÖZEL FON,Serbest Şemsiye Fonu,-0.3303,4.3466,10.0032,14.8495,21.693,122.8477,3587699248.59,3.0,Garanti Portföy Yönetimi A.Ş.,0.0,6.0,False,True,False,True,False,Eurobond / döviz,0.0,79.85,0.0,-2.1462,False,False,2026-10-08
HP3,HEDEF PORTFÖY LİDYA SERBEST (DÖVİZ) FON,Serbest Şemsiye Fonu,1.9099,6.485,13.4067,18.2683,21.6899,112.815,,,,,,True,True,False,False,False,Eurobond / döviz,,,,,False,False,
IJL,İSTANBUL PORTFÖY SPİCA SERBEST (DÖVİZ) FON,Serbest Şemsiye Fonu,-1.6449,4.7254,7.8471,16.6489,21.687,87.5728,354332051.08,12.0,İstanbul Portföy Yönetimi A.Ş.,0.0,6.0,False,True,False,False,False,Eurobond / döviz,0.0,23.24,16.57,-2.4701,True,False,2026-10-08
YJA,YAPI KREDİ PORTFÖY PY ALSANCAK SERBEST ( DÖVİZ) ÖZEL FON,Serbest Şemsiye Fonu,-0.0784,3.753,11.3274,14.9656,21.684,122.1179,407838971.19,4.0,Yapı Kredi Portföy Yönetimi A.Ş.,0.0,,False,True,False,True,False,Eurobond / döviz,6.41,85.57,0.0,-2.2699,True,False,2026-10-08
GZU,GARANTİ PORTFÖY EKE SERBEST (DÖVİZ) ÖZEL FON,Serbest Şemsiye Fonu,0.4974,4.5769,10.9014,14.7811,21.6778,134.6785,469007427.22,2.0,Garanti Portföy Yönetimi A.Ş.,0.0,6.0,False,True,False,True,False,Eurobond / döviz,0.0,60.19,0.0,-2.0875,True,False,2026-10-08
HAE,HSBC PORTFÖY EKİM 2026 SERBEST (DÖVİZ) FON,Serbest Şemsiye Fonu,1.8822,5.918,12.3411,17.0561,21.6689,104.6169,2984845605.7,1238.0,HSBC Portföy Yönetimi A.Ş.,0.0,,False,True,False,False,False,Eurobond / döviz,0.0,0.0,0.0,-0.1249,False,False,2026-10-08
PSD,İŞ PORTFÖY PERAS SERBEST (DÖVİZ) ÖZEL FON,Serbest Şemsiye Fonu,-0.7438,3.5207,10.5216,14.7267,21.6639,,2752071326.75,1.0,İş Portföy Yönetimi A.Ş.,0.0,,False,True,False,True,False,Eurobond / döviz,0.0,98.32,0.0,-2.2368,False,False,2026-10-08
KSM,ALBARAKA PORTFÖY İKİNCİ KATILIM SERBEST (DÖVİZ-ABD DOLARI) FON,Serbest Şemsiye Fonu,1.7677,5.7856,12.1511,17.3611,21.6625,,16281439264.52,740.0,Albaraka Portföy Yönetimi A.Ş.,0.0,6.0,False,True,False,False,False,Eurobond / döviz,0.0,5.84,0.0,-0.1535,False,False,2026-10-08
IOJ,İŞ PORTFÖY EKİM 2026 SERBEST (DÖVİZ) FON,Serbest Şemsiye Fonu,1.8703,5.9362,12.2919,17.0232,21.6614,86.6708,191493161.74,39.0,İş Portföy Yönetimi A.Ş.,0.0,,False,True,False,False,False,Eurobond / döviz,0.0,0.0,0.0,-0.1619,True,False,2026-10-08
ZMY,ZİRAAT PORTFÖY METAVERSE VE YENİ TEKNOLOJİLER DEĞİŞKEN FON,Değişken Şemsiye Fonu,3.9343,8.9921,24.3088,21.7417,21.642,180.5396,202829691.97,2642.0,Ziraat Portföy Yönetimi A.Ş.,3.0,6.0,False,False,False,False,False,Hisse (aktif),0.0,0.0,80.27,-12.7336,True,False,2026-10-07
IMS,İŞ PORTFÖY MERMER SERBEST ÖZEL FON,Serbest Şemsiye Fonu,-3.2085,1.8055,6.3895,11.5921,21.6337,132.1595,558789468.02,4.0,İş Portföy Yönetimi A.Ş.,0.0,,False,True,False,True,False,,1.74,59.64,21.16,-5.7302,False,False,2026-10-07
GGD,GARANTİ PORTFÖY SEKİZİNCİ SERBEST (DÖVİZ) ÖZEL FON,Serbest Şemsiye Fonu,0.4192,4.65,11.6572,15.6543,21.6189,122.5517,6034948582.58,2.0,Garanti Portföy Yönetimi A.Ş.,0.0,6.0,False,True,False,True,False,Eurobond / döviz,0.0,90.88,0.0,-1.443,False,False,2026-10-08
GPA,GARANTİ PORTFÖY EUROBOND BORÇLANMA ARAÇLARI (DÖVİZ) FONU,Borçlanma Araçları Şemsiye Fonu,-0.7265,3.3034,9.9788,14.0559,21.6155,134.0208,798689832.13,5135.0,Garanti Portföy Yönetimi A.Ş.,2.0,5.0,False,False,False,False,False,Eurobond / döviz,4.2,22.12,0.0,-3.2418,False,False,2026-10-06
TNH,TACİRLER PORTFÖY REAL CAPİTAL SERBEST ÖZEL FON,Serbest Şemsiye Fonu,2.878,-6.3429,8.8083,14.8843,21.6097,42.5168,208260392.99,3.0,Tacirler Portföy Yönetimi A.Ş.,0.0,7.0,False,True,False,True,False,,0.0,0.0,0.0,-15.6325,True,False,2026-10-07
FPH,FİBA PORTFÖY HİSSE SENEDİ (TL) FONU (HİSSE SENEDİ YOĞUN FON),Hisse Senedi Şemsiye Fonu,-7.6663,0.239,2.7702,15.6976,21.5976,76.4425,1179784304.17,4311.0,Fiba Portföy Yönetimi A.Ş.,2.0,6.0,False,False,False,False,False,Hisse (aktif),0.0,0.0,94.56,-12.9194,False,False,2026-10-07
DKL,DENİZ PORTFÖY BİRİNCİ KATILIM SERBEST (DÖVİZ) FON,Serbest Şemsiye Fonu,1.421,5.6678,12.1965,16.6728,21.5806,,356839268.85,91.0,Deniz Portföy Yönetimi A.Ş.,2.0,3.0,False,True,False,False,False,Eurobond / döviz,84.43,13.35,0.0,-0.5008,True,False,2026-10-08
OUN,AK PORTFÖY ONÜÇÜNCÜ SERBEST (DÖVİZ) FON,Serbest Şemsiye Fonu,1.1802,5.3461,11.8402,16.3375,21.5485,,225699480.7,297.0,Ak Portföy Yönetimi A.Ş.,0.0,,False,True,False,False,False,Eurobond / döviz,0.0,82.08,0.0,-0.4313,True,False,2026-10-08
DOC,DENİZ PORTFÖY KAR PAYI ÖDEYEN ONİKİNCİ SERBEST (DÖVIZ) FON,Serbest Şemsiye Fonu,0.4917,3.7039,10.6012,13.5108,21.5443,,4970058155.27,173.0,Deniz Portföy Yönetimi A.Ş.,0.0,5.0,False,True,False,False,False,Eurobond / döviz,0.0,64.3,0.0,-0.8104,False,False,2026-10-08
DCV,DENİZ PORTFÖY KAR PAYI ÖDEYEN SERBEST (DÖVİZ) FON,Serbest Şemsiye Fonu,1.4279,4.6138,,15.4941,21.5344,72.6584,38485320.58,23.0,Deniz Portföy Yönetimi A.Ş.,0.0,6.0,False,True,False,False,False,Eurobond / döviz,0.0,95.66,0.0,-0.3202,True,False,2026-10-08
YBJ,DENİZ PORTFÖY AYBÜKE SERBEST (DÖVİZ) ÖZEL FON,Serbest Şemsiye Fonu,-0.7465,3.4044,10.7689,14.6983,21.5261,,1950321134.91,1.0,Deniz Portföy Yönetimi A.Ş.,0.0,,False,True,False,True,False,Eurobond / döviz,0.0,94.56,0.0,-2.2741,False,False,2026-10-08
OBN,AK PORTFÖY ONBEŞİNCİ SERBEST (DÖVİZ) FON,Serbest Şemsiye Fonu,-0.257,3.7425,10.4246,14.6896,21.5206,,237854688.54,225.0,Ak Portföy Yönetimi A.Ş.,0.0,,False,True,False,False,False,Eurobond / döviz,0.0,95.83,0.0,-2.4156,True,False,2026-10-08
FUM,AK PORTFÖY ALESTA SERBEST (DÖVİZ) ÖZEL FON,Serbest Şemsiye Fonu,0.3853,4.7293,10.6365,15.0566,21.5165,116.5536,459156600.62,2.0,Ak Portföy Yönetimi A.Ş.,0.0,6.0,False,True,False,True,False,Eurobond / döviz,0.0,69.75,0.0,-2.0356,True,False,2026-10-08
ILP,İŞ PORTFÖY POLMİNE SERBEST (DÖVİZ) ÖZEL FON,Serbest Şemsiye Fonu,-0.2457,3.9575,10.8131,14.7556,21.4815,126.0131,3129471386.45,6.0,İş Portföy Yönetimi A.Ş.,0.0,,False,True,False,True,False,Eurobond / döviz,0.0,68.64,0.0,-2.3537,False,False,2026-10-08
SPD,AZIMUT PORTFÖY BEG SERBEST (DÖVIZ) ÖZEL FON,Serbest Şemsiye Fonu,-0.6263,3.6035,10.483,14.8553,21.4741,128.9914,349960688.19,1.0,Azimut Portföy Yönetimi A.Ş.,0.0,,False,True,False,True,False,Eurobond / döviz,0.0,99.08,0.0,-1.5639,True,False,2026-10-08
GZR,GARANTİ PORTFÖY SÜRDÜRÜLEBİLİRLİK HİSSE SENEDİ (TL) FONU (HİSSE SENEDİ YOĞUN FON),Hisse Senedi Şemsiye Fonu,-7.5915,-3.8483,-2.6231,17.2446,21.4737,78.3959,1015511008.15,1854.0,Garanti Portföy Yönetimi A.Ş.,2.0,6.0,False,False,False,False,False,Hisse (aktif),0.0,0.0,82.36,-11.6452,False,False,2026-10-07
CTP,İŞ PORTFÖY AAF SERBEST (DÖVİZ) ÖZEL FON,Serbest Şemsiye Fonu,-0.0338,4.2069,11.4796,15.3158,21.4625,132.5908,574313863.77,1.0,İş Portföy Yönetimi A.Ş.,0.0,,False,True,False,True,False,Eurobond / döviz,0.0,49.95,0.0,-2.0596,False,False,2026-10-08
DPC,DENİZ PORTFÖY FRS SERBEST (DÖVİZ) ÖZEL FON,Serbest Şemsiye Fonu,0.2457,4.647,11.2106,15.2015,21.4388,131.2637,336959070.29,1.0,Deniz Portföy Yönetimi A.Ş.,0.0,,False,True,False,True,False,Eurobond / döviz,0.0,48.24,0.0,-1.3516,True,False,2026-10-08
PCN,PERFORM PORTFÖY ÜÇÜNCÜ SERBEST (DÖVİZ)  FON,Serbest Şemsiye Fonu,0.4419,5.0827,11.5348,16.4853,21.4349,110.4998,572398559.01,12.0,Perform Portföy Yönetimi A.Ş.,0.0,6.0,False,True,False,False,False,Eurobond / döviz,82.06,0.0,16.69,-3.164,False,False,2026-10-08
NHT,DENİZ PORTFÖY NH SERBEST (DÖVİZ) ÖZEL FON,Serbest Şemsiye Fonu,-2.1799,2.1756,10.1621,14.9837,21.4343,110.0599,637110906.16,2.0,Deniz Portföy Yönetimi A.Ş.,0.0,5.0,False,True,False,True,False,Eurobond / döviz,0.0,83.84,6.39,-4.9962,False,False,2026-10-08
NPK,NEO PORTFÖY İPEKYOLU SERBEST ÖZEL FON,Serbest Şemsiye Fonu,-0.9698,5.0297,10.8409,14.9549,21.4183,,957315211.52,1.0,Neo Portföy Yönetimi A.Ş.,0.0,2.0,False,True,False,True,False,,0.0,15.7,33.77,-3.7592,False,False,2026-10-07
YJU,YAPI KREDİ PORTFÖY PY ULUDAĞ SERBEST (DÖVİZ) ÖZEL FON,Serbest Şemsiye Fonu,-0.3679,4.0687,10.6227,14.8015,21.4096,127.342,447135925.07,1.0,Yapı Kredi Portföy Yönetimi A.Ş.,0.0,,False,True,False,True,False,Eurobond / döviz,0.0,80.84,2.72,-2.2984,True,False,2026-10-08
DAI,DENİZ PORTFÖY ARTI SERBEST (DÖVİZ) ÖZEL FON,Serbest Şemsiye Fonu,-0.4333,3.7654,11.2264,14.9461,21.4046,127.2043,370976594.79,4.0,Deniz Portföy Yönetimi A.Ş.,0.0,,False,True,False,True,False,Eurobond / döviz,0.0,89.87,0.0,-2.8902,True,False,2026-10-08
HME,HSBC PORTFÖY DÖRDÜNCÜ SERBEST (DÖVİZ) FON,Serbest Şemsiye Fonu,1.8036,5.8729,12.3127,17.0701,21.4039,98.3646,28248492344.75,8033.0,HSBC Portföy Yönetimi A.Ş.,0.0,,False,True,False,False,False,Eurobond / döviz,11.25,19.08,0.0,-0.1293,False,False,2026-10-08
AAV,ATA PORTFÖY İKİNCİ HİSSE SENEDİ (TL) FONU (HİSSE SENEDİ YOĞUN FON),Hisse Senedi Şemsiye Fonu,-5.4223,0.4774,0.5109,16.2169,21.4015,62.3036,177776898.82,1753.0,Ata Portföy Yönetimi A.Ş.,2.0,6.0,False,False,False,False,False,Hisse (aktif),0.0,0.0,89.0,-11.7861,True,False,2026-10-07
NLD,AZİMUT PORTFÖY NL-2 SERBEST (DÖVİZ) ÖZEL FON,Serbest Şemsiye Fonu,-1.0318,3.474,10.4765,14.4821,21.3896,,3812044718.69,1.0,Azimut Portföy Yönetimi A.Ş.,0.0,,False,True,False,True,False,Eurobond / döviz,0.0,95.11,0.0,-2.2885,False,False,2026-10-08
GGA,GARANTİ PORTFÖY YEDİNCİ SERBEST (DÖVİZ) ÖZEL FON,Serbest Şemsiye Fonu,-0.0638,4.0251,10.8667,14.9489,21.389,124.2449,8274494144.8,3.0,Garanti Portföy Yönetimi A.Ş.,0.0,6.0,False,True,False,True,False,Eurobond / döviz,0.0,81.18,0.0,-1.6247,False,False,2026-10-08
GAS,GARANTİ PORTFÖY ÜÇÜNCÜ SERBEST(DÖVİZ) FON,Serbest Şemsiye Fonu,0.9828,5.0665,11.7137,16.0213,21.3793,109.0873,3069746805.72,2123.0,Garanti Portföy Yönetimi A.Ş.,2.0,6.0,False,True,False,False,False,Eurobond / döviz,2.56,68.31,0.0,-0.5721,False,False,2026-10-08
ICF,TEB PORTFÖY BİRİNCİ HİSSE SENEDİ FONU (HİSSE SENEDİ YOĞUN FON),Hisse Senedi Şemsiye Fonu,-6.8,-1.9029,4.2081,18.7284,21.3471,75.8047,17466127.27,517.0,Icbc Portföy Yönetimi A.Ş.,2.0,6.0,False,False,False,False,False,Hisse (aktif),0.0,0.0,90.41,-12.0481,True,False,2026-10-07
MT1,MT PORTFÖY BİRİNCİ SERBEST (DÖVİZ) FON,Serbest Şemsiye Fonu,1.2689,5.8085,11.8516,15.1855,21.3254,,27232761.4,15.0,Mt Portföy Yönetimi A.Ş.,2.0,6.0,False,True,False,False,False,Eurobond / döviz,0.0,0.0,0.0,-2.7829,True,False,2026-10-08
HII,HSBC PYŞ BİRİNCİ SERBEST (DÖVİZ) ÖZEL FON,Serbest Şemsiye Fonu,-0.032,4.1717,11.2937,14.9179,21.3011,121.6687,1108824823.04,1.0,,0.0,,False,True,False,True,False,Eurobond / döviz,1.93,83.41,0.0,-1.9466,False,False,2026-10-08
BJD,AZİMUT PORTFÖY 13.0 SERBEST (DÖVİZ) FON,Serbest Şemsiye Fonu,1.7501,5.7389,11.9872,16.9627,21.2895,91.7372,788942417.73,92.0,Azimut Portföy Yönetimi A.Ş.,1.0,4.0,False,True,False,False,False,Eurobond / döviz,0.0,0.0,0.0,-0.1563,False,False,2026-10-08
GPM,GARANTİ PORTFÖY MİB SERBEST (DÖVİZ) ÖZEL FON,Serbest Şemsiye Fonu,0.1504,4.8521,10.9476,15.1208,21.2849,118.3158,1312573251.01,2.0,Garanti Portföy Yönetimi A.Ş.,0.0,6.0,False,True,False,True,False,Eurobond / döviz,0.0,66.37,0.0,-2.9834,False,False,2026-10-08
CKS,İŞ PORTFÖY BİRİNCİ KATILIM SERBEST (DÖVİZ) FON,Serbest Şemsiye Fonu,0.2099,4.4575,10.9298,15.8265,21.2271,116.8138,5154748818.08,2179.0,İş Portföy Yönetimi A.Ş.,3.0,5.0,False,True,False,False,False,Eurobond / döviz,3.02,91.8,0.0,-0.6995,False,False,2026-10-08
GFN,GARANTİ PORTFÖY DAPEİ SERBEST  (DÖVİZ) ÖZEL FON,Serbest Şemsiye Fonu,-1.3895,2.5394,9.2611,12.6929,21.2173,156.8158,919608874.2,3.0,Garanti Portföy Yönetimi A.Ş.,0.0,6.0,False,True,False,True,False,Eurobond / döviz,0.0,0.0,0.0,-5.7226,False,False,2026-10-08
ZK1,ZİRAAT PORTFÖY BAŞAK KATILIM SERBEST (DÖVİZ-AMERİKAN DOLARI) FON,Serbest Şemsiye Fonu,1.7641,5.6895,11.8847,16.9438,21.217,,2061202077.05,106.0,Ziraat Portföy Yönetimi A.Ş.,0.0,6.0,False,True,False,False,False,Eurobond / döviz,0.0,0.0,0.0,-0.1567,False,False,2026-10-08
ZP6,ZİRAAT PORTFÖY SEDEF KATILIM SERBEST (DÖVİZ - AMERİKAN DOLARI) FON,Serbest Şemsiye Fonu,1.3858,5.4149,11.7592,16.6027,21.2047,102.8559,5051003386.26,1355.0,Ziraat Portföy Yönetimi A.Ş.,2.0,5.0,False,True,False,False,False,Eurobond / döviz,97.14,0.0,0.0,-0.1167,False,False,2026-10-08
NFH,NEO PORTFÖY HİSSE SENEDİ SERBEST FON (HİSSE SENEDİ YOĞUN FON),Serbest Şemsiye Fonu,-7.3572,-6.8937,-3.8618,10.3271,21.1997,,104973718.02,42.0,Neo Portföy Yönetimi A.Ş.,0.0,6.0,False,True,False,False,False,Hisse (aktif),0.0,0.0,96.32,-16.7015,True,False,2026-10-07
TB9,TEB PORTFÖY DOKUZUNCU SERBEST (DÖVİZ) FON,Serbest Şemsiye Fonu,1.8253,5.8522,12.1067,17.0387,21.1969,95.2932,40760704054.13,10270.0,Teb Portföy Yönetimi A.Ş.,0.0,,False,True,False,False,False,Eurobond / döviz,7.2,21.19,0.0,-0.1465,False,False,2026-10-08
ZJH,ZİRAAT PORTFÖY V10 SERBEST (DÖVİZ) ÖZEL FON,Serbest Şemsiye Fonu,0.5367,4.8135,11.3002,15.8111,21.194,111.4346,213262528.42,1.0,Ziraat Portföy Yönetimi A.Ş.,0.0,6.0,False,True,False,True,False,Eurobond / döviz,6.82,77.64,0.0,-0.3331,True,False,2026-10-08
IUN,İŞ PORTFÖY YELKEN SERBEST (DÖVİZ) ÖZEL FON,Serbest Şemsiye Fonu,-0.3358,3.9106,10.7755,14.5931,21.1916,141.0556,302589616.78,4.0,İş Portföy Yönetimi A.Ş.,0.0,,False,True,False,True,False,Eurobond / döviz,0.0,61.15,0.0,-2.2626,True,False,2026-10-08
TJB,TACİRLER PORTFÖY BDR SERBEST ÖZEL FON,Serbest Şemsiye Fonu,-5.7109,0.5325,3.2246,15.2341,21.1808,78.008,786751005.36,1.0,Tacirler Portföy Yönetimi A.Ş.,0.0,6.0,False,True,False,True,False,Hisse (aktif),0.31,0.0,76.56,-11.1222,False,False,2026-10-07
HAM,HEDEF PORTFÖY ALTIN KATILIM FONU,Katılım Şemsiye Fonu,-3.7846,6.6294,-4.794,8.0692,21.152,,,,,,,True,False,False,False,False,Altın / kıymetli maden,,,,,False,False,
ZUS,ZİRAAT PORTFÖY BAŞAK SERBEST (DÖVİZ-AMERİKAN DOLARI) FON,Serbest Şemsiye Fonu,1.7538,5.6747,11.8324,16.8347,21.1468,,58981014712.7,3240.0,Ziraat Portföy Yönetimi A.Ş.,0.0,6.0,False,True,False,False,False,Eurobond / döviz,0.0,8.23,0.0,-0.1573,False,False,2026-10-08
KKE,KUVEYT TÜRK PORTFÖY USTA KATILIM SERBEST (DÖVİZ) ÖZEL FON,Serbest Şemsiye Fonu,1.8612,5.9678,12.2516,17.1116,21.1273,,92596272.41,2.0,Kuveyt Türk Portföy Yönetimi A.Ş.,0.0,6.0,False,True,False,True,False,Eurobond / döviz,0.0,0.0,0.0,-0.1519,True,False,2026-10-08
EPO,İŞ PORTFÖY EXPLORER SERBEST (DÖVİZ) ÖZEL FON,Serbest Şemsiye Fonu,-0.895,4.0058,9.7899,14.2932,21.1131,118.4901,461622054.76,1.0,İş Portföy Yönetimi A.Ş.,0.0,,False,True,False,True,False,Eurobond / döviz,0.0,80.0,0.0,-1.3956,True,False,2026-10-08
SBS,STRATEJİ PORTFÖY BAŞAK SERBEST (DÖVİZ) ÖZEL FON,Serbest Şemsiye Fonu,0.0013,4.0322,10.9998,14.9076,21.1117,118.8086,248414413.96,1.0,Strateji Portföy Yönetimi A.Ş.,0.0,,False,True,False,True,False,Eurobond / döviz,0.0,95.23,0.0,-1.6903,True,False,2026-10-08
OAB,QNB PORTFÖY AYDOĞAN SERBEST (DÖVİZ) ÖZEL FON,Serbest Şemsiye Fonu,-0.5351,4.1733,9.4291,14.2723,21.107,136.3285,664674974.21,3.0,QNB Portföy Yönetimi A.Ş.,,,False,True,False,True,False,Eurobond / döviz,0.0,23.59,8.29,-3.3754,False,False,2026-10-08
KOZ,İŞ PORTFÖY KOZA SERBEST (DÖVİZ) ÖZEL FON,Serbest Şemsiye Fonu,-0.136,4.2492,10.9441,14.7765,21.0949,123.6738,73155963.8,4.0,İş Portföy Yönetimi A.Ş.,0.0,,False,True,False,True,False,Eurobond / döviz,0.0,96.24,0.0,-1.6773,True,False,2026-10-08
IGM,İŞ PORTFÖY ÜNİ SERBEST (DÖVİZ) ÖZEL FON,Serbest Şemsiye Fonu,-0.5623,3.9526,10.3582,14.5861,21.0713,123.6077,1293084007.71,3.0,İş Portföy Yönetimi A.Ş.,0.0,,False,True,False,True,False,Eurobond / döviz,0.0,76.24,0.0,-2.2305,False,False,2026-10-08
KTT,KUVEYT TÜRK PORTFÖY DÖRDÜNCÜ KATILIM SERBEST (DÖVİZ) FON,Serbest Şemsiye Fonu,0.6509,4.8558,11.4698,15.8748,21.055,117.5584,4665948886.0,1284.0,Kuveyt Türk Portföy Yönetimi A.Ş.,2.0,,False,True,False,False,False,Eurobond / döviz,48.86,27.97,0.0,-0.5408,False,False,2026-10-08
OTZ,QNB PORTFÖY TANER SERBEST (DÖVİZ) ÖZEL FON,Serbest Şemsiye Fonu,0.3209,4.6672,10.8664,14.9253,21.0472,128.0901,318329181.68,4.0,QNB Portföy Yönetimi A.Ş.,0.0,,False,True,False,True,False,Eurobond / döviz,0.0,36.41,0.0,-2.1188,True,False,2026-10-08
NLC,TEB PORTFÖY ONALTINCI SERBEST (DÖVİZ) FON,Serbest Şemsiye Fonu,1.4899,5.4131,11.0596,16.3551,21.0419,,185823858.72,19.0,Teb Portföy Yönetimi A.Ş.,0.0,,False,True,False,False,False,Altın / kıymetli maden,0.0,34.9,0.0,-0.2835,True,False,2026-10-08
ICG,İŞ PORTFÖY ARCADİA SERBEST (DÖVİZ) ÖZEL FON,Serbest Şemsiye Fonu,-0.2059,4.0274,10.2993,14.0745,21.0365,140.8562,704529975.29,1.0,İş Portföy Yönetimi A.Ş.,0.0,,False,True,False,True,False,Eurobond / döviz,4.17,51.14,0.0,-2.3205,False,False,2026-10-08
DPE,DENİZ PORTFÖY EGE SERBEST (DÖVİZ) ÖZEL FON,Serbest Şemsiye Fonu,-0.6588,3.5115,10.6551,14.1726,21.0137,131.5705,1495145049.22,1.0,Deniz Portföy Yönetimi A.Ş.,0.0,,False,True,False,True,False,Eurobond / döviz,0.0,67.71,0.65,-3.0737,False,False,2026-10-08
CSD,İŞ PORTFÖY CANO SERBEST (DÖVİZ) ÖZEL FON,Serbest Şemsiye Fonu,0.2454,4.4037,10.8977,14.8736,21.0088,129.0785,681448653.5,1.0,İş Portföy Yönetimi A.Ş.,0.0,,False,True,False,True,False,Eurobond / döviz,0.0,38.79,0.0,-1.7626,False,False,2026-10-08
ZP1,ZİRAAT PORTFÖY ANTALYA SERBEST (DÖVİZ) ÖZEL FON,Serbest Şemsiye Fonu,1.4528,5.302,11.4531,15.7457,20.9804,120.3776,65840640.11,2.0,Ziraat Portföy Yönetimi A.Ş.,0.0,6.0,False,True,False,True,False,Eurobond / döviz,0.0,61.26,0.0,-0.6777,True,False,2026-10-08
NKA,NEO PORTFÖY KATILIM SERBEST (DÖVİZ) FON,Serbest Şemsiye Fonu,1.7636,5.6759,11.8281,16.8404,20.9608,,132345157.0,8.0,Neo Portföy Yönetimi A.Ş.,3.0,3.0,False,True,False,False,False,Eurobond / döviz,66.08,0.0,0.0,-0.1607,True,False,2026-10-08
SRE,AZİMUT PORTFÖY SİRİUS SERBEST (DÖVİZ) ÖZEL FON,Serbest Şemsiye Fonu,0.0823,4.875,7.91,14.5206,20.9113,119.0775,1004641295.56,1.0,Azimut Portföy Yönetimi A.Ş.,0.0,,False,True,False,True,False,Eurobond / döviz,0.0,34.75,3.86,-1.9864,False,False,2026-10-08
FDO,QNB PORTFÖY SULTAN SERBEST (DÖVİZ) ÖZEL FON,Serbest Şemsiye Fonu,-0.7805,3.3573,10.5175,14.0478,20.9018,116.4767,291459076.9,1.0,QNB Portföy Yönetimi A.Ş.,0.0,,False,True,False,True,False,Eurobond / döviz,11.69,72.62,0.0,-2.5253,True,False,2026-10-08
OUD,OSMANLI PORTFÖY ATLANTİK SERBEST (DÖVİZ) FON,Serbest Şemsiye Fonu,-0.2948,3.6078,10.8425,15.1275,20.9005,119.0639,138992309.86,97.0,Osmanlı Portföy Yönetimi A.Ş.,3.0,6.0,False,True,False,False,False,Eurobond / döviz,0.0,95.74,0.0,-1.7221,True,False,2026-10-08
TGA,GARANTİ PORTFÖY AGRESİF DEĞİŞKEN FON,Değişken Şemsiye Fonu,-2.8644,2.916,5.2682,17.5715,20.8687,129.4926,773939891.44,5924.0,Garanti Portföy Yönetimi A.Ş.,2.0,5.0,False,False,False,False,False,Hisse (aktif),0.0,0.0,85.37,-7.0906,False,False,2026-10-07
GJO,GARANTİ PORTFÖY ONALTINCI SERBEST (DÖVİZ) ÖZEL FON,Serbest Şemsiye Fonu,0.7894,4.7864,10.968,15.4553,20.8653,110.2961,595955899.44,1.0,Garanti Portföy Yönetimi A.Ş.,0.0,6.0,False,True,False,True,False,Altın / kıymetli maden,16.12,0.0,0.0,-0.8335,False,False,2026-10-08
PCE,PARDUS PORTFÖY İNCİ SERBEST FON,Serbest Şemsiye Fonu,-12.1116,-8.0232,0.4197,9.7302,20.8343,,,,,,,True,True,False,False,False,,,,,,False,False,
SKS,İŞ PORTFÖY ASKA SERBEST (DÖVİZ) ÖZEL FON,Serbest Şemsiye Fonu,-1.6513,2.3169,9.7586,13.2802,20.8328,,1268617899.29,3.0,İş Portföy Yönetimi A.Ş.,0.0,,False,True,False,True,False,Eurobond / döviz,0.0,73.56,0.0,-3.9995,False,False,2026-10-08
GGR,GARANTİ PORTFÖY ONİKİNCİ SERBEST (DÖVİZ) ÖZEL FON,Serbest Şemsiye Fonu,-0.0225,4.2109,11.1187,15.6557,20.8122,118.5084,1608849783.65,3.0,Garanti Portföy Yönetimi A.Ş.,0.0,6.0,False,True,False,True,False,Eurobond / döviz,0.0,86.5,0.0,-1.2146,False,False,2026-10-08
IIH,İSTANBUL PORTFÖY ÜÇÜNCÜ HİSSE SENEDİ FONU (HİSSE SENEDİ YOĞUN FON),Hisse Senedi Şemsiye Fonu,-7.5202,-2.3531,-2.1692,14.2367,20.7845,103.2663,1392012305.89,18424.0,İstanbul Portföy Yönetimi A.Ş.,2.0,7.0,False,False,False,False,False,Hisse (aktif),0.0,0.0,88.14,-13.2727,False,False,2026-10-07
TBT,TEB PORTFÖY BORÇLANMA ARAÇLARI FONU,Borçlanma Araçları Şemsiye Fonu,-0.3391,5.776,7.7669,6.6991,20.7811,76.5916,454740427.43,2300.0,Teb Portföy Yönetimi A.Ş.,1.0,3.0,False,False,False,False,False,Kamu borçlanma (devlet tahvili),94.85,0.24,0.0,-8.7658,True,False,2026-10-06
DRA,NEO PORTFÖY DORA SERBEST FON,Serbest Şemsiye Fonu,-5.0711,0.3587,-6.7636,1.8908,20.764,,38906601.54,36.0,Neo Portföy Yönetimi A.Ş.,2.0,7.0,False,True,False,False,False,Hisse (aktif),0.0,0.0,80.24,-27.501,True,False,2026-10-09
IZL,İŞ PORTFÖY EYLÜL 2027 SERBEST (DÖVİZ) FON,Serbest Şemsiye Fonu,1.3473,5.1628,11.6098,15.5198,20.7386,77.8693,109456255.14,19.0,İş Portföy Yönetimi A.Ş.,0.0,,False,True,False,False,False,Eurobond / döviz,0.0,20.97,0.0,-0.3679,True,False,2026-10-08
STS,STRATEJİ PORTFÖY BİRİNCİ SERBEST (DÖVİZ) FON,Serbest Şemsiye Fonu,0.1674,4.2789,10.8176,14.7871,20.7205,120.094,424321375.72,27.0,Strateji Portföy Yönetimi A.Ş.,0.0,,False,True,False,False,False,Eurobond / döviz,0.0,88.27,0.0,-1.3778,True,False,2026-10-08
GYR,GARANTİ PORTFÖY TEKOS SERBEST (DÖVİZ-ABD DOLARI) ÖZEL FON,Serbest Şemsiye Fonu,-0.7483,3.4935,10.7002,15.3147,20.7164,115.6362,588259132.83,5.0,Garanti Portföy Yönetimi A.Ş.,0.0,6.0,False,True,False,True,False,Eurobond / döviz,0.0,83.0,0.0,-1.4773,False,False,2026-10-08
YTO,YAPI KREDİ PORTFÖY TOPHANE PARK SERBEST (DÖVİZ) ÖZEL FON,Serbest Şemsiye Fonu,-0.1481,1.9388,10.2082,13.7208,20.7071,,716125929.1,4.0,Yapı Kredi Portföy Yönetimi A.Ş.,0.0,,False,True,False,True,False,Eurobond / döviz,0.0,92.7,0.0,-2.2909,False,False,2026-10-08
BUT,AZİMUT PORTFÖY BULUT HİSSE SENEDİ SERBEST ÖZEL FON (HİSSE SENEDİ YOĞUN FON),Serbest Şemsiye Fonu,-11.9857,-9.6283,-1.7896,16.6245,20.6782,19.0415,152699333.76,4.0,Azimut Portföy Yönetimi A.Ş.,0.0,6.0,False,True,False,True,False,Hisse (aktif),0.0,0.0,87.03,-20.4276,True,False,2026-10-07
FUN,FİBA PORTFÖY ÜÇÜNCÜ SERBEST (DÖVİZ) FON,Serbest Şemsiye Fonu,1.9711,6.2945,12.6373,16.1536,20.66,,3605506386.98,590.0,Fiba Portföy Yönetimi A.Ş.,0.0,6.0,False,True,False,False,False,Eurobond / döviz,0.0,64.75,0.0,-2.0748,False,False,2026-10-08
MGB,İŞ PORTFÖY MUTLAK GETİRİ HEDEFLİ HİSSE SENEDİ SERBEST FON (HİSSE SENEDİ YOĞUN FON),Serbest Şemsiye Fonu,-3.458,2.7872,7.9543,11.1642,20.6565,,,,,,,True,True,False,False,False,Hisse (aktif),,,,,False,False,
ITD,İŞ PORTFÖY TE2 SERBEST (DÖVİZ) ÖZEL FON,Serbest Şemsiye Fonu,-0.9851,3.4033,9.8467,13.7352,20.6313,137.2108,2542255734.16,1.0,İş Portföy Yönetimi A.Ş.,0.0,,False,True,False,True,False,Eurobond / döviz,0.0,14.28,0.0,-3.3124,False,False,2026-10-08
GAJ,GARANTİ PORTFÖY YİRMİÜÇÜNCÜ SERBEST (DÖVİZ) ÖZEL FON,Serbest Şemsiye Fonu,0.4751,4.4002,10.393,14.7301,20.6205,120.3907,510493542.27,1.0,Garanti Portföy Yönetimi A.Ş.,0.0,6.0,False,True,False,True,False,Eurobond / döviz,17.64,8.33,0.0,-1.2185,False,False,2026-10-08
IUB,İŞ PORTFÖY EVREN SERBEST (DÖVİZ) ÖZEL FON,Serbest Şemsiye Fonu,0.1974,4.3331,10.6489,14.252,20.6123,137.2406,349448447.44,3.0,İş Portföy Yönetimi A.Ş.,0.0,,False,True,False,True,False,Eurobond / döviz,0.0,14.71,0.0,-2.0068,True,False,2026-10-08
ACN,İSTANBUL PORTFÖY LİDYA SERBEST (DÖVİZ) FON,Serbest Şemsiye Fonu,1.0328,5.1827,11.3404,15.0556,20.6029,96.7239,593527779.82,16.0,İstanbul Portföy Yönetimi A.Ş.,0.0,6.0,False,True,False,False,False,Eurobond / döviz,0.0,6.45,0.0,-0.4319,False,False,2026-10-08
CJF,AK PORTFÖY ADOC SERBEST (DÖVİZ) ÖZEL FON,Serbest Şemsiye Fonu,-0.4232,3.1311,9.9742,13.8359,20.599,120.8593,1640679840.66,3.0,Ak Portföy Yönetimi A.Ş.,0.0,6.0,False,True,False,True,False,Eurobond / döviz,0.0,83.29,0.0,-1.9836,False,False,2026-10-08
FYG,AZİMUT PORTFÖY ÖPY SERBEST ( DÖVİZ ) ÖZEL FON,Serbest Şemsiye Fonu,-0.2964,3.9822,11.1746,14.3057,20.5824,120.8439,97405794.2,2.0,Azimut Portföy Yönetimi A.Ş.,0.0,,False,True,False,True,False,Eurobond / döviz,0.0,96.54,0.0,-3.0106,True,False,2026-10-08
RPN,ROTA PORTFÖY NEV SERBEST FON,Serbest Şemsiye Fonu,-6.451,-6.9267,-1.7527,8.5435,20.5796,27.4504,773617301.36,23.0,Rota Portföy Yönetimi A.Ş.,2.0,6.0,False,True,False,False,False,Hisse (aktif),5.3,0.0,86.88,-17.4893,False,False,2026-10-08
ESN,ALLBATROSS PORTFÖY ESİN SERBEST FON,Serbest Şemsiye Fonu,-8.7964,-3.6839,0.5348,12.5277,20.5615,,1683057.04,20.0,Allbatross Portföy Yönetimi A.Ş.,0.0,5.0,False,True,False,False,False,Hisse (aktif),0.0,0.0,78.53,-10.1446,True,False,2026-10-08
DSC,DENİZ PORTFÖY RÜ SERBEST (DÖVİZ) ÖZEL FON,Serbest Şemsiye Fonu,-0.7437,3.4143,10.3458,13.8805,20.5519,120.6726,998808653.62,1.0,Deniz Portföy Yönetimi A.Ş.,0.0,,False,True,False,True,False,Eurobond / döviz,0.0,67.92,0.0,-2.6769,False,False,2026-10-08
FSG,FİBA PORTFÖY BİRİNCİ HİSSE SENEDİ SERBEST FON (HİSSE SENEDİ YOĞUN FON),Serbest Şemsiye Fonu,-6.9992,-1.1933,1.2067,15.3724,20.5425,80.4251,599900817.2,674.0,Fiba Portföy Yönetimi A.Ş.,2.0,6.0,False,True,False,False,False,Hisse (aktif),0.0,0.0,89.26,-12.4308,False,False,2026-10-07
YVO,YAPI KREDİ PORTFÖY NİLÜFER SERBEST (DÖVİZ) ÖZEL FON,Serbest Şemsiye Fonu,-1.2708,2.686,9.5623,13.2884,20.5389,112.4294,963161723.79,2.0,Yapı Kredi Portföy Yönetimi A.Ş.,0.0,,False,True,False,True,False,Eurobond / döviz,0.0,97.93,0.0,-2.4141,False,False,2026-10-08
OCN,QNB PORTFÖY SEFA SERBEST (DÖVİZ) ÖZEL FON,Serbest Şemsiye Fonu,1.7405,5.5433,11.6845,16.4985,20.5249,88.2646,121496547.06,4.0,QNB Portföy Yönetimi A.Ş.,0.0,,False,True,False,True,False,Eurobond / döviz,0.0,0.0,0.0,-0.1545,True,False,2026-10-08
SJP,STRATEJİ PORTFÖY KAR PAYI ÖDEYEN İKİNCİ SERBEST (DÖVİZ) FON,Serbest Şemsiye Fonu,0.0864,4.1278,10.7544,14.6644,20.52,116.0461,328657599.84,29.0,Strateji Portföy Yönetimi A.Ş.,0.0,,False,True,False,False,False,Eurobond / döviz,0.0,0.0,0.0,-1.3132,True,False,2026-10-08
MPS,AKTİF PORTFÖY KATILIM HİSSE SENEDİ (TL) FONU (HİSSE SENEDİ YOĞUN FON),Hisse Senedi Şemsiye Fonu,-8.6047,-3.7569,-1.1482,19.9267,20.4549,74.9628,133289113.54,2296.0,Aktif Portföy Yönetimi A.Ş.,2.0,6.0,False,False,False,False,False,Hisse (aktif),0.0,0.0,92.05,-14.1367,True,False,2026-10-07
CVD,AK PORTFÖY GİFON SERBEST (DÖVİZ) ÖZEL FON,Serbest Şemsiye Fonu,-0.3371,4.002,11.4294,15.8051,20.4302,104.7114,1105013625.81,2.0,Ak Portföy Yönetimi A.Ş.,0.0,5.0,False,True,False,True,False,Eurobond / döviz,0.0,68.11,0.0,-1.562,False,False,2026-10-08
IZS,İSTANBUL PORTFÖY ALTINCI SERBEST FON,Serbest Şemsiye Fonu,3.6763,19.8759,28.2995,20.3828,20.3894,148.7652,31325687.27,67.0,İstanbul Portföy Yönetimi A.Ş.,2.0,7.0,False,True,False,False,False,Altın / kıymetli maden,0.0,0.0,0.0,-17.9467,True,False,2026-10-08
GBH,GARANTİ PORTFÖY BİRİNCİ HİSSE SENEDİ SERBEST FON (HİSSE SENEDİ YOĞUN FON),Serbest Şemsiye Fonu,-10.2885,-4.0917,-4.2868,16.9858,20.3819,100.0912,2110498628.72,2665.0,Garanti Portföy Yönetimi A.Ş.,2.0,7.0,False,True,False,False,False,Hisse (aktif),0.0,0.0,80.23,-13.6115,False,False,2026-10-07
IJK,İSTANBUL PORTFÖY KEREM SERBEST (DÖVİZ) ÖZEL FON,Serbest Şemsiye Fonu,0.8919,4.8687,10.6116,14.3093,20.3721,127.8694,292220731.61,3.0,İstanbul Portföy Yönetimi A.Ş.,0.0,6.0,False,True,False,True,False,Eurobond / döviz,0.0,0.0,0.0,-1.3109,True,False,2026-10-08
GFB,GARANTİ PORTFÖY MISIRLI SERBEST (DÖVİZ) ÖZEL FON,Serbest Şemsiye Fonu,-0.3018,4.0492,10.8373,14.8202,20.3484,125.4442,414113017.3,4.0,Garanti Portföy Yönetimi A.Ş.,0.0,6.0,False,True,False,True,False,Eurobond / döviz,0.0,56.65,0.0,-1.5592,True,False,2026-10-08
HVV,AK PORTFÖY HERAKLES SERBEST (DÖVİZ) ÖZEL FON,Serbest Şemsiye Fonu,-0.3721,3.9623,10.4234,14.5643,20.3156,113.8758,3189541441.64,1.0,Ak Portföy Yönetimi A.Ş.,0.0,6.0,False,True,False,True,False,Eurobond / döviz,0.0,95.03,1.42,-1.3319,False,False,2026-10-08
PPE,PHİLLİP PORTFÖY SERBEST (DÖVİZ) FON,Serbest Şemsiye Fonu,-0.4558,3.5713,9.5758,13.1149,20.3015,,674284572.25,41.0,Phillip Portföy Yönetimi A.Ş.,2.0,6.0,False,True,False,False,False,Eurobond / döviz,14.38,23.38,0.0,-3.1368,False,False,2026-10-08
DAH,DENİZ PORTFÖY HİSSE SENEDİ FONU (HİSSE SENEDİ YOĞUN FON),Hisse Senedi Şemsiye Fonu,-10.8334,-2.8097,-6.1599,11.7162,20.2852,71.271,509414890.75,2402.0,Deniz Portföy Yönetimi A.Ş.,2.0,6.0,False,False,False,False,False,Hisse (aktif),0.0,0.0,91.51,-16.799,False,False,2026-10-07
HPC,ZİRAAT PORTFÖY HEDEF SERBEST ÖZEL FON,Serbest Şemsiye Fonu,-9.7442,-3.7353,-3.5046,7.3027,20.2851,140.1588,,,,,,True,True,False,True,False,,,,,,False,False,
DKY,DENİZ PORTFÖY KAR PAYI ÖDEYEN ONÜÇÜNCÜ SERBEST (DÖVİZ) FON,Serbest Şemsiye Fonu,,5.2031,10.976,17.3674,20.2693,,729193404.46,121.0,Deniz Portföy Yönetimi A.Ş.,0.0,,False,True,False,False,False,Eurobond / döviz,0.0,98.98,0.0,-1.8403,False,False,2026-10-08
HFA,HSBC PORTFÖY ALLİANZ DEĞİŞKEN ÖZEL FON,Değişken Şemsiye Fonu,0.0899,4.5809,8.24,13.9949,20.2633,125.4563,4942618515.84,2.0,HSBC Portföy Yönetimi A.Ş.,0.0,5.0,False,False,False,True,False,Karma / değişken,62.53,6.24,0.0,-2.7756,False,False,2026-10-08
KDL,KUVEYT TÜRK PORTFÖY BEŞİNCİ KATILIM SERBEST (DÖVİZ) FON,Serbest Şemsiye Fonu,1.7219,5.5624,11.5966,16.3542,20.2607,90.0358,24581345603.55,6890.0,Kuveyt Türk Portföy Yönetimi A.Ş.,1.0,6.0,False,True,False,False,False,Eurobond / döviz,0.68,0.0,0.0,-0.157,False,False,2026-10-08
YPU,YAPI KREDİ PORTFÖY SERBEST (DÖVİZ-POUND) FON,Serbest Şemsiye Fonu,-0.6586,4.7691,10.4605,15.5792,20.255,,5331617102.66,1907.0,Yapı Kredi Portföy Yönetimi A.Ş.,0.0,,False,True,False,False,False,Eurobond / döviz,0.0,87.12,0.0,-2.3424,False,False,2026-10-08
GPC,GARANTİ PORTFÖY İKİNCİ SERBEST ( DÖVİZ ) FON,Serbest Şemsiye Fonu,-0.7464,3.2045,10.0623,13.5788,20.2413,132.4833,5998506945.7,3235.0,Garanti Portföy Yönetimi A.Ş.,2.0,6.0,False,True,False,False,False,Eurobond / döviz,5.52,53.5,1.66,-2.7323,False,False,2026-10-08
GVC,GARANTİ PORTFÖY ERG SERBEST (DÖVİZ) ÖZEL FON,Serbest Şemsiye Fonu,-0.0349,3.9513,10.7552,14.725,20.2225,119.1307,308243377.74,1.0,Garanti Portföy Yönetimi A.Ş.,0.0,6.0,False,True,False,True,False,Eurobond / döviz,0.0,75.3,0.0,-1.45,True,False,2026-10-08
RPS,ROTA PORTFÖY BİRİNCİ SERBEST (DÖVİZ) FON,Serbest Şemsiye Fonu,0.4262,3.7561,9.1221,13.2657,20.1943,112.5276,126223187.88,68.0,Rota Portföy Yönetimi A.Ş.,3.0,5.0,False,True,False,False,False,Eurobond / döviz,81.17,0.0,0.0,-0.8931,True,False,2026-10-08
YNL,YAPI KREDİ PORTFÖY CADDEBOSTAN SERBEST (DÖVİZ) ÖZEL FON,Serbest Şemsiye Fonu,0.0626,4.1368,10.3359,13.7462,20.1896,93.9627,223412147.07,1.0,Yapı Kredi Portföy Yönetimi A.Ş.,0.0,,False,True,False,True,False,Eurobond / döviz,0.0,80.73,0.0,-2.4457,True,False,2026-10-08
DPL,DENİZ PORTFÖY NİL SERBEST (DÖVİZ) ÖZEL FON,Serbest Şemsiye Fonu,0.7991,6.1134,10.317,14.8082,20.177,127.9333,2351842499.79,1.0,Deniz Portföy Yönetimi A.Ş.,0.0,,False,True,False,True,False,Eurobond / döviz,0.0,0.0,6.47,-1.7309,False,False,2026-10-08
ESG,AKTİF PORTFÖY ESG SÜRDÜRÜLEBİLİRLİK SERBEST FON,Serbest Şemsiye Fonu,2.9558,6.7725,5.1387,14.6334,20.1715,91.3872,11087128.15,72.0,Aktif Portföy Yönetimi A.Ş.,2.0,6.0,False,True,False,False,False,Hisse (aktif),0.0,91.3,0.0,-11.1592,True,False,2026-10-08
DOS,DENİZ PORTFÖY OLMİ SERBEST (DÖVİZ) ÖZEL FON,Serbest Şemsiye Fonu,0.064,0.6265,7.9995,12.3089,20.1684,128.6467,2096116899.99,3.0,Deniz Portföy Yönetimi A.Ş.,0.0,,False,True,False,True,False,Eurobond / döviz,0.0,82.53,0.0,-2.7685,False,False,2026-10-08
OFK,OYAK PORTFÖY TÜRKİYE FİNANS KATILIM SERBEST (DÖVİZ-ABD DOLARI) FON,Serbest Şemsiye Fonu,1.7066,5.5144,11.5049,16.24,20.1668,90.3565,906607474.81,240.0,Oyak Portföy Yönetimi A.Ş.,0.0,,False,True,False,False,False,Eurobond / döviz,0.0,0.0,0.0,-0.1585,False,False,2026-10-08
HVN,HEDEF PORTFÖY DÖRDÜNCÜ SERBEST FON,Serbest Şemsiye Fonu,-0.1844,2.7033,10.6559,15.6487,20.1661,135.0749,,,,,,True,True,False,False,False,,,,,,False,False,
DXP,DENİZ PORTFÖY İHRACATÇI ŞİRKETLER HİSSE SENEDİ FONU (HİSSE SENEDİ YOĞUN FON),Hisse Senedi Şemsiye Fonu,-10.1678,-0.5845,0.0968,14.9663,20.1611,,41303187.26,956.0,Deniz Portföy Yönetimi A.Ş.,2.0,6.0,False,False,False,False,False,Hisse (aktif),0.0,0.0,97.44,-13.5463,True,False,2026-10-08
POD,DENİZ PORTFÖY ONBEŞİNCİ SERBEST (DÖVİZ-POUND) FON,Serbest Şemsiye Fonu,-0.6575,4.8164,10.4968,15.5263,20.1553,,3939827494.63,1357.0,Deniz Portföy Yönetimi A.Ş.,0.0,2.0,False,True,False,False,False,Eurobond / döviz,0.0,76.66,0.0,-2.3528,False,False,2026-10-08
GJF,GARANTİ PORTFÖY BEREKET SERBEST (DÖVİZ) ÖZEL FON,Serbest Şemsiye Fonu,-1.0054,2.956,9.3665,14.0335,20.149,118.266,232247164.85,2.0,Garanti Portföy Yönetimi A.Ş.,0.0,6.0,False,True,False,True,False,Eurobond / döviz,0.0,72.21,0.0,-3.6174,True,False,2026-10-08
AL5,ALBARAKA PORTFÖY KATILIM SERBEST (DÖVİZ) FON,Serbest Şemsiye Fonu,1.6515,5.4713,11.4488,16.2318,20.1456,93.4522,13166857627.98,2295.0,Albaraka Portföy Yönetimi A.Ş.,0.0,6.0,False,True,False,False,False,Eurobond / döviz,0.0,2.07,0.0,-0.1473,False,False,2026-10-08
HGC,HSBC PORTFÖY MART 2027 SERBEST (DÖVİZ) FON,Serbest Şemsiye Fonu,1.8003,5.7679,11.9995,16.1668,20.143,84.8506,603362114.87,316.0,HSBC Portföy Yönetimi A.Ş.,0.0,,False,True,False,False,False,Eurobond / döviz,9.49,0.0,0.0,-0.279,False,False,2026-10-08
GO3,ONE PORTFÖY ÜÇÜNCÜ FON SEPETİ FONU,Fon Sepeti Şemsiye Fonu,-10.4728,-5.3297,-1.5813,11.4439,20.1056,159.9655,23237597.63,363.0,One Portföy Yönetimi A.Ş.,3.0,5.0,False,False,False,False,False,,0.0,0.0,4.23,-11.2008,True,False,2026-10-07
HFV,HSBC PYŞ ÜÇÜNCÜ SERBEST (DÖVİZ) FON,Serbest Şemsiye Fonu,-0.3066,3.6331,10.1067,13.9189,20.085,119.983,8539907465.57,3133.0,,0.0,,False,True,False,False,False,Eurobond / döviz,0.0,60.46,0.0,-1.6429,False,False,2026-10-08
PAU,GARANTİ PORTFÖY SERBEST (DÖVİZ-POUND) FON,Serbest Şemsiye Fonu,-0.6597,4.7971,10.4992,15.5066,20.0802,,11137939799.68,3770.0,Garanti Portföy Yönetimi A.Ş.,0.0,,False,True,False,False,False,Eurobond / döviz,0.0,59.62,0.0,-2.3674,False,False,2026-10-08
MTS,AKTİF PORTFÖY TARIM VE SÜRDÜRÜLEBİLİRLİK FON SEPETİ FONU,Fon Sepeti Şemsiye Fonu,-5.2617,1.8647,5.3261,15.911,20.0746,111.961,26099913.66,567.0,Aktif Portföy Yönetimi A.Ş.,3.0,5.0,False,False,False,False,False,Hisse (aktif),0.0,0.0,0.0,-6.6415,True,False,2026-10-08
SAR,İŞ PORTFÖY SARDUNYA SERBEST (DÖVİZ) ÖZEL FON,Serbest Şemsiye Fonu,-0.5732,3.3494,9.8586,13.3999,20.067,,899414632.55,9.0,İş Portföy Yönetimi A.Ş.,0.0,,False,True,False,True,False,Eurobond / döviz,7.54,64.05,0.0,-2.5072,False,False,2026-10-08
YVF,YAPI KREDİ PORTFÖY ETİLER SERBEST (DÖVİZ) ÖZEL FON,Serbest Şemsiye Fonu,-0.166,2.5675,9.5526,13.6947,20.0167,129.9979,958924821.64,4.0,Yapı Kredi Portföy Yönetimi A.Ş.,0.0,,False,True,False,True,False,Eurobond / döviz,0.0,77.07,1.5,-1.6404,False,False,2026-10-08
KRS,KARE PORTFÖY SERBEST (DÖVİZ) FON,Serbest Şemsiye Fonu,-0.5501,5.8291,11.6449,15.6024,20.015,135.5036,1212500596.95,826.0,Kare Portföy Yönetimi A.Ş.,3.0,5.0,False,True,False,False,False,Hisse (aktif),0.0,27.75,55.78,-6.8502,False,False,2026-10-08
BFT,AZİMUT PORTFÖY BANKA VE FİNANS SEKTÖRÜ HİSSE SENEDİ FONU (HİSSE SENEDİ YOĞUN FON),Hisse Senedi Şemsiye Fonu,-7.9804,0.2643,-3.3325,4.3955,19.9768,,244046743.73,524.0,Azimut Portföy Yönetimi A.Ş.,2.0,6.0,False,False,False,False,False,Hisse (aktif),0.0,0.0,80.08,-21.2758,True,False,2026-10-09
BFO,İŞ PORTFÖY BFO1 SERBEST (DÖVİZ) ÖZEL FON,Serbest Şemsiye Fonu,-3.2239,1.5606,8.6308,13.0618,19.9222,,15329283920.81,1.0,İş Portföy Yönetimi A.Ş.,0.0,,False,True,False,True,False,Eurobond / döviz,0.0,30.17,0.59,-3.8999,False,False,2026-10-08
IVY,İSTANBUL PORTFÖY BLOCKCHAIN TEKNOLOJİLERİ DEĞİŞKEN FON,Değişken Şemsiye Fonu,0.6758,9.4395,36.8278,38.8671,19.9198,390.2263,620587597.83,11402.0,İstanbul Portföy Yönetimi A.Ş.,3.0,6.0,False,False,False,False,False,Hisse (aktif),0.0,15.07,64.56,-22.2028,False,False,2026-10-07
IOL,İŞ PORTFÖY OSK SERBEST (DÖVİZ) ÖZEL FON,Serbest Şemsiye Fonu,-1.0842,4.1253,10.0668,13.9594,19.9166,120.821,954334272.87,1.0,İş Portföy Yönetimi A.Ş.,0.0,,False,True,False,True,False,Eurobond / döviz,0.0,67.3,0.0,-3.8757,False,False,2026-10-08
PPB,PHİLLİP PORTFÖY BİRİNCİ HİSSE SENEDİ FONU (HİSSE SENEDİ YOĞUN FON),Hisse Senedi Şemsiye Fonu,-10.9271,-7.5549,-6.2398,5.1104,19.906,75.9736,131045648.97,1283.0,Phillip Portföy Yönetimi A.Ş.,2.0,7.0,False,False,False,False,False,Hisse (aktif),0.0,0.0,95.67,-18.987,True,False,2026-10-08
HAT,HEDEF PORTFÖY ATLAS İSTATİSTİKSEL ARBİTRAJ HİSSE SENEDİ SERBEST FON (HİSSE SENEDİ YOĞUN FON),Serbest Şemsiye Fonu,-0.5611,0.5776,4.8202,11.735,19.8805,,,,,,,True,True,False,False,False,Hisse (aktif),,,,,False,False,
IFD,İŞ PORTFÖY FINDIKLI SERBEST (DÖVİZ) ÖZEL FON,Serbest Şemsiye Fonu,-0.0095,3.998,10.5328,14.3247,19.8794,115.6556,1217880166.66,9.0,İş Portföy Yönetimi A.Ş.,0.0,,False,True,False,True,False,Eurobond / döviz,0.0,58.13,0.0,-1.9342,False,False,2026-10-08
IDV,İŞ PORTFÖY ACHS SERBEST (DÖVİZ) ÖZEL FON,Serbest Şemsiye Fonu,-1.6055,2.2992,9.3515,12.9861,19.8768,131.626,552537208.4,2.0,İş Portföy Yönetimi A.Ş.,0.0,,False,True,False,True,False,Eurobond / döviz,0.0,75.53,0.0,-2.7405,False,False,2026-10-08
DP2,DENİZ PORTFÖY ÖZER SERBEST (DÖVİZ) ÖZEL FON,Serbest Şemsiye Fonu,-0.6916,2.0857,9.2539,13.7596,19.8708,127.1083,374852934.42,11.0,Deniz Portföy Yönetimi A.Ş.,0.0,,False,True,False,True,False,Eurobond / döviz,0.0,90.17,0.0,-2.2275,True,False,2026-10-08
FID,FİBA PORTFÖY ÇOKLU VARLIK İKİNCİ DEĞİŞKEN FON,Değişken Şemsiye Fonu,-5.2226,1.2881,4.8672,12.8317,19.836,71.5902,796766407.17,1604.0,Fiba Portföy Yönetimi A.Ş.,1.0,6.0,False,False,False,False,False,Hisse (aktif),7.49,0.05,65.29,-9.4544,False,False,2026-10-08
TRO,TRIVE PORTFÖY ALTIN FONU,Kıymetli Madenler Şemsiye Fonu,-4.8977,4.6508,-5.5724,5.9297,19.8116,,19883947.78,312.0,Trive Portföy Yönetimi A.Ş.,1.0,6.0,False,False,False,False,False,Altın / kıymetli maden,0.0,0.0,0.0,-20.4389,True,False,2026-10-07
YPN,İŞ PORTFÖY YİRMİNCİ SERBEST (DÖVİZ- POUND) FON,Serbest Şemsiye Fonu,-0.6633,4.7148,10.28,15.2777,19.8045,,4642918458.61,1273.0,İş Portföy Yönetimi A.Ş.,0.0,,False,True,False,False,False,Eurobond / döviz,0.0,78.8,0.0,-2.3772,False,False,2026-10-08
YP2,YAPI KREDİ PORTFÖY PERA SERBEST (DÖVİZ) ÖZEL FON,Serbest Şemsiye Fonu,-0.5225,3.1899,9.6973,12.8284,19.8024,139.586,1372410994.08,1.0,Yapı Kredi Portföy Yönetimi A.Ş.,0.0,,False,True,False,True,False,Eurobond / döviz,0.0,17.64,0.0,-3.1005,False,False,2026-10-08
FLS,YAPI KREDİ PORTFÖY FLORYA SERBEST (DÖVİZ-AVRO) FON,Serbest Şemsiye Fonu,-2.6332,2.9682,9.428,12.1856,19.78,,3879171346.03,2072.0,Yapı Kredi Portföy Yönetimi A.Ş.,2.0,,False,True,False,False,False,Eurobond / döviz,0.0,21.21,1.62,-7.392,False,False,2026-10-08
IOV,İSTANBUL PORTFÖY PAPİRUS SERBEST (DÖVİZ) ÖZEL FON,Serbest Şemsiye Fonu,0.3821,4.4899,10.3425,13.0153,19.7459,111.7876,572851168.32,1.0,İstanbul Portföy Yönetimi A.Ş.,0.0,6.0,False,True,False,True,False,Eurobond / döviz,0.0,0.0,0.0,-1.0078,False,False,2026-10-08
THO,AZİMUT PORTFÖY 20.0 SERBEST (DÖVİZ) FON,Serbest Şemsiye Fonu,0.2089,4.9186,10.3184,13.0744,19.7109,81.8102,4893913132.53,12.0,Azimut Portföy Yönetimi A.Ş.,0.0,,False,True,False,False,False,Eurobond / döviz,46.94,30.52,0.0,-1.2345,False,False,2026-10-08
IMF,İSTANBUL PORTFÖY MAESTRO SERBEST FON,Serbest Şemsiye Fonu,-2.33,2.1878,7.5805,8.9454,19.6988,94.7564,374077987.21,19.0,İstanbul Portföy Yönetimi A.Ş.,0.0,5.0,False,True,False,False,False,,0.0,0.0,12.97,-4.0838,True,False,2026-10-08
YBH,YAPI KREDİ PORTFÖY 5-15 YIL VADELİ SERBEST (DÖVİZ) FON,Serbest Şemsiye Fonu,-1.835,2.0273,9.44,12.0247,19.6824,,603029105.59,527.0,Yapı Kredi Portföy Yönetimi A.Ş.,2.0,,False,True,False,False,False,Eurobond / döviz,0.0,0.0,3.46,-5.7394,False,False,2026-10-08
IOH,İŞ PORTFÖY ONSEKİZİNCİ SERBEST (DÖVİZ) FON,Serbest Şemsiye Fonu,0.1405,4.0331,10.2778,13.7849,19.6784,,154110114.09,39.0,İş Portföy Yönetimi A.Ş.,0.0,,False,True,False,False,False,Eurobond / döviz,0.0,15.94,0.0,-1.7504,True,False,2026-10-08
ZLB,TEB PORTFÖY TEB ÖZEL BANKACILIK SERBEST (DÖVİZ) ÖZEL FON,Serbest Şemsiye Fonu,0.8237,4.8578,10.7821,15.0312,19.6629,,447021148.07,45.0,Teb Portföy Yönetimi A.Ş.,0.0,,False,True,False,True,False,Eurobond / döviz,0.0,71.68,0.0,-1.072,True,False,2026-10-08
HVU,ALLBATROSS PORTFÖY BİRİNCİ DEĞİŞKEN FON,Değişken Şemsiye Fonu,-6.8729,-4.0301,2.1339,12.8393,19.6606,101.9973,7309370.46,663.0,Allbatross Portföy Yönetimi A.Ş.,2.0,4.0,False,False,False,False,False,Hisse (aktif),0.0,16.54,51.58,-7.1305,True,False,2026-10-08
OMC,QNB PORTFÖY ORKİDE SERBEST (DÖVİZ) ÖZEL FON,Serbest Şemsiye Fonu,-0.5247,3.4037,9.853,13.1556,19.6108,125.864,407864638.31,2.0,QNB Portföy Yönetimi A.Ş.,0.0,,False,True,False,True,False,Eurobond / döviz,0.0,23.51,0.45,-2.7702,True,False,2026-10-08
FUB,QNB PORTFÖY EUROBOND (DÖVİZ) BORÇLANMA ARAÇLARI FONU,Borçlanma Araçları Şemsiye Fonu,-1.4062,2.8313,8.0399,12.0923,19.6057,128.5223,905046548.63,2027.0,QNB Portföy Yönetimi A.Ş.,2.0,5.0,False,False,False,False,False,Eurobond / döviz,0.0,26.13,0.0,-4.2674,False,False,2026-10-06
GSG,AZİMUT PORTFÖY GÜREL SERBEST (DÖVİZ) ÖZEL FON,Serbest Şemsiye Fonu,-0.6508,3.3257,9.5752,13.7341,19.6008,118.1373,86896343.11,1.0,Azimut Portföy Yönetimi A.Ş.,0.0,,False,True,False,True,False,Eurobond / döviz,0.0,84.37,0.0,-0.9982,True,False,2026-10-08
IZE,İŞ PORTFÖY ÜÇÜNCÜ SERBEST (DÖVİZ) ÖZEL FON,Serbest Şemsiye Fonu,-0.4191,3.4525,9.5155,12.7118,19.59,120.6317,265225525.8,1.0,İş Portföy Yönetimi A.Ş.,0.0,,False,True,False,True,False,Eurobond / döviz,0.0,21.14,0.0,-3.1184,True,False,2026-10-08
GEC,GARANTİ PORTFÖY SOYKAN SERBEST (DÖVİZ) ÖZEL FON,Serbest Şemsiye Fonu,-0.9848,3.0118,9.2617,12.987,19.587,125.0923,180237481.87,2.0,Garanti Portföy Yönetimi A.Ş.,0.0,6.0,False,True,False,True,False,Eurobond / döviz,0.0,74.08,0.0,-2.2883,True,False,2026-10-08
CJG,AK PORTFÖY SDSD SERBEST (DÖVİZ) ÖZEL FON,Serbest Şemsiye Fonu,-1.0076,3.2965,9.0148,12.6294,19.5529,129.8238,1997501672.86,1.0,Ak Portföy Yönetimi A.Ş.,0.0,6.0,False,True,False,True,False,Eurobond / döviz,0.0,18.67,0.0,-2.8276,False,False,2026-10-08
DUD,DENİZ PORTFÖY UZUN VADELİ SERBEST (DÖVİZ) FON,Serbest Şemsiye Fonu,-2.9685,0.0417,7.8403,11.0425,19.499,,313761021.64,227.0,Deniz Portföy Yönetimi A.Ş.,2.0,6.0,False,True,False,False,False,Eurobond / döviz,0.0,0.0,0.0,-7.0812,True,False,2026-10-08
YZK,YAPI KREDİ PORTFÖY KALAMIŞ SERBEST FON,Serbest Şemsiye Fonu,-0.4166,2.9685,8.3543,11.7282,19.4945,124.2318,193423656.94,177.0,Yapı Kredi Portföy Yönetimi A.Ş.,2.0,5.0,False,True,False,False,False,,34.12,0.0,0.0,-3.208,True,False,2026-10-08
ITA,İŞ PORTFÖY ARSLAN SERBEST (DÖVİZ) ÖZEL FON,Serbest Şemsiye Fonu,-1.0757,2.7882,9.3211,12.1127,19.4635,142.0159,817391770.87,1.0,İş Portföy Yönetimi A.Ş.,0.0,,False,True,False,True,False,Eurobond / döviz,0.0,14.02,0.0,-3.9987,False,False,2026-10-08
TAR,AK PORTFÖY TARIM VE GIDA TEKNOLOJİLERİ DEĞİŞKEN FON,Değişken Şemsiye Fonu,-8.2147,-4.1584,7.9105,15.0263,19.3912,57.9607,124567426.47,6357.0,Ak Portföy Yönetimi A.Ş.,3.0,5.0,False,False,False,False,False,Hisse (aktif),0.0,0.0,98.93,-9.8255,True,False,2026-10-08
ANZ,ATA PORTFÖY DÖRDÜNCÜ SERBEST (DÖVİZ) FON,Serbest Şemsiye Fonu,-1.1828,2.1669,8.9635,12.755,19.3729,108.99,227657563.67,124.0,Ata Portföy Yönetimi A.Ş.,2.0,6.0,False,True,False,False,False,Eurobond / döviz,84.63,0.0,0.0,-2.5111,True,False,2026-10-08
NJF,NUROL PORTFÖY ALTIN KATILIM FONU,Katılım Şemsiye Fonu,-4.2322,5.6607,-2.275,10.2659,19.297,316.3522,775924396.59,1405.0,Nurol Portföy Yönetimi A.Ş.,2.0,6.0,False,False,False,False,False,Altın / kıymetli maden,0.0,0.0,0.0,-17.5282,False,False,2026-10-07
NVZ,NEO PORTFÖY ORSA SERBEST (DÖVİZ) FON,Serbest Şemsiye Fonu,-1.6558,4.0574,7.952,13.7374,19.2236,,297225713.21,200.0,Neo Portföy Yönetimi A.Ş.,2.0,5.0,False,True,False,False,False,Eurobond / döviz,0.0,0.0,0.0,-2.1695,True,False,2026-10-08
TZD,ZİRAAT PORTFÖY HİSSE SENEDİ FONU (HİSSE SENEDİ YOĞUN FON),Hisse Senedi Şemsiye Fonu,-11.336,-2.2261,-0.6085,12.5685,19.2047,48.9451,616837959.38,7684.0,Ziraat Portföy Yönetimi A.Ş.,2.0,6.0,False,False,False,False,False,Hisse (aktif),0.0,0.0,80.33,-12.9369,False,False,2026-10-09
YUB,YAPI KREDİ PORTFÖY KARAKÖY HİSSE SENEDİ SERBEST FON (HİSSE SENEDİ YOĞUN FON),Serbest Şemsiye Fonu,-7.675,-0.6943,-2.8967,17.4056,19.1908,73.2555,340319417.91,542.0,Yapı Kredi Portföy Yönetimi A.Ş.,2.0,7.0,False,True,False,False,False,Hisse (aktif),0.0,0.0,97.94,-13.554,True,False,2026-10-08
GMP,GARANTİ PORTFÖY GM SERBEST (DÖVİZ) ÖZEL FON,Serbest Şemsiye Fonu,-2.822,1.6807,7.4237,12.0514,19.1715,135.2889,1550474079.26,1.0,Garanti Portföy Yönetimi A.Ş.,0.0,6.0,False,True,False,True,False,Eurobond / döviz,0.0,2.35,0.0,-4.1486,False,False,2026-10-08
EID,ASTRA PORTFÖY HİSSE SENEDİ FONU (HİSSE YOĞUN FON),Hisse Senedi Şemsiye Fonu,-11.5228,-6.4596,-1.6733,10.7693,19.1495,94.9986,73152210.26,1550.0,Astra Portföy Yönetimi A.Ş.,2.0,6.0,False,False,False,False,False,Hisse (aktif),0.0,0.0,89.94,-15.6276,True,False,2026-10-08
KDZ,KUVEYT TÜRK PORTFÖY SEKİZINCİ KATILIM SERBEST (DÖVİZ) FON,Serbest Şemsiye Fonu,1.6437,5.2944,11.0414,15.4969,19.1207,,3781255850.54,776.0,Kuveyt Türk Portföy Yönetimi A.Ş.,0.0,,False,True,False,False,False,Eurobond / döviz,3.54,0.0,0.0,-0.1609,False,False,2026-10-08
YCG,YAPI KREDİ PORTFÖY KARŞIYAKA SERBEST (DÖVİZ) ÖZEL FON,Serbest Şemsiye Fonu,-1.2336,2.7861,9.0346,12.7493,19.1131,109.5027,202103237.37,4.0,Yapı Kredi Portföy Yönetimi A.Ş.,0.0,,False,True,False,True,False,Eurobond / döviz,0.0,80.08,0.0,-1.8904,True,False,2026-10-08
NVK,INVEO PORTFÖY KATILIM SERBEST (DÖVİZ) FON,Serbest Şemsiye Fonu,1.8308,5.9664,11.9681,15.6756,19.1108,,123713852.24,9.0,Inveo Portföy Yönetimi A.Ş.,3.0,6.0,False,True,False,False,False,Eurobond / döviz,16.58,0.0,0.0,-0.3532,True,False,2026-10-08
FPE,FİBA PORTFÖY EUROBOND BORÇLANMA ARAÇLARI (DÖVİZ) FONU,Borçlanma Araçları Şemsiye Fonu,-1.2381,2.5957,9.2609,12.5875,19.1104,126.9367,328325393.14,1327.0,Fiba Portföy Yönetimi A.Ş.,3.0,5.0,False,False,False,False,False,Eurobond / döviz,0.0,56.66,0.0,-3.0887,True,False,2026-10-06
KNP,AK PORTFÖY KOR SERBEST (DÖVİZ) ÖZEL FON,Serbest Şemsiye Fonu,-1.2463,2.7162,9.111,11.0993,19.0958,140.7276,176167209.12,2.0,Ak Portföy Yönetimi A.Ş.,0.0,6.0,False,True,False,True,False,Eurobond / döviz,0.0,0.0,0.0,-4.5566,True,False,2026-10-08
DVN,DENİZ PORTFÖY G2B SERBEST (DÖVİZ) ÖZEL FON,Serbest Şemsiye Fonu,-2.1689,1.395,8.9856,13.8826,19.0618,110.7046,308387107.72,1.0,Deniz Portföy Yönetimi A.Ş.,0.0,6.0,False,True,False,True,False,Eurobond / döviz,0.0,62.6,4.38,-3.4847,True,False,2026-10-08
PTN,PHİLLİP PORTFÖY ALTIN FONU,Kıymetli Madenler Şemsiye Fonu,-3.8822,5.8125,-4.6904,8.4875,19.0529,,853193271.32,663.0,Phillip Portföy Yönetimi A.Ş.,1.0,6.0,False,False,False,False,False,Altın / kıymetli maden,0.0,0.0,0.0,-20.341,False,False,2026-10-07
MTK,MT PORTFÖY KATILIM HİSSE SENEDİ (TL) FONU (HİSSE SENEDİ YOĞUN FON),Hisse Senedi Şemsiye Fonu,-23.5066,-15.3408,-4.5713,15.6021,19.0284,,25216341.96,552.0,Mt Portföy Yönetimi A.Ş.,2.0,6.0,False,False,False,False,False,Hisse (aktif),0.0,0.0,98.25,-27.6599,True,False,2026-10-08
KBZ,KUVEYT TÜRK PORTFÖY SBZ KATILIM SERBEST (DÖVİZ) ÖZEL FON,Serbest Şemsiye Fonu,-0.0226,3.8965,10.567,13.4296,19.0154,,162047006.88,1.0,Kuveyt Türk Portföy Yönetimi A.Ş.,0.0,,False,True,False,True,False,Eurobond / döviz,45.59,20.17,0.0,-2.5212,True,False,2026-10-08
FFF,QNB PORTFÖY BERİL SERBEST (DÖVİZ) ÖZEL FON,Serbest Şemsiye Fonu,0.101,0.4234,7.9406,11.0566,19.0099,114.7001,1082636294.57,1.0,QNB Portföy Yönetimi A.Ş.,0.0,,False,True,False,True,False,Eurobond / döviz,0.0,71.6,0.0,-3.1977,False,False,2026-10-08
THS,AZİMUT PORTFÖY AEB SERBEST (DÖVİZ) ÖZEL FON,Serbest Şemsiye Fonu,-1.926,2.8264,9.3506,13.3053,18.9824,127.2768,414984341.22,1.0,Azimut Portföy Yönetimi A.Ş.,0.0,,False,True,False,True,False,Eurobond / döviz,0.0,78.29,0.96,-2.5867,True,False,2026-10-08
APJ,AK PORTFÖY BIST ŞİRKETLERİ FON SEPETİ FONU,Fon Sepeti Şemsiye Fonu,-6.564,-1.6492,-2.7169,11.4397,18.937,73.4564,74493936.05,2767.0,Ak Portföy Yönetimi A.Ş.,3.0,6.0,False,False,False,False,False,,0.0,0.0,0.0,-12.7398,True,False,2026-10-08
AKE,AK PORTFÖY EUROBOND (AMERİKAN DOLARI) BORÇLANMA ARAÇLARI FONU,Borçlanma Araçları Şemsiye Fonu,-0.7843,2.8793,9.0763,12.23,18.9021,120.4191,1008057153.95,13043.0,Ak Portföy Yönetimi A.Ş.,2.0,5.0,False,False,False,False,False,Eurobond / döviz,0.41,24.37,0.0,-3.25,False,False,2026-10-06
HMT,AZİMUT PORTFÖY 12.0 SERBEST FON,Serbest Şemsiye Fonu,-0.6765,2.829,9.016,13.741,18.8953,134.0332,615007002.28,22.0,Azimut Portföy Yönetimi A.Ş.,0.0,5.0,False,True,False,False,False,,4.17,31.32,6.59,-2.5592,False,False,2026-10-08
FJZ,FİBA PORTFÖY FIRTINA SERBEST (DÖVİZ) FON,Serbest Şemsiye Fonu,-2.9621,0.6398,7.6184,12.3124,18.8533,125.0696,1213167582.36,657.0,Fiba Portföy Yönetimi A.Ş.,3.0,6.0,False,True,False,False,False,Eurobond / döviz,0.0,91.24,0.0,-3.9465,False,False,2026-10-08
ILU,İSTANBUL PORTFÖY ONALTINCI SERBEST FON,Serbest Şemsiye Fonu,-12.384,-19.4432,4.0323,-9.7065,18.822,,1988240575.07,2.0,İstanbul Portföy Yönetimi A.Ş.,0.0,6.0,False,True,False,False,False,Hisse (aktif),0.0,30.58,53.03,-39.8056,False,False,2026-10-09
LET,QNB PORTFÖY LETO SERBEST (DÖVİZ) ÖZEL FON,Serbest Şemsiye Fonu,-0.1306,1.8772,8.8683,12.0167,18.7945,,704352559.27,2.0,QNB Portföy Yönetimi A.Ş.,0.0,,False,True,False,True,False,Eurobond / döviz,0.0,92.91,0.0,-2.2123,False,False,2026-10-08
ONY,TEB PORTFÖY ONYEDİNCİ SERBEST (DÖVİZ-POUND) FON,Serbest Şemsiye Fonu,-0.7921,4.407,9.7487,14.4392,18.7709,,2355779965.12,718.0,Teb Portföy Yönetimi A.Ş.,0.0,,False,True,False,False,False,Eurobond / döviz,0.0,0.0,0.0,-2.4007,False,False,2026-10-08
HPD,HSBC PORTFÖY İKİNCİ DEĞİŞKEN FON,Değişken Şemsiye Fonu,0.0708,5.5643,6.2516,16.5221,18.7697,109.7355,281721460.69,1415.0,HSBC Portföy Yönetimi A.Ş.,2.0,5.0,False,False,False,False,False,Hisse (aktif),0.0,0.54,59.34,-8.8115,True,False,2026-10-08
IUA,İSTANBUL PORTFÖY KARYA SERBEST (DÖVİZ) FON,Serbest Şemsiye Fonu,-1.3767,1.9452,8.2487,11.5212,18.7458,117.645,381906233.82,45.0,İstanbul Portföy Yönetimi A.Ş.,0.0,6.0,False,True,False,False,False,Eurobond / döviz,0.0,94.05,0.0,-3.0065,True,False,2026-10-08
TPL,TEB PORTFÖY EUROBOND (DÖVİZ) BORÇLANMA ARAÇLARI FONU,Borçlanma Araçları Şemsiye Fonu,-0.3426,3.2511,9.4843,12.767,18.6782,110.8378,493457895.07,1453.0,Teb Portföy Yönetimi A.Ş.,3.0,6.0,False,False,False,False,False,Eurobond / döviz,1.03,39.15,0.0,-2.6575,True,False,2026-10-06
YUK,YAPI KREDİ PORTFÖY ÜSKÜDAR KAR PAYI ÖDEYEN SERBEST (DÖVİZ) FON,Serbest Şemsiye Fonu,1.4736,4.8945,10.7715,13.791,18.6631,,1373371575.05,145.0,Yapı Kredi Portföy Yönetimi A.Ş.,0.0,,False,True,False,False,False,Eurobond / döviz,0.0,97.89,0.0,-1.0625,False,False,2026-10-08
FTY,QNB PORTFÖY KAR PAYI ÖDEYEN SERBEST (DÖVİZ) FON,Serbest Şemsiye Fonu,1.5666,5.0478,,,18.6067,78.2668,8081588623.84,1230.0,QNB Portföy Yönetimi A.Ş.,0.0,,False,True,False,False,False,Eurobond / döviz,0.0,100.0,0.0,-0.2701,False,False,2026-10-08
MPN,AKTİF PORTFÖY İKİNCİ AKTİF SERBEST (DÖVİZ) FON,Serbest Şemsiye Fonu,-1.2356,2.2101,8.9467,12.1946,18.5614,125.7809,325521464.36,227.0,Aktif Portföy Yönetimi A.Ş.,2.0,6.0,False,True,False,False,False,Eurobond / döviz,0.0,75.27,0.0,-2.6103,True,False,2026-10-08
SBR,STRATEJİ PORTFÖY BİRİNCİ SERBEST FON,Serbest Şemsiye Fonu,-4.3882,-3.6979,-4.793,11.0419,18.5012,,14312550.15,25.0,Strateji Portföy Yönetimi A.Ş.,0.0,,False,True,False,False,False,Hisse (aktif),0.0,0.0,83.09,-13.7252,True,False,2026-10-08
ZCC,ZİRAAT PORTFÖY DURUSU SERBEST (DÖVİZ) ÖZEL FON,Serbest Şemsiye Fonu,-1.79,0.9362,8.264,10.6815,18.4769,141.5833,418187302.82,2.0,Ziraat Portföy Yönetimi A.Ş.,,6.0,False,True,False,True,False,Eurobond / döviz,0.0,25.59,0.0,-5.2453,True,False,2026-10-08
HDV,HSBC PORTFÖY YEDİNCİ SERBEST (DÖVİZ-POUND) FON,Serbest Şemsiye Fonu,-0.7997,4.361,9.6222,14.2098,18.4709,,5070879673.4,2204.0,HSBC Portföy Yönetimi A.Ş.,0.0,,False,True,False,False,False,Eurobond / döviz,0.0,0.0,0.0,-2.3938,False,False,2026-10-08
GMM,GARANTİ PORTFÖY KAR PAYI ÖDEYEN MART 2027 SERBEST (DÖVİZ) FON,Serbest Şemsiye Fonu,0.8394,5.157,10.7294,15.077,18.4354,,456101466.04,26.0,Garanti Portföy Yönetimi A.Ş.,0.0,3.0,False,True,False,False,False,Eurobond / döviz,0.0,95.04,0.0,-1.0833,True,False,2026-10-08
KNZ,AK PORTFÖY MNM SERBEST (DÖVİZ) ÖZEL FON,Serbest Şemsiye Fonu,-0.2114,1.4796,8.2728,11.7443,18.4323,120.3091,1033589608.31,1.0,Ak Portföy Yönetimi A.Ş.,0.0,6.0,False,True,False,True,False,Eurobond / döviz,0.0,91.24,0.0,-2.1889,False,False,2026-10-08
FYD,QNB PORTFÖY BİRİNCİ HİSSE SENEDİ FONU (HİSSE SENEDİ YOĞUN FON),Hisse Senedi Şemsiye Fonu,-8.0085,1.0024,-3.8109,8.8643,18.4064,80.6512,2839957715.3,4868.0,QNB Portföy Yönetimi A.Ş.,2.0,6.0,False,False,False,False,False,Hisse (aktif),0.0,0.0,96.27,-14.0436,False,False,2026-10-08
DA1,A1 CAPİTAL PORTFÖY SERBEST (DÖVİZ) FON,Serbest Şemsiye Fonu,0.028,2.5382,8.2726,11.9698,18.3758,,,,,,,True,True,False,False,False,Eurobond / döviz,,,,,False,False,
MSR,MEKSA PORTFÖY ALGORİTMİK STRATEJİLER SERBEST FON,Serbest Şemsiye Fonu,0.3714,2.0946,5.1922,14.4385,18.3445,,24090116.9,14.0,Meksa Portföy Yönetimi A.Ş.,0.0,4.0,False,True,False,False,False,,0.0,4.38,33.06,-10.8962,True,False,2026-10-08
GKM,GARANTİ PORTFÖY KAR PAYI ÖDEYEN EKİM 2026 SERBEST (DÖVİZ) FON,Serbest Şemsiye Fonu,1.8291,5.0617,10.6484,14.9469,18.335,,135089204.38,14.0,Garanti Portföy Yönetimi A.Ş.,0.0,3.0,False,True,False,False,False,Eurobond / döviz,0.0,0.0,0.0,-0.9856,True,False,2026-10-08
MKL,İŞ PORTFÖY MKS SERBEST (DÖVİZ) ÖZEL FON,Serbest Şemsiye Fonu,-0.5284,0.4363,6.9435,10.5802,18.3072,126.245,790481591.48,1.0,İş Portföy Yönetimi A.Ş.,0.0,,False,True,False,True,False,Eurobond / döviz,0.0,68.93,0.0,-3.0142,False,False,2026-10-08
NLE,NUROL PORTFÖY EMLAK SEKTÖRÜ HİSSE SENEDİ FONU (HİSSE SENEDİ YOĞUN FON),Hisse Senedi Şemsiye Fonu,-5.5241,-3.2153,9.4228,21.8219,18.2695,,242479546.57,6698.0,Nurol Portföy Yönetimi A.Ş.,2.0,6.0,False,False,False,False,False,Hisse (aktif),0.0,0.0,90.02,-12.5108,True,False,2026-10-08
DTP,AZİMUT PORTFÖY ADATEPE SERBEST ÖZEL FON,Serbest Şemsiye Fonu,-1.5746,4.6689,0.1541,8.8368,18.2588,,1710429578.46,4.0,Azimut Portföy Yönetimi A.Ş.,0.0,2.0,False,True,False,True,False,Hisse (aktif),0.0,7.92,56.76,-8.2461,False,False,2026-10-08
KRO,DENİZ PORTFÖY KAR PAYI ÖDEYEN ONUNCU SERBEST (DÖVİZ) FON,Serbest Şemsiye Fonu,1.5264,4.5824,10.7972,14.7094,18.2554,,309737553.03,58.0,Deniz Portföy Yönetimi A.Ş.,0.0,,False,True,False,False,False,Eurobond / döviz,0.0,97.51,0.0,-0.7032,True,False,2026-10-08
GCZ,GARANTİ PORTFÖY ZM SERBEST (DÖVİZ) ÖZEL FON,Serbest Şemsiye Fonu,1.4944,4.8159,9.7605,13.6523,18.2442,103.1619,12174474.23,1.0,Garanti Portföy Yönetimi A.Ş.,0.0,6.0,False,True,False,True,False,Eurobond / döviz,0.0,0.0,0.0,-0.3482,True,False,2026-10-08
DTO,DENİZ PORTFÖY KAR PAYI ÖDEYEN ONDÖRDÜNCÜ SERBEST (DÖVİZ) FON,Serbest Şemsiye Fonu,1.4957,4.8536,10.1309,13.4373,18.2175,,121485715.38,130.0,Deniz Portföy Yönetimi A.Ş.,0.0,6.0,False,True,False,False,False,Eurobond / döviz,0.0,94.72,0.0,-0.8065,True,False,2026-10-08
PBK,ASTRA PORTFÖY BİRİNCİ KATILIM SERBEST (DÖVİZ) FON,Serbest Şemsiye Fonu,-0.3539,3.1664,8.8069,12.4206,18.1995,102.7696,96146060.6,88.0,Astra Portföy Yönetimi A.Ş.,3.0,6.0,False,True,False,False,False,Eurobond / döviz,31.14,56.37,0.0,-1.2946,True,False,2026-10-08
HIH,GARANTİ  PORTFÖY HOLDİNGLER VE İŞTİRAKLERİ HİSSE SENEDİ (TL) FONU (HİSSE SENEDİ YOĞUN FON),Hisse Senedi Şemsiye Fonu,-8.5559,-2.8814,-3.0923,8.7978,18.1826,,179370546.28,3450.0,Garanti Portföy Yönetimi A.Ş.,2.0,6.0,False,False,False,False,False,Hisse (aktif),0.0,0.0,92.79,-16.2078,True,False,2026-10-09
OVR,QNB PORTFÖY FAGİ SERBEST (DÖVİZ) ÖZEL FON,Serbest Şemsiye Fonu,-0.3296,0.6498,8.1586,10.9151,18.1389,111.7894,491926937.59,1.0,QNB Portföy Yönetimi A.Ş.,0.0,,False,True,False,True,False,Eurobond / döviz,0.0,94.47,0.0,-3.0704,True,False,2026-10-08
FD1,ONE PORTFÖY BİRİNCİ DEĞİŞKEN FON,Değişken Şemsiye Fonu,-11.4708,-1.7739,5.5159,15.7895,18.1323,,5145040.37,105.0,One Portföy Yönetimi A.Ş.,2.0,4.0,False,False,False,False,False,Karma / değişken,0.0,0.0,4.95,-11.7456,True,False,2026-10-08
AJN,AK PORTFÖY DÖRDÜNCÜ SERBEST (DÖVIZ) FON,Serbest Şemsiye Fonu,1.5264,4.9567,10.3482,14.5278,18.1204,87.8536,399104553.73,251.0,Ak Portföy Yönetimi A.Ş.,0.0,6.0,False,True,False,False,False,Eurobond / döviz,0.0,0.0,0.0,-0.1624,True,False,2026-10-08
OND,QNB PORTFÖY KAR PAYI ÖDEYEN ONBİRİNCİ SERBEST (DÖVİZ) FON,Serbest Şemsiye Fonu,1.579,5.0989,10.644,,18.0576,,3508697171.08,621.0,QNB Portföy Yönetimi A.Ş.,0.0,,False,True,False,False,False,Eurobond / döviz,0.0,100.0,0.0,-0.1993,False,False,2026-10-08
IMG,GARANTİ PORTFÖY ING BANK KAR PAYI ÖDEYEN SERBEST (DÖVİZ) FON,Serbest Şemsiye Fonu,1.9408,5.3906,11.0684,14.6674,18.0357,,927706256.03,138.0,Garanti Portföy Yönetimi A.Ş.,0.0,,False,True,False,False,False,Eurobond / döviz,0.0,0.0,0.0,-0.4051,False,False,2026-10-08
ZMT,AZİMUT PORTFÖY 22.0 SERBEST (DÖVİZ-AVRO) FON,Serbest Şemsiye Fonu,-2.4376,3.2546,7.3577,12.3697,18.0281,115.913,1512972016.78,235.0,Azimut Portföy Yönetimi A.Ş.,3.0,5.0,False,True,False,False,False,Eurobond / döviz,0.0,28.32,0.0,-3.3076,False,False,2026-10-08
KIS,ASTRA PORTFÖY KİRA SERTİFİKASI KATILIM (DÖVİZ) FONU,Katılım Şemsiye Fonu,0.4294,3.7719,8.6845,12.6036,18.0177,108.074,74361498.82,690.0,Astra Portföy Yönetimi A.Ş.,3.0,6.0,False,False,False,False,False,Eurobond / döviz,59.37,20.1,0.0,-1.0144,True,False,2026-10-06
DP9,DENİZ PORTFÖY KAR PAYI ÖDEYEN YEDİNCİ SERBEST (DÖVİZ) FON,Serbest Şemsiye Fonu,0.8741,3.8787,11.108,14.955,17.9064,76.8651,6174887753.27,155.0,Deniz Portföy Yönetimi A.Ş.,0.0,5.0,False,True,False,False,False,Eurobond / döviz,0.0,56.63,0.0,-0.9813,False,False,2026-10-08
DKP,QNB PORTFÖY KAR PAYI ÖDEYEN DOKUZUNCU SERBEST (DÖVİZ) FON,Serbest Şemsiye Fonu,1.5839,5.113,10.6763,14.9967,17.8736,,4233101767.14,625.0,QNB Portföy Yönetimi A.Ş.,0.0,,False,True,False,False,False,Eurobond / döviz,0.0,84.99,0.0,-0.266,False,False,2026-10-08
YIV,YAPI KREDİ PORTFÖY ALLİANZ DEĞİŞKEN ÖZEL FON,Değişken Şemsiye Fonu,-0.64,3.5879,6.7176,11.8718,17.8566,126.5151,5730336587.13,2.0,Yapı Kredi Portföy Yönetimi A.Ş.,0.0,4.0,False,False,False,True,False,Karma / değişken,69.03,2.94,0.0,-2.2434,False,False,2026-10-08
SYS,YAPI KREDİ PORTFÖY ŞUBAT 2028 KAR PAYI ÖDEYEN SERBEST (DÖVİZ) FON,Serbest Şemsiye Fonu,1.0289,4.3906,10.0816,13.0005,17.8552,,1801078747.87,121.0,Yapı Kredi Portföy Yönetimi A.Ş.,0.0,,False,True,False,False,False,Eurobond / döviz,0.0,97.39,0.0,-1.0319,False,False,2026-10-08
KPS,QNB PORTFÖY KAR PAYI ÖDEYEN ONİKİNCİ SERBEST (DÖVİZ) FON,Serbest Şemsiye Fonu,1.5944,,,14.6995,17.8491,,23764197475.52,3258.0,QNB Portföy Yönetimi A.Ş.,0.0,,False,True,False,False,False,Eurobond / döviz,0.0,68.74,0.0,-0.2981,False,False,2026-10-08
FKV,QNB PORTFÖY KAR PAYI ÖDEYEN YEDİNCİ SERBEST (DÖVİZ) FON,Serbest Şemsiye Fonu,1.4604,4.905,10.3184,14.2893,17.8302,,2354772373.76,471.0,QNB Portföy Yönetimi A.Ş.,0.0,,False,True,False,False,False,Eurobond / döviz,0.0,62.82,0.0,-0.3848,False,False,2026-10-08
SUB,ÜNLÜ PORTFÖY İKİNCİ DEĞİŞKEN FON,Değişken Şemsiye Fonu,-7.081,-2.9343,-0.8859,10.0484,17.8165,87.5552,100083332.07,658.0,Ünlü Portföy Yönetimi A.Ş.,2.0,6.0,False,False,False,False,False,Hisse (aktif),0.0,0.0,60.7,-9.9928,True,False,2026-10-08
DAL,DENİZ PORTFÖY SU SERBEST (DÖVİZ) ÖZEL FON,Serbest Şemsiye Fonu,-3.0148,0.015,7.1686,9.6004,17.7471,133.6312,681897958.22,1.0,Deniz Portföy Yönetimi A.Ş.,0.0,,False,True,False,True,False,Eurobond / döviz,0.0,0.0,0.0,-7.298,False,False,2026-10-08
GNS,GARANTİ PORTFÖY ENERJİ ŞİRKETLERİ HİSSE SENEDİ (TL) FONU (HİSSE SENEDİ YOĞUN FON),Hisse Senedi Şemsiye Fonu,-7.6074,-10.5603,-4.3024,10.1062,17.7243,,79479046.36,1331.0,Garanti Portföy Yönetimi A.Ş.,2.0,6.0,False,False,False,False,False,Hisse (aktif),0.0,0.0,91.76,-20.5151,True,False,2026-10-08
OFO,QNB PORTFÖY JKDK SERBEST (DÖVİZ) ÖZEL FON,Serbest Şemsiye Fonu,-0.9515,4.4927,8.2336,12.7319,17.7161,115.2718,2162759722.59,1.0,QNB Portföy Yönetimi A.Ş.,0.0,,False,True,False,True,False,Eurobond / döviz,0.0,70.01,2.69,-1.5222,False,False,2026-10-08
DVI,DENİZ PORTFÖY OLBA SERBEST (DÖVİZ) ÖZEL FON,Serbest Şemsiye Fonu,-0.8585,3.6553,9.1992,11.5562,17.7105,136.6534,196415762.88,2.0,Deniz Portföy Yönetimi A.Ş.,0.0,,False,True,False,True,False,Eurobond / döviz,0.0,34.4,0.0,-3.5731,True,False,2026-10-08
YRZ,YAPI KREDİ PORTFÖY ŞUBAT 2027 KAR PAYI ÖDEYEN SERBEST (DÖVİZ) FON,Serbest Şemsiye Fonu,0.5982,3.979,10.2786,13.4462,17.6917,,812458870.28,156.0,Yapı Kredi Portföy Yönetimi A.Ş.,0.0,,False,True,False,False,False,Eurobond / döviz,0.0,96.93,0.0,-0.9427,False,False,2026-10-08
OJK,QNB PORTFÖY ALTIN FONU,Kıymetli Madenler Şemsiye Fonu,-4.2003,6.4286,-3.9394,7.8653,17.6485,304.3231,44636148984.03,26599.0,QNB Portföy Yönetimi A.Ş.,1.0,6.0,False,False,False,False,False,Altın / kıymetli maden,0.0,0.0,0.17,-23.1177,False,False,2026-10-07
KAN,KUVEYT TÜRK PORTFÖY ALTIN KATILIM SERBEST FON,Serbest Şemsiye Fonu,-4.3561,6.993,-4.2065,8.5127,17.6042,,3474806845.7,23.0,Kuveyt Türk Portföy Yönetimi A.Ş.,0.0,6.0,False,True,False,False,False,Altın / kıymetli maden,0.0,0.0,0.0,-23.4335,False,False,2026-10-07
DSD,DENİZ PORTFÖY İKİNCİ SERBEST (DÖVİZ_AVRO) FON,Serbest Şemsiye Fonu,-3.3986,2.3063,5.8683,10.5894,17.5691,126.9772,2531626341.58,1202.0,Deniz Portföy Yönetimi A.Ş.,2.0,6.0,False,True,False,False,False,Eurobond / döviz,0.0,99.25,0.0,-4.319,False,False,2026-10-08
URV,AK PORTFÖY GELİNCİK SERBEST ÖZEL FON,Serbest Şemsiye Fonu,-8.4538,-2.5758,-8.673,3.1362,17.5202,93.782,8840859389.65,2.0,Ak Portföy Yönetimi A.Ş.,0.0,7.0,False,True,False,True,False,Hisse (aktif),0.0,0.0,98.13,-28.6637,False,False,2026-10-08
NKC,NEO PORTFÖY İKİNCİ HİSSE SENEDİ FONU (HİSSE SENEDİ YOĞUN FON),Hisse Senedi Şemsiye Fonu,-7.3645,-7.9843,-6.1631,9.8297,17.5022,,291727632.48,887.0,Neo Portföy Yönetimi A.Ş.,2.0,6.0,False,False,False,False,False,Hisse (aktif),0.0,0.0,95.23,-16.556,True,False,2026-10-08
GVZ,GARANTİ PORTFÖY ACE SERBEST (DÖVİZ-AVRO) ÖZEL FON,Serbest Şemsiye Fonu,-2.6803,2.6547,6.8467,10.4101,17.4615,124.6293,399352389.42,2.0,Garanti Portföy Yönetimi A.Ş.,0.0,6.0,False,True,False,True,False,Eurobond / döviz,0.0,0.0,0.0,-4.0509,True,False,2026-10-08
URC,AK PORTFÖY ONUNCU SERBEST (DÖVİZ) FON,Serbest Şemsiye Fonu,1.4757,4.7935,10.0368,14.0996,17.4338,92.146,156968193.06,144.0,Ak Portföy Yönetimi A.Ş.,0.0,2.0,False,True,False,False,False,Eurobond / döviz,0.0,0.0,0.0,-0.163,True,False,2026-10-08
TJT,TEB PORTFÖY ALTINCI SERBEST (DÖVİZ-AVRO) FON,Serbest Şemsiye Fonu,-2.5417,2.6538,6.8979,10.6814,17.413,125.7662,1953225232.37,1671.0,Teb Portföy Yönetimi A.Ş.,3.0,6.0,False,True,False,False,False,Altın / kıymetli maden,2.47,16.08,0.0,-3.9658,False,False,2026-10-08
KRV,QNB PORTFÖY KAR PAYI ÖDEYEN ALTINCI SERBEST (DÖVİZ) FON,Serbest Şemsiye Fonu,1.5652,5.0626,10.5817,14.8965,17.3979,,5708579866.84,1019.0,QNB Portföy Yönetimi A.Ş.,0.0,,False,True,False,False,False,Altın / kıymetli maden,0.0,99.92,0.0,-0.2851,False,False,2026-10-08
IUF,İŞ PORTFÖY YEDİNCİ SERBEST (DÖVİZ-AVRO) FON,Serbest Şemsiye Fonu,-3.3862,2.3076,6.0814,10.6878,17.3055,127.1953,19870122454.36,7013.0,İş Portföy Yönetimi A.Ş.,3.0,5.0,False,True,False,False,False,Eurobond / döviz,0.0,9.4,0.0,-5.5319,False,False,2026-10-08
GYG,GARANTİ PORTFÖY TEKOS SERBEST (DÖVİZ-AVRO) ÖZEL FON,Serbest Şemsiye Fonu,-3.0998,2.1118,7.0954,10.5183,17.2934,130.8615,492933942.83,4.0,Garanti Portföy Yönetimi A.Ş.,0.0,5.0,False,True,False,True,False,Eurobond / döviz,0.0,0.0,0.0,-5.375,True,False,2026-10-08
DKA,DENİZ PORTFÖY KAR PAYI ÖDEYEN DOKUZUNCU SERBEST (DÖVİZ) FON,Serbest Şemsiye Fonu,0.8563,4.4094,12.6879,15.5651,17.2791,,2491024408.06,239.0,Deniz Portföy Yönetimi A.Ş.,0.0,,False,True,False,False,False,Eurobond / döviz,0.0,99.95,0.0,-1.5958,False,False,2026-10-08
DDE,DENİZ PORTFÖY BADE SERBEST (DÖVİZ) ÖZEL FON,Serbest Şemsiye Fonu,-0.9447,1.7762,9.6046,11.103,17.2643,119.6925,417511968.15,1.0,Deniz Portföy Yönetimi A.Ş.,0.0,,False,True,False,True,False,Eurobond / döviz,1.58,62.91,13.72,-3.9819,True,False,2026-10-09
KKO,YAPI KREDİ PORTFÖY KASIM 2026 KAR PAYI ÖDEYEN SERBEST (DÖVİZ) FON,Serbest Şemsiye Fonu,0.4823,3.7353,10.0672,13.3349,17.2555,,2290505150.82,257.0,Yapı Kredi Portföy Yönetimi A.Ş.,0.0,,False,True,False,False,False,Eurobond / döviz,0.0,98.3,0.0,-0.9525,False,False,2026-10-08
BFE,ALLBATROSS PORTFÖY BİRİNCİ FON SEPETİ FONU,Fon Sepeti Şemsiye Fonu,-6.4775,-2.0417,1.0805,9.2758,17.2552,,1306916.88,43.0,Allbatross Portföy Yönetimi A.Ş.,2.0,5.0,False,False,False,False,False,,0.0,0.0,0.0,-9.0909,True,False,2026-10-08
NUB,NUROL PORTFÖY BEŞİNCİ SERBEST (DÖVİZ) FON,Serbest Şemsiye Fonu,-1.9011,3.817,7.4767,11.9857,17.2313,,951895278.65,528.0,Nurol Portföy Yönetimi A.Ş.,2.0,6.0,False,True,False,False,False,Eurobond / döviz,0.0,0.0,0.0,-2.5491,False,False,2026-10-08
IAS,ASTRA PORTFÖY MUTLAK GETİRİ HEDEFLİ HİSSE SENEDİ SERBEST FON (HİSSE SENEDİ YOĞUN FON),Serbest Şemsiye Fonu,-7.9725,-7.7699,-7.2319,9.5612,17.1845,86.332,,,,,,True,True,False,False,False,Hisse (aktif),,,,,False,False,
HKR,HSBC PORTFÖY KIRMIZI HİSSE SENEDİ SERBEST (TL) FON (HİSSE SENEDİ YOĞUN FON),Serbest Şemsiye Fonu,-7.1174,-4.9568,2.7324,16.5929,17.1748,68.4025,1379129902.59,1376.0,HSBC Portföy Yönetimi A.Ş.,2.0,7.0,False,True,False,False,False,Hisse (aktif),0.0,0.0,90.95,-17.2116,False,False,2026-10-09
FFO,QNB PORTFÖY SER SERBEST (DÖVİZ) ÖZEL FON,Serbest Şemsiye Fonu,1.3846,-0.7531,6.0827,9.4751,17.1345,94.9917,109164627.13,7.0,QNB Portföy Yönetimi A.Ş.,0.0,,False,True,False,True,False,Eurobond / döviz,0.0,9.26,0.0,-4.8274,True,False,2026-10-08
LHP,AK PORTFÖY YEDİNCİ SERBEST (DÖVİZ) FON,Serbest Şemsiye Fonu,1.4665,4.8059,10.0778,14.0749,17.1214,89.8908,71149039.52,89.0,Ak Portföy Yönetimi A.Ş.,0.0,6.0,False,True,False,False,False,Eurobond / döviz,0.0,0.0,0.0,-0.1617,True,False,2026-10-08
GBJ,GARANTİ PORTFÖY BANKACILIK SEKTÖRÜ HİSSE SENEDİ SERBEST FON (HİSSE SENEDİ YOĞUN FON),Serbest Şemsiye Fonu,-7.836,-3.305,-6.7772,0.746,17.0522,,719574327.34,1701.0,Garanti Portföy Yönetimi A.Ş.,2.0,7.0,False,True,False,False,False,Hisse (aktif),0.0,0.0,87.91,-24.582,False,False,2026-10-09
YUD,YAPI KREDİ PORTFÖY BODRUM SERBEST [DÖVİZ] ÖZEL FON,Serbest Şemsiye Fonu,-4.5001,-0.2882,6.6771,11.3898,17.052,124.2531,238597002.8,2.0,Yapı Kredi Portföy Yönetimi A.Ş.,0.0,,False,True,False,True,False,Eurobond / döviz,0.0,64.46,1.88,-5.4273,True,False,2026-10-08
YTR,YAPI KREDİ PORTFÖY LARA SERBEST (DÖVİZ-AVRO) ÖZEL FON,Serbest Şemsiye Fonu,-3.1779,1.6582,5.5913,9.3262,16.9813,133.7548,609014778.95,2.0,Yapı Kredi Portföy Yönetimi A.Ş.,0.0,,False,True,False,True,False,Eurobond / döviz,0.0,6.55,0.79,-5.6027,False,False,2026-10-08
UP1,ÜNLÜ PORTFÖY ALTIN FONU,Kıymetli Madenler Şemsiye Fonu,-4.5175,5.134,-4.9355,4.4402,16.9614,296.506,1154982168.54,1193.0,Ünlü Portföy Yönetimi A.Ş.,1.0,6.0,False,False,False,False,False,Altın / kıymetli maden,0.0,0.0,4.79,-21.2933,False,False,2026-10-08
FYH,AZİMUT PYŞ SERBEST ( DÖVİZ ) FON,Serbest Şemsiye Fonu,-2.4612,4.4462,4.4045,8.7133,16.942,129.9274,605682579.72,21.0,,0.0,,False,True,False,False,False,Eurobond / döviz,0.0,44.15,13.94,-9.4518,False,False,2026-10-08
TYH,TEB PORTFÖY HİSSE SENEDİ FONU (HİSSE SENEDİ YOĞUN FON),Hisse Senedi Şemsiye Fonu,-7.8612,-3.1101,-5.3151,10.1586,16.941,75.1983,859822755.09,5811.0,Teb Portföy Yönetimi A.Ş.,2.0,6.0,False,False,False,False,False,Hisse (aktif),0.0,0.0,99.45,-14.8079,False,False,2026-10-09
CYD,AK PORTFÖY 2027 SERBEST (DÖVİZ-AVRO) FON,Serbest Şemsiye Fonu,-1.9536,3.7322,7.3194,11.7666,16.9039,,1429007187.73,403.0,Ak Portföy Yönetimi A.Ş.,0.0,6.0,False,True,False,False,False,Eurobond / döviz,0.0,97.5,0.0,-2.5471,False,False,2026-10-08
KUB,KARE PORTFÖY DEĞİŞKEN  (DÖVİZ) FONU,Değişken Şemsiye Fonu,0.888,7.0005,14.3591,14.57,16.8817,154.4639,533563015.07,3107.0,Kare Portföy Yönetimi A.Ş.,3.0,6.0,False,False,False,False,False,Eurobond / döviz,0.0,25.27,14.23,-8.193,False,False,2026-10-08
OJY,QNB PORTFÖY YALÇIN SERBEST (DÖVİZ) ÖZEL FON,Serbest Şemsiye Fonu,-4.3882,-6.7325,5.4341,9.9619,16.8502,129.6101,2422234814.76,6.0,QNB Portföy Yönetimi A.Ş.,0.0,,False,True,False,True,False,Eurobond / döviz,0.0,63.51,0.0,-6.9336,False,False,2026-10-08
HML,HEDEF PORTFÖY KATILIM SERBEST (DÖVİZ) FON,Serbest Şemsiye Fonu,1.4301,5.8731,8.0076,12.8146,16.8041,,,,,,,True,True,False,False,False,Eurobond / döviz,,,,,False,False,
YP1,YAPI KREDİ PORTFÖY PY GÜMÜŞSUYU SERBEST (DÖVIZ) ÖZEL FON,Serbest Şemsiye Fonu,-1.1341,0.5153,7.0066,10.3624,16.7951,114.1009,220390278.93,3.0,Yapı Kredi Portföy Yönetimi A.Ş.,,,False,True,False,True,False,Altın / kıymetli maden,0.0,98.77,0.0,-2.3662,True,False,2026-10-08
AUV,AK PORTFÖY UZUN VADELİ SERBEST (DÖVİZ) FON,Serbest Şemsiye Fonu,-2.2061,0.7803,7.2996,9.8324,16.7931,,364435871.53,471.0,Ak Portföy Yönetimi A.Ş.,2.0,6.0,False,True,False,False,False,Eurobond / döviz,0.0,21.36,0.0,-5.7175,True,False,2026-10-08
SAS,AK PORTFÖY SABANCI TOPLULUĞU ŞİRKETLERİ ENDEKSİ HİSSE SENEDİ (TL) FONU (HİSSE SENEDİ YOĞUN FON),Hisse Senedi Şemsiye Fonu,-7.8996,-2.98,-8.0208,6.9223,16.7252,,759614777.8,38593.0,Ak Portföy Yönetimi A.Ş.,2.0,5.0,False,False,False,False,False,BIST endeks hisse,0.0,0.0,90.61,-16.957,False,False,2026-10-08
PGS,AZİMUT PORTFÖY PAY GERİ ALIMI YAPAN ŞİRKETLER HİSSE SENEDİ FONU (HİSSE SENEDİ YOĞUN FON),Hisse Senedi Şemsiye Fonu,-8.0028,-3.2914,3.2521,15.5533,16.7096,,146237013.27,368.0,Azimut Portföy Yönetimi A.Ş.,2.0,6.0,False,False,False,False,False,Hisse (aktif),0.0,0.0,90.88,-20.4125,True,False,2026-10-09
CTF,İŞ PORTFÖY ASSG SERBEST (DÖVİZ) ÖZEL FON,Serbest Şemsiye Fonu,-2.732,-0.287,6.8218,9.3943,16.7017,112.7587,339339828.46,1.0,İş Portföy Yönetimi A.Ş.,0.0,,False,True,False,True,False,Eurobond / döviz,0.0,98.84,0.0,-3.3751,True,False,2026-10-08
RPL,RE-PIE PORTFÖY ALGORİTMİK STRATEJİLER SERBEST FON,Serbest Şemsiye Fonu,-14.8559,-10.1581,-0.844,7.9348,16.6699,,85232703.42,8.0,Re-pıe Portföy Yönetimi A.Ş.,2.0,2.0,False,True,False,False,False,,0.0,0.0,0.35,-15.9794,True,False,2026-10-08
EUN,GARANTİ PORTFÖY İKİNCİ SERBEST (DÖVİZ-AVRO) FON,Serbest Şemsiye Fonu,-3.0364,2.1012,6.3013,10.1029,16.6368,,5260935755.0,3183.0,Garanti Portföy Yönetimi A.Ş.,2.0,6.0,False,True,False,False,False,Eurobond / döviz,0.0,22.4,0.0,-3.7734,False,False,2026-10-08
NOA,NEO PORTFÖY ALFA SERBEST FON,Serbest Şemsiye Fonu,-3.8132,-1.2762,-3.2475,3.8669,16.6243,,807062679.52,11.0,Neo Portföy Yönetimi A.Ş.,0.0,6.0,False,True,False,False,False,Hisse (aktif),0.0,15.35,55.55,-13.2459,False,False,2026-10-09
MTF,MT PORTFÖY BİRİNCİ İSTATİSTİKSEL ARBİTRAJ HİSSE SENEDİ SERBEST (TL) FON (HİSSE SENEDİ YOĞUN FON),Serbest Şemsiye Fonu,-10.1799,-5.1927,2.701,11.0999,16.6229,,1184419.7,24.0,Mt Portföy Yönetimi A.Ş.,2.0,7.0,False,True,False,False,False,Hisse (aktif),0.0,0.0,83.66,-10.6898,True,False,2026-10-08
OUY,ASTRA PORTFÖY BİRİNCİ SERBEST (DÖVİZ) ÖZEL FON,Serbest Şemsiye Fonu,-2.2328,2.6823,6.9403,11.2696,16.6181,113.1159,1658889229.62,2.0,Astra Portföy Yönetimi A.Ş.,0.0,6.0,False,True,False,True,False,Eurobond / döviz,48.7,5.09,0.0,-2.6133,False,False,2026-10-08
YVG,YAPI KREDİ PORTFÖY SARIYER SERBEST (DÖVİZ-AVRO) FON,Serbest Şemsiye Fonu,-1.9511,3.6897,7.2407,11.5193,16.6172,110.3393,5666521138.18,1218.0,Yapı Kredi Portföy Yönetimi A.Ş.,2.0,,False,True,False,False,False,Eurobond / döviz,0.0,96.64,0.0,-2.6926,False,False,2026-10-08
DOV,DENİZ PORTFÖY ONÜÇÜNCÜ SERBEST (DÖVİZ-AVRO) FON,Serbest Şemsiye Fonu,-1.9435,3.7127,7.2181,11.621,16.61,105.4906,62557062411.77,16410.0,Deniz Portföy Yönetimi A.Ş.,1.0,6.0,False,True,False,False,False,Eurobond / döviz,4.13,49.81,0.0,-2.5743,False,False,2026-10-08
SVB,STRATEJİ PORTFÖY AGRESİF DEĞİŞKEN FON,Değişken Şemsiye Fonu,-8.3983,-4.3883,-3.2767,8.4036,16.5887,124.9356,167955708.09,1046.0,Strateji Portföy Yönetimi A.Ş.,2.0,5.0,False,False,False,False,False,Hisse (aktif),0.0,0.0,78.55,-11.0736,True,False,2026-10-08
MKG,AKTİF PORTFÖY ALTIN KATILIM FONU,Kıymetli Madenler Şemsiye Fonu,-4.4149,5.9043,-4.4799,6.4204,16.5818,304.1952,1316509297.69,7201.0,Aktif Portföy Yönetimi A.Ş.,1.0,6.0,False,False,False,False,False,Altın / kıymetli maden,0.0,0.0,2.44,-22.866,False,False,2026-10-08
DAV,DENİZ PORTFÖY 2026 SERBEST (DÖVİZ-AVRO) FON,Serbest Şemsiye Fonu,-1.9026,3.82,7.435,11.7537,16.5796,,1171003264.15,238.0,Deniz Portföy Yönetimi A.Ş.,0.0,3.0,False,True,False,False,False,Eurobond / döviz,0.0,99.78,0.0,-2.6015,False,False,2026-10-08
DKR,DENİZ PORTFÖY ONDÖRDÜNCÜ SERBEST FON,Serbest Şemsiye Fonu,-25.8109,-13.741,15.2729,28.6777,16.5463,,95373457.82,876.0,Deniz Portföy Yönetimi A.Ş.,2.0,7.0,False,True,False,False,False,Hisse (aktif),0.0,0.0,56.65,-30.4093,True,False,2026-10-09
CJD,AK PORTFÖY SEKİZİNCİ SERBEST (DÖVİZ) FON,Serbest Şemsiye Fonu,-1.6693,3.486,8.7513,13.224,16.4885,75.1825,18966609528.85,2832.0,Ak Portföy Yönetimi A.Ş.,0.0,6.0,False,True,False,False,False,Eurobond / döviz,27.37,16.53,0.0,-1.9475,False,False,2026-10-08
BDA,YAPI KREDİ PORTFÖY BİRİNCİ KATILIM SERBEST (DÖVİZ-AVRO) FON,Serbest Şemsiye Fonu,-1.9656,3.6848,7.3539,11.5986,16.478,,4128647868.48,757.0,Yapı Kredi Portföy Yönetimi A.Ş.,1.0,,False,True,False,False,False,Eurobond / döviz,0.0,99.96,0.0,-2.6155,False,False,2026-10-08
RPG,ROTA PORTFÖY ALTIN FONU,Kıymetli Madenler Şemsiye Fonu,-4.9606,6.5656,-4.5377,6.32,16.4705,273.3714,862480679.53,1277.0,Rota Portföy Yönetimi A.Ş.,1.0,6.0,False,False,False,False,False,Altın / kıymetli maden,0.0,0.0,8.95,-23.9227,False,False,2026-10-08
RPD,RE-PIE PORTFÖY BİRİNCİ DEĞİŞKEN FON,Değişken Şemsiye Fonu,-13.9793,-12.5987,-3.1013,5.3695,16.4276,168.1636,113636034.87,1280.0,Re-pıe Portföy Yönetimi A.Ş.,2.0,4.0,False,False,False,False,False,Karma / değişken,0.0,18.78,25.62,-16.8837,True,False,2026-10-09
YTY,YAPI KREDİ PORTFÖY TARABYA SERBEST (DÖVİZ-AVRO) FON,Serbest Şemsiye Fonu,-1.9426,3.6992,7.1533,11.4311,16.4257,,122399752958.51,20399.0,Yapı Kredi Portföy Yönetimi A.Ş.,1.0,,False,True,False,False,False,Eurobond / döviz,2.04,60.1,0.0,-2.5997,False,False,2026-10-08
DZE,DENİZ PORTFÖY BIST 100 ENDEKSİ HİSSE SENEDİ FONU(HİSSE SENEDİ YOĞUN FON),Hisse Senedi Şemsiye Fonu,-11.8126,-7.4544,-6.2508,11.0528,16.3789,56.0261,177031512.06,2728.0,Deniz Portföy Yönetimi A.Ş.,2.0,6.0,False,False,False,False,False,BIST endeks hisse,0.0,0.0,93.67,-16.0745,True,False,2026-10-05
THD,TRIVE PORTFÖY BİRİNCİ HİSSE SENEDİ (TL) FON (HİSSE SENEDİ YOĞUN FON),Hisse Senedi Şemsiye Fonu,-11.0861,-7.3359,-4.8438,11.13,16.3578,69.4565,2655156.67,169.0,Trive Portföy Yönetimi A.Ş.,2.0,6.0,False,False,False,False,False,Hisse (aktif),0.0,0.0,88.88,-16.5927,True,False,2026-10-09
IDO,İŞ PORTFÖY ONDOKUZUNCU SERBEST (DÖVİZ-AVRO) FON,Serbest Şemsiye Fonu,-1.9137,3.7428,7.1718,11.3958,16.3548,,81587325380.27,15517.0,İş Portföy Yönetimi A.Ş.,1.0,5.0,False,True,False,False,False,Eurobond / döviz,0.0,56.58,0.0,-2.6225,False,False,2026-10-08
DDP,DENİZ PORTFÖY SK SERBEST (DÖVİZ) ÖZEL FON,Serbest Şemsiye Fonu,-0.799,3.3384,9.0144,11.2452,16.3527,125.225,76836291.77,1.0,Deniz Portföy Yönetimi A.Ş.,0.0,,False,True,False,True,False,Eurobond / döviz,0.0,63.19,3.92,-4.0411,True,False,2026-10-08
ZUE,ZİRAAT PORTFÖY TS SERBEST ÖZEL FON,Serbest Şemsiye Fonu,1.6148,6.8715,17.9944,10.6523,16.2907,155.6925,3370817979.76,1.0,Ziraat Portföy Yönetimi A.Ş.,0.0,5.0,False,True,False,True,False,,0.0,0.0,0.0,-11.7344,False,False,2026-10-08
ZLH,ZİRAAT PORTFÖY BIST 100-30 ŞİRKETLERİ HİSSE SENEDİ FONU ( HİSSE SENEDİ YOĞUN FON),Hisse Senedi Şemsiye Fonu,-11.8605,-6.9585,-5.688,0.3631,16.2741,43.8012,394428195.98,3290.0,Ziraat Portföy Yönetimi A.Ş.,2.0,6.0,False,False,False,False,False,Hisse (aktif),0.0,0.0,93.97,-16.8736,True,False,2026-10-08
DBA,DENİZ PORTFÖY ALTIN FONU,Kıymetli Madenler Şemsiye Fonu,-4.2856,6.0502,-4.8119,7.1305,16.2646,277.8104,9175552490.0,24318.0,Deniz Portföy Yönetimi A.Ş.,1.0,6.0,False,False,False,False,False,Altın / kıymetli maden,0.0,0.0,0.77,-22.7384,False,False,2026-10-08
OIL,OSMANLI PORTFÖY ALTIN FON SEPETİ FONU,Fon Sepeti Şemsiye Fonu,-4.3516,6.3713,-3.8585,9.682,16.2553,58.8479,37273902.59,594.0,Osmanlı Portföy Yönetimi A.Ş.,2.0,6.0,False,False,False,False,False,Altın / kıymetli maden,0.0,0.0,0.0,-14.9268,True,False,2026-10-09
TNB,TEB PORTFÖY ING BANK KAR PAYI ÖDEYEN SERBEST (DÖVİZ) ÖZEL FON,Serbest Şemsiye Fonu,0.9056,4.4148,9.3225,11.6377,16.2545,,622945246.14,77.0,Teb Portföy Yönetimi A.Ş.,0.0,,False,True,False,True,False,Eurobond / döviz,0.0,0.0,0.0,-1.1975,False,False,2026-10-08
EUZ,GARANTİ PORTFÖY SERBEST (DÖVİZ-AVRO) FON,Serbest Şemsiye Fonu,-1.9516,3.6473,7.0503,11.2772,16.2475,106.9325,141505107733.98,37553.0,Garanti Portföy Yönetimi A.Ş.,1.0,6.0,False,True,False,False,False,Eurobond / döviz,0.0,84.75,0.0,-2.6236,False,False,2026-10-08
HB2,ZİRAAT PORTFÖY HALKBANK SERBEST (DÖVİZ-AVRO) FON,Serbest Şemsiye Fonu,-2.0155,3.5011,6.8494,11.071,16.2251,,10033461468.6,178.0,Ziraat Portföy Yönetimi A.Ş.,0.0,,False,True,False,False,False,Eurobond / döviz,0.0,0.0,0.0,-2.6477,False,False,2026-10-08
ONK,AK PORTFÖY ONİKİNCİ SERBEST (DÖVİZ-AVRO) FON,Serbest Şemsiye Fonu,-1.977,3.619,7.0297,11.2713,16.2065,104.8814,83627514855.05,19993.0,Ak Portföy Yönetimi A.Ş.,1.0,3.0,False,True,False,False,False,Eurobond / döviz,0.0,53.51,0.0,-2.6212,False,False,2026-10-08
GPV,YAPI KREDİ PORTFÖY URLA SERBEST (DÖVİZ-AVRO) ÖZEL FON,Serbest Şemsiye Fonu,-3.1438,1.9447,5.4595,9.1723,16.2059,118.5383,436415524.89,1.0,Yapı Kredi Portföy Yönetimi A.Ş.,0.0,,False,True,False,True,False,Eurobond / döviz,0.0,28.16,0.0,-4.4632,True,False,2026-10-08
TO8,TEB PORTFÖY ONSEKİZİNCİ SERBEST (DÖVİZ-AVRO) FON,Serbest Şemsiye Fonu,-1.9733,3.6277,7.1338,11.3175,16.1778,,684670875.89,103.0,Teb Portföy Yönetimi A.Ş.,0.0,,False,True,False,False,False,Eurobond / döviz,0.0,0.0,0.0,-2.6541,False,False,2026-10-08
IJE,İŞ PORTFÖY EFON SERBEST (DÖVİZ) ÖZEL FON,Serbest Şemsiye Fonu,-3.3558,-1.3702,6.0323,8.4629,16.1565,117.3803,32061498.34,4.0,İş Portföy Yönetimi A.Ş.,0.0,,False,True,False,True,False,Eurobond / döviz,0.0,81.19,0.0,-4.1302,True,False,2026-10-08
KSP,QNB PORTFÖY KAR PAYI ÖDEYEN SERBEST (DÖVİZ-POUND) FON,Serbest Şemsiye Fonu,-0.949,,8.3637,12.4966,16.1496,,1636051108.1,356.0,QNB Portföy Yönetimi A.Ş.,0.0,,False,True,False,False,False,Eurobond / döviz,0.0,68.48,0.0,-1.7218,False,False,2026-10-08
DYJ,DENİZ PORTFÖY KAR PAYI ÖDEYEN ÜÇÜNCÜ SERBEST (DÖVİZ) FON,Serbest Şemsiye Fonu,0.4429,2.9305,9.1543,13.1379,16.1415,72.8474,1141728826.67,152.0,Deniz Portföy Yönetimi A.Ş.,0.0,4.0,False,True,False,False,False,Eurobond / döviz,0.0,98.68,0.0,-1.4525,False,False,2026-10-08
CJH,AK PORTFÖY DOKUZUNCU SERBEST (DÖVİZ-AVRO) FON,Serbest Şemsiye Fonu,-2.0044,3.5572,6.9361,11.1555,16.0956,107.5205,2886981495.84,1655.0,Ak Portföy Yönetimi A.Ş.,0.0,6.0,False,True,False,False,False,Eurobond / döviz,0.0,96.86,0.0,-2.63,False,False,2026-10-08
ZK2,ZİRAAT PORTFÖY BAŞAK KATILIM SERBEST (DÖVİZ-AVRO) FON,Serbest Şemsiye Fonu,-2.0239,3.4713,6.7902,11.0315,16.0824,,1084453294.92,67.0,Ziraat Portföy Yönetimi A.Ş.,0.0,6.0,False,True,False,False,False,Eurobond / döviz,0.0,0.0,0.0,-2.6218,False,False,2026-10-08
DP1,DENİZ PORTFÖY DELTA SERBEST ÖZEL FON,Serbest Şemsiye Fonu,-5.328,-1.908,-0.1721,9.7649,16.0707,,4922538794.76,7.0,Deniz Portföy Yönetimi A.Ş.,0.0,7.0,False,True,False,True,False,Hisse (aktif),0.0,13.27,53.67,-10.2407,False,False,2026-10-09
SSD,İŞ PORTFÖY SET SERBEST (DÖVİZ) ÖZEL FON,Serbest Şemsiye Fonu,-0.6666,-0.2009,6.5058,8.5632,16.0567,,558959998.58,1.0,İş Portföy Yönetimi A.Ş.,0.0,,False,True,False,True,False,Eurobond / döviz,0.0,63.59,0.0,-3.9306,False,False,2026-10-08
KKC,KARE PORTFÖY KATILIM SERBEST (DÖVİZ-AVRO) FON,Serbest Şemsiye Fonu,-2.1275,3.2864,6.6238,10.8514,16.035,,35231731.18,32.0,Kare Portföy Yönetimi A.Ş.,3.0,4.0,False,True,False,False,False,Eurobond / döviz,0.0,0.0,0.0,-2.6298,True,False,2026-10-08
KMF,AZİMUT PORTFÖY ALTIN KATILIM FONU,Katılım Şemsiye Fonu,-4.4176,4.9496,-4.5122,8.0025,15.9753,,1614743460.14,1956.0,Azimut Portföy Yönetimi A.Ş.,2.0,6.0,False,False,False,False,False,Altın / kıymetli maden,0.0,0.0,9.24,-20.1106,False,False,2026-10-08
FKE,QNB PORTFÖY KRİSTAL SERBEST (DÖVİZ-AVRO) FON,Serbest Şemsiye Fonu,-1.9763,3.5692,6.9346,11.0793,15.9719,101.3494,49102173336.79,11956.0,QNB Portföy Yönetimi A.Ş.,1.0,6.0,False,True,False,False,False,Eurobond / döviz,0.0,65.56,0.0,-2.6452,False,False,2026-10-08
FSR,FİBA PORTFÖY İKİNCİ SERBEST (DÖVİZ-AVRO) FON,Serbest Şemsiye Fonu,-1.9575,3.6538,7.0418,11.2047,15.9635,,6119736941.64,2334.0,Fiba Portföy Yönetimi A.Ş.,2.0,6.0,False,True,False,False,False,Eurobond / döviz,0.0,44.48,0.0,-2.6391,False,False,2026-10-08
RZR,ROTA PORTFÖY RZR SERBEST ÖZEL FON,Serbest Şemsiye Fonu,-5.7292,6.4111,0.0613,16.3043,15.9131,87.2493,15690329.09,2.0,Rota Portföy Yönetimi A.Ş.,0.0,6.0,False,True,False,True,False,Hisse (aktif),0.0,0.0,98.94,-14.6832,True,False,2026-10-08
NME,NUROL PORTFÖY MERCAN KATILIM SERBEST (DÖVİZ) FON,Serbest Şemsiye Fonu,-2.0805,3.3724,6.5475,10.7995,15.891,,48312980.78,28.0,Nurol Portföy Yönetimi A.Ş.,2.0,6.0,False,True,False,False,False,Eurobond / döviz,0.0,0.0,0.0,-2.6017,True,False,2026-10-08
MJL,AKTİF PORTFÖY AKTİF SERBEST (DÖVİZ-AVRO) FON,Serbest Şemsiye Fonu,-1.9373,3.5385,6.897,10.9911,15.8157,101.7824,799899667.2,524.0,Aktif Portföy Yönetimi A.Ş.,2.0,6.0,False,True,False,False,False,Eurobond / döviz,0.0,99.88,0.0,-2.6796,False,False,2026-10-08
KMA,KUVEYT TÜRK PORTFÖY KMA KATILIM SERBEST (DÖVİZ) ÖZEL FON,Serbest Şemsiye Fonu,1.6113,5.1063,10.1124,13.2647,15.8073,513.4474,12989223.72,1.0,Kuveyt Türk Portföy Yönetimi A.Ş.,0.0,,False,True,False,True,False,Eurobond / döviz,0.0,76.77,0.0,-0.434,True,False,2026-10-08
HBF,HSBC PORTFÖY ALTIN FONU,Kıymetli Madenler Şemsiye Fonu,-4.3872,5.8754,-5.0535,5.7752,15.8062,293.0644,5896325986.11,10049.0,HSBC Portföy Yönetimi A.Ş.,1.0,6.0,False,False,False,False,False,Altın / kıymetli maden,0.0,0.0,0.0,-23.9003,False,False,2026-10-08
TTZ,DENİZ PORTFÖY EGE HİSSE SENEDİ SERBEST ÖZEL FON (HİSSE SENEDİ YOĞUN FON),Serbest Şemsiye Fonu,-7.4625,-3.3515,2.8008,13.621,15.8027,77.4352,175012106.2,7.0,Deniz Portföy Yönetimi A.Ş.,0.0,,False,True,False,True,False,Hisse (aktif),0.0,0.0,84.15,-12.0221,True,False,2026-10-08
MAS,MARMARA CAPİTAL PORTFÖY HİSSE SENEDİ SERBEST (TL) FON (HİSSE SENEDİ YOĞUN FON),Serbest Şemsiye Fonu,-10.1697,-16.133,1.3637,13.4474,15.7916,77.1452,686837072.44,205.0,Marmara Capital Portföy Yönetimi A.Ş.,2.0,7.0,False,True,False,False,False,Hisse (aktif),0.0,0.0,97.65,-25.6571,False,False,2026-10-08
KZL,KUVEYT TÜRK PORTFÖY ALTIN KATILIM FONU,Katılım Şemsiye Fonu,-4.4851,6.6023,-4.9525,7.1003,15.7752,310.5718,81641981250.62,62399.0,Kuveyt Türk Portföy Yönetimi A.Ş.,1.0,6.0,False,False,False,False,False,Altın / kıymetli maden,0.0,0.0,0.0,-24.0278,False,False,2026-10-08
KLL,KUVEYT TÜRK PORTFÖY TLL KATILIM SERBEST (DÖVİZ) ÖZEL FON,Serbest Şemsiye Fonu,1.4827,4.9829,10.1015,11.4761,15.7243,104.9009,11665367.58,1.0,Kuveyt Türk Portföy Yönetimi A.Ş.,0.0,,False,True,False,True,False,Eurobond / döviz,86.62,0.0,0.0,-5.9094,True,False,2026-10-08
ICZ,AK PORTFÖY TEKNOLOJİ ŞİRKETLERİ HİSSE SENEDİ (TL) FONU (HİSSE SENEDİ YOĞUN FON),Hisse Senedi Şemsiye Fonu,-20.582,-20.1243,-4.5852,16.7671,15.6748,102.6464,913617821.11,20683.0,Ak Portföy Yönetimi A.Ş.,2.0,6.0,False,False,False,False,False,Hisse (aktif),0.0,0.0,84.64,-31.3535,False,False,2026-10-07
TDG,İŞ PORTFÖY YABANCI BORÇLANMA ARAÇLARI FONU,Borçlanma Araçları Şemsiye Fonu,-1.1736,2.0984,7.4858,11.7638,15.6529,90.6887,650506308.39,2004.0,İş Portföy Yönetimi A.Ş.,3.0,5.0,False,False,False,False,False,Eurobond / döviz,76.2,16.61,0.0,-1.8036,False,False,2026-10-06
KEU,KUVEYT TÜRK PORTFÖY ONUNCU KATILIM SERBEST (DÖVİZ-AVRO) FON,Serbest Şemsiye Fonu,-1.9558,3.6645,7.113,11.2573,15.6173,,4600153831.62,63.0,Kuveyt Türk Portföy Yönetimi A.Ş.,0.0,6.0,False,True,False,False,False,Eurobond / döviz,0.0,0.0,0.0,-2.633,False,False,2026-10-08
FMS,QNB PORTFÖY SABİHA SERBEST (DÖVİZ) ÖZEL FON,Serbest Şemsiye Fonu,-0.3856,-1.3729,5.4056,8.3704,15.6142,101.004,604030069.08,1.0,QNB Portföy Yönetimi A.Ş.,0.0,,False,True,False,True,False,Eurobond / döviz,0.0,81.31,0.0,-3.8126,False,False,2026-10-09
YHI,YAPI KREDİ PORTFÖY İNŞAAT SEKTÖRÜ HİSSE SENEDİ SERBEST (TL) FON (HİSSE SENEDİ YOĞUN FON),Serbest Şemsiye Fonu,-10.4775,-6.7407,-1.4043,11.5333,15.5976,,47452968.91,211.0,Yapı Kredi Portföy Yönetimi A.Ş.,2.0,6.0,False,True,False,False,False,Hisse (aktif),0.0,0.0,81.4,-13.136,True,False,2026-10-09
IMB,İSTANBUL PORTFÖY ALGORİTMİK MODEL HİSSE SENEDİ FONU (HİSSE SENEDİ YOĞUN FON),Hisse Senedi Şemsiye Fonu,-3.7288,-4.1366,-3.4002,8.3661,15.4774,,3665377.29,150.0,İstanbul Portföy Yönetimi A.Ş.,2.0,5.0,False,False,False,False,False,Hisse (aktif),0.0,0.0,93.84,-18.1094,True,False,2026-10-09
GCA,GARANTİ PORTFÖY HM SERBEST (DÖVİZ) ÖZEL FON,Serbest Şemsiye Fonu,-2.3026,3.1173,6.5937,9.6257,15.4756,129.5607,812851790.62,2.0,Garanti Portföy Yönetimi A.Ş.,0.0,6.0,False,True,False,True,False,Eurobond / döviz,0.0,0.0,0.0,-3.5789,False,False,2026-10-08
KKB,KUVEYT TÜRK PORTFÖY EKAS KATILIM SERBEST (DÖVİZ) ÖZEL FON,Serbest Şemsiye Fonu,0.8454,2.1493,7.035,11.1908,15.4671,105.9777,2656913.31,1.0,Kuveyt Türk Portföy Yönetimi A.Ş.,0.0,,False,True,False,True,False,Eurobond / döviz,0.0,0.0,0.0,-0.7625,True,False,2026-10-08
ZP9,ZİRAAT PORTFÖY AKİK KATILIM SERBEST (DÖVİZ-AVRO) FON,Serbest Şemsiye Fonu,-1.9746,3.6027,6.8178,10.7711,15.4514,100.2327,2837898533.25,771.0,Ziraat Portföy Yönetimi A.Ş.,2.0,6.0,False,True,False,False,False,Eurobond / döviz,3.97,0.0,0.0,-2.687,False,False,2026-10-08
FYZ,AZİMUT PORTFÖY AS HİSSE SENEDİ SERBEST ÖZEL FON (HİSSE SENEDİ YOĞUN FON),Serbest Şemsiye Fonu,-4.4695,-1.8623,-2.7199,12.531,15.372,92.0347,248264703.74,2.0,Azimut Portföy Yönetimi A.Ş.,0.0,6.0,False,True,False,True,False,Hisse (aktif),0.0,0.0,81.72,-13.1361,True,False,2026-10-09
URM,AK PORTFÖY ÖPY ALTINCI SERBEST (DÖVİZ) ÖZEL FON,Serbest Şemsiye Fonu,1.8717,5.8119,9.9943,13.2522,15.3249,,29403608.2,4.0,Ak Portföy Yönetimi A.Ş.,0.0,,False,True,False,True,False,Altın / kıymetli maden,0.0,83.99,0.0,-0.4011,True,False,2026-10-08
RSY,TACİRLER PORTFÖY REGULUS SERBEST FON,Serbest Şemsiye Fonu,-6.2049,-0.8955,7.6272,24.5037,15.2884,,148666511.78,12.0,Tacirler Portföy Yönetimi A.Ş.,0.0,6.0,False,True,False,False,False,Hisse (aktif),0.0,0.0,76.44,-15.0565,True,False,2026-10-09
MAV,QNB PORTFÖY ADAMAVİ SERBEST (DÖVİZ) ÖZEL FON,Serbest Şemsiye Fonu,-2.0448,0.6424,7.0566,9.6442,15.2569,,899774860.69,1.0,QNB Portföy Yönetimi A.Ş.,0.0,,False,True,False,True,False,Eurobond / döviz,5.41,50.1,9.5,-3.8168,False,False,2026-10-08
BHE,AK PORTFÖY BİRİNCİ HİSSE SENEDİ SERBEST FON (HİSSE SENEDİ YOĞUN FON),Serbest Şemsiye Fonu,-11.133,-6.4974,-8.5697,10.7341,15.2548,,35460664.15,106.0,Ak Portföy Yönetimi A.Ş.,2.0,6.0,False,True,False,False,False,Hisse (aktif),0.0,0.0,91.54,-20.6119,True,False,2026-10-08
ZP7,ZİRAAT PORTFÖY TE4 SERBEST (DÖVİZ) ÖZEL FON,Serbest Şemsiye Fonu,-4.0513,1.1623,4.9229,8.954,15.25,121.0282,1244636433.71,1.0,Ziraat Portföy Yönetimi A.Ş.,0.0,6.0,False,True,False,True,False,Eurobond / döviz,0.0,0.0,0.0,-4.9025,False,False,2026-10-08
ZAV,ZİRAAT PORTFÖY BAŞAK SERBEST (DÖVİZ-AVRO) FON,Serbest Şemsiye Fonu,-2.0824,3.2841,6.4074,10.4079,15.2374,,59567702668.44,4787.0,Ziraat Portföy Yönetimi A.Ş.,0.0,6.0,False,True,False,False,False,Eurobond / döviz,0.0,0.0,0.0,-2.6919,False,False,2026-10-08
TOK,TEB PORTFÖY ONBİRİNCİ SERBEST (DÖVİZ - AVRO) FON,Serbest Şemsiye Fonu,-2.0559,3.3676,6.5184,10.4627,15.1968,99.6589,23384959631.3,6662.0,Teb Portföy Yönetimi A.Ş.,0.0,,False,True,False,False,False,Eurobond / döviz,0.0,4.68,0.0,-2.707,False,False,2026-10-08
FRZ,AZİMUT PORTFÖY FRZ SERBEST ÖZEL FON,Serbest Şemsiye Fonu,-2.8808,2.2671,-0.0944,11.2959,15.1596,82.1699,268505615.36,2.0,Azimut Portföy Yönetimi A.Ş.,0.0,6.0,False,True,False,True,False,Hisse (aktif),0.0,0.0,56.66,-8.4717,True,False,2026-10-09
GBP,GARANTİ PORTFÖY YİRMİALTINCI SERBEST (DÖVİZ-AVRO) ÖZEL FON,Serbest Şemsiye Fonu,-3.7567,1.4457,5.0049,8.5882,15.1343,123.0673,3724526511.46,2.0,Garanti Portföy Yönetimi A.Ş.,0.0,6.0,False,True,False,True,False,Altın / kıymetli maden,0.0,0.0,0.0,-5.1755,False,False,2026-10-08
AHN,ATLAS PORTFÖY SERBEST(DÖVİZ)FON,Serbest Şemsiye Fonu,-0.9645,4.7518,7.0385,8.9627,15.1321,101.6781,,,,,,True,True,False,False,False,Eurobond / döviz,,,,,False,False,
PIR,PİRAMİT PORTFÖY ALTIN FONU,Kıymetli Madenler Şemsiye Fonu,-5.4846,4.2077,-6.9454,5.2527,15.103,,55406765.26,618.0,Piramit Portföy Yönetimi A.Ş.,2.0,6.0,False,False,False,False,False,Altın / kıymetli maden,0.0,0.0,26.3,-20.2811,True,False,2026-10-08
TI2,İŞ PORTFÖY HİSSE SENEDİ (TL) FONU (HİSSE SENEDİ YOĞUN FON),Hisse Senedi Şemsiye Fonu,-7.6001,-4.2427,-7.5275,8.4884,15.0982,93.9401,2986113263.74,19143.0,İş Portföy Yönetimi A.Ş.,2.0,7.0,False,False,False,False,False,Hisse (aktif),0.0,0.0,87.37,-14.8106,False,False,2026-10-09
PAF,PARDUS PORTFÖY ALTIN FONU,Kıymetli Madenler Şemsiye Fonu,-4.8779,5.9251,-5.5851,1.4732,15.0661,,,,,,,True,False,False,False,False,Altın / kıymetli maden,,,,,False,False,
ZAD,KUVEYT TÜRK PORTFÖY SEPET HESAP KATILIM SERBEST (DÖVİZ) FON,Serbest Şemsiye Fonu,1.4029,4.5877,9.1395,12.4586,15.0227,,13801522.34,51.0,Kuveyt Türk Portföy Yönetimi A.Ş.,0.0,,False,True,True,False,False,Eurobond / döviz,0.0,0.0,0.0,-0.4629,True,False,2026-10-08
UCN,AK PORTFÖY FNM HİSSE SENEDİ SERBEST ÖZEL FON (HİSSE SENEDİ YOĞUN FON),Serbest Şemsiye Fonu,-6.6489,1.5015,-2.3152,11.0176,14.9999,69.6026,1076603497.6,2.0,Ak Portföy Yönetimi A.Ş.,0.0,6.0,False,True,False,True,False,Hisse (aktif),0.0,16.92,80.08,-11.9186,False,False,2026-10-09
HDE,HSBC PORTFÖY BEŞİNCİ SERBEST (DÖVİZ-AVRO) FON,Serbest Şemsiye Fonu,-2.0776,3.3698,6.5483,10.3108,14.9803,,9344765774.97,4403.0,HSBC Portföy Yönetimi A.Ş.,0.0,,False,True,False,False,False,Eurobond / döviz,3.05,15.34,0.0,-2.845,False,False,2026-10-08
KIB,TRIVE PORTFÖY ROBOTİK TEKNOLOJİLERİ DEĞİŞKEN FON,Değişken Şemsiye Fonu,-4.9354,3.5975,12.2929,16.0178,14.9537,153.786,9393791.42,961.0,Trive Portföy Yönetimi A.Ş.,3.0,6.0,False,False,False,False,False,Hisse (aktif),0.0,0.0,97.58,-11.4601,True,False,2026-10-08
OPI,OSMANLI PORTFÖY KAR PAYI ÖDEYEN HİSSE SENEDİ (TL) FONU (HİSSE SENEDİ YOĞUN FON),Hisse Senedi Şemsiye Fonu,-9.1242,-6.308,-6.7364,7.3337,14.9375,44.4828,189423067.53,1333.0,Osmanlı Portföy Yönetimi A.Ş.,2.0,6.0,False,False,False,False,False,Hisse (aktif),0.0,0.0,93.22,-18.2604,True,False,2026-10-09
GZO,GARANTİ PORTFÖY ÖZM SERBEST (DÖVİZ) ÖZEL FON,Serbest Şemsiye Fonu,-3.6595,1.343,4.9693,8.0582,14.9142,129.8646,82195345.88,1.0,Garanti Portföy Yönetimi A.Ş.,0.0,6.0,False,True,False,True,False,Eurobond / döviz,0.0,0.0,0.0,-4.9177,True,False,2026-10-08
BSF,İŞ PORTFÖY BİRİNCİ SERBEST ÖZEL FON,Serbest Şemsiye Fonu,-7.1539,-4.2487,-9.5738,7.6198,14.894,,6792953383.08,1.0,İş Portföy Yönetimi A.Ş.,0.0,,False,True,False,True,False,Hisse (aktif),0.0,0.0,96.55,-21.4765,False,False,2026-10-08
RKL,AZİMUT PORTFÖY ALARKO YATIRIM BİRİNCİ SERBEST (TL) ÖZEL FON,Serbest Şemsiye Fonu,-4.0259,-1.4787,-5.6704,4.5887,14.8911,92.918,2181488586.89,1.0,Azimut Portföy Yönetimi A.Ş.,0.0,6.0,False,True,False,True,False,Hisse (aktif),0.0,0.0,98.27,-20.3997,False,False,2026-10-08
DSV,DENİZ PORTFÖY 2028 SERBEST (DÖVİZ) FON,Serbest Şemsiye Fonu,-0.4121,2.8819,8.7699,10.2857,14.8382,,1541514607.59,42.0,Deniz Portföy Yönetimi A.Ş.,0.0,,False,True,False,False,False,Eurobond / döviz,0.0,32.43,0.0,-2.7876,False,False,2026-10-08
IPA,İŞ PORTFÖY SÜTAŞ HİSSE SENEDİ SERBEST ÖZEL FON (HİSSE SENEDİ YOĞUN FON),Serbest Şemsiye Fonu,-8.3984,-2.09,-5.9538,7.2621,14.802,82.3327,572800105.67,16.0,İş Portföy Yönetimi A.Ş.,0.0,,False,True,False,True,False,Hisse (aktif),0.17,0.23,88.99,-16.38,False,False,2026-10-08
MJE,ALBARAKA PORTFÖY KATILIM SERBEST (DÖVİZ-AVRO) FON,Serbest Şemsiye Fonu,-2.1079,3.1988,6.2683,10.1323,14.7401,95.7612,6180107864.09,869.0,Albaraka Portföy Yönetimi A.Ş.,0.0,6.0,False,True,False,False,False,Eurobond / döviz,0.0,0.0,0.0,-2.7288,False,False,2026-10-08
IHT,İŞ PORTFÖY İHRACATÇI ŞİRKETLER HİSSE SENEDİ (TL) FONU (HİSSE SENEDİ YOĞUN FON),Hisse Senedi Şemsiye Fonu,-7.7466,-4.5156,-4.8268,11.7833,14.7205,22.3371,66281977.36,3078.0,İş Portföy Yönetimi A.Ş.,2.0,6.0,False,False,False,False,False,Hisse (aktif),0.0,0.0,94.3,-13.2507,True,False,2026-10-09
KAV,KUVEYT TÜRK PORTFÖY ALTINCI KATILIM SERBEST (DÖVİZ-AVRO) FON,Serbest Şemsiye Fonu,-2.0938,3.2261,6.2809,10.1301,14.7176,95.1478,16727462437.33,5521.0,Kuveyt Türk Portföy Yönetimi A.Ş.,1.0,6.0,False,True,False,False,False,Altın / kıymetli maden,0.0,0.0,0.0,-2.7246,False,False,2026-10-08
FHZ,QNB PORTFÖY HUZUR SERBEST (DÖVİZ) ÖZEL FON,Serbest Şemsiye Fonu,-1.1178,-1.2328,6.016,7.5408,14.6616,117.3165,739523199.07,3.0,QNB Portföy Yönetimi A.Ş.,0.0,,False,True,False,True,False,Eurobond / döviz,0.0,43.41,0.0,-5.7108,False,False,2026-10-09
COT,AK PORTFÖY 2030 SERBEST (DÖVİZ-AVRO) FON,Serbest Şemsiye Fonu,-3.5781,1.5041,4.9875,8.0943,14.6297,,522339057.87,181.0,Ak Portföy Yönetimi A.Ş.,0.0,6.0,False,True,False,False,False,Eurobond / döviz,0.0,0.0,0.0,-4.8486,False,False,2026-10-08
YNK,YAPI KREDİ PORTFÖY NİŞANTAŞI KAR PAYI ÖDEYEN SERBEST (DÖVİZ) FON,Serbest Şemsiye Fonu,0.1584,2.8584,8.1334,10.6824,14.5965,83.7333,20145664539.22,1162.0,Yapı Kredi Portföy Yönetimi A.Ş.,2.0,,False,True,False,False,False,Eurobond / döviz,0.0,94.38,0.0,-1.5234,False,False,2026-10-08
ODS,OYAK PORTFÖY İKİNCİ SERBEST(DÖVİZ) FON,Serbest Şemsiye Fonu,0.0477,4.2644,8.2328,10.6211,14.5834,106.0226,114626770.27,91.0,Oyak Portföy Yönetimi A.Ş.,3.0,6.0,False,True,False,False,False,Eurobond / döviz,85.48,0.0,0.0,-1.1153,True,False,2026-10-08
TMM,TERA PORTFÖY İKİNCİ SERBEST (DÖVİZ) FON,Serbest Şemsiye Fonu,-12.1574,-4.9075,3.3796,9.9492,14.5576,179.4855,,,,,,True,True,False,False,False,Eurobond / döviz,,,,,False,False,
KKP,İŞ PORTFÖY 2028 KAPİTAL KAR PAYI ÖDEYEN SERBEST (DÖVİZ) FON,Serbest Şemsiye Fonu,0.2055,2.369,7.0407,10.3886,14.5266,,4432315317.15,331.0,İş Portföy Yönetimi A.Ş.,0.0,,False,True,False,False,False,Eurobond / döviz,0.0,99.99,0.0,-1.836,False,False,2026-10-08
PBN,PİRAMİT PORTFÖY BİRİNCİ HİSSE SENEDİ SERBEST FON (HİSSE SENEDİ YOĞUN FON),Serbest Şemsiye Fonu,-14.6003,6.5842,10.5373,24.7514,14.5142,,379541165.72,386.0,Piramit Portföy Yönetimi A.Ş.,2.0,7.0,False,True,False,False,False,Hisse (aktif),0.0,0.0,87.56,-23.1913,True,False,2026-10-08
YPD,YAPI KREDİ PORTFÖY ALARA SERBEST (DÖVİZ) ÖZEL FON,Serbest Şemsiye Fonu,-2.1104,0.6201,7.6037,10.3936,14.4788,110.9667,95105919.87,2.0,Yapı Kredi Portföy Yönetimi A.Ş.,0.0,,False,True,False,True,False,Eurobond / döviz,0.0,100.0,0.0,-2.7967,True,False,2026-10-08
IPR,İŞ PORTFÖY ICARUS SERBEST ÖZEL FON,Serbest Şemsiye Fonu,-2.8311,-0.961,6.458,7.0011,14.4431,109.371,20286172.98,1.0,İş Portföy Yönetimi A.Ş.,0.0,,False,True,False,True,False,,0.0,59.02,0.0,-3.9841,True,False,2026-10-08
NHY,NEO PORTFÖY BİRİNCİ HİSSE SENEDİ (TL) FONU (HİSSE SENEDİ YOĞUN FON),Hisse Senedi Şemsiye Fonu,-14.474,-16.0196,-2.3356,11.329,14.4115,48.0506,94845463.28,1446.0,Neo Portföy Yönetimi A.Ş.,2.0,7.0,False,False,False,False,False,Hisse (aktif),0.0,0.0,106.85,-20.8718,True,False,2026-10-08
SYR,AZİMUT PORTFÖY 25.0 SERBEST (DÖVİZ) FON,Serbest Şemsiye Fonu,-2.1214,0.4543,4.2691,9.161,14.361,,305828339.1,22.0,Azimut Portföy Yönetimi A.Ş.,0.0,,False,True,False,False,False,Eurobond / döviz,0.0,100.0,0.0,-2.9111,True,False,2026-10-09
OFA,OYAK PORTFÖY TÜRKİYE FİNANS KATILIM SERBEST (DÖVİZ-AVRO) FON,Serbest Şemsiye Fonu,-2.1327,3.1296,6.0733,9.7867,14.319,95.0348,186978755.63,112.0,Oyak Portföy Yönetimi A.Ş.,0.0,,False,True,False,False,False,Eurobond / döviz,0.0,0.0,0.0,-2.7976,True,False,2026-10-08
OGD,OYAK PORTFÖY ALTIN KATILIM FONU,Katılım Şemsiye Fonu,-4.3251,5.997,-4.8192,5.9295,14.2511,268.3593,743867539.15,2920.0,Oyak Portföy Yönetimi A.Ş.,1.0,6.0,False,False,False,False,False,Altın / kıymetli maden,0.0,0.0,1.18,-22.9536,False,False,2026-10-08
EJG,AZİMUT PORTFÖY İNAN SERBEST (TL) ÖZEL FON,Serbest Şemsiye Fonu,-4.3002,-0.0651,1.3523,11.8112,14.2435,61.3058,494759400.78,1.0,Azimut Portföy Yönetimi A.Ş.,0.0,6.0,False,True,False,True,False,Hisse (aktif),0.0,0.0,77.47,-9.0656,True,False,2026-10-09
TUA,TEB PORTFÖY ALTIN FONU,Kıymetli Madenler Şemsiye Fonu,-4.6459,5.8518,-5.7466,4.713,14.1773,289.26,13965463151.56,29569.0,Teb Portföy Yönetimi A.Ş.,1.0,6.0,False,False,False,False,False,Altın / kıymetli maden,0.21,0.0,0.0,-23.9361,False,False,2026-10-08
KSL,ALBARAKA PORTFÖY İKİNCİ KATILIM SERBEST (DÖVİZ-AVRO) FON,Serbest Şemsiye Fonu,-2.1418,3.1008,6.0249,9.7076,14.1655,,251387801.87,118.0,Albaraka Portföy Yönetimi A.Ş.,0.0,6.0,False,True,False,False,False,Eurobond / döviz,0.0,0.0,0.0,-2.7957,True,False,2026-10-08
KPD,KUVEYT TÜRK PORTFÖY KAR PAYI ÖDEYEN KATILIM SERBEST (DÖVİZ) FON,Serbest Şemsiye Fonu,-0.3464,2.804,8.0905,10.1034,14.1505,,282999720.64,511.0,Kuveyt Türk Portföy Yönetimi A.Ş.,2.0,6.0,False,True,False,False,False,Eurobond / döviz,51.42,19.91,0.0,-2.4543,True,False,2026-10-08
VAY,AK PORTFÖY DEĞER ODAKLI 100 ŞİRKETLERİ HİSSE SENEDİ (TL) FONU (HİSSE SENEDİ YOĞUN FON),Hisse Senedi Şemsiye Fonu,-6.4686,-2.4098,-1.807,9.354,14.1275,,46578267.16,2779.0,Ak Portföy Yönetimi A.Ş.,2.0,5.0,False,False,False,False,False,Hisse (aktif),0.0,0.0,88.25,-15.4913,True,False,2026-10-08
ZPC,ZİRAAT PORTFÖY FON SEPETİ FONU,Fon Sepeti Şemsiye Fonu,-7.7989,-0.7364,2.0341,9.4237,14.031,97.4574,3033122509.54,2674.0,Ziraat Portföy Yönetimi A.Ş.,2.0,5.0,False,False,False,False,False,,0.0,0.0,0.0,-9.4348,False,False,2026-10-09
AYA,ATA PORTFÖY KAR PAYI ÖDEYEN HİSSE SENEDİ (TL) FONU (HİSSE SENEDİ YOĞUN FON),Hisse Senedi Şemsiye Fonu,-9.557,-3.6942,-5.1496,7.5534,14.0078,51.8387,802093294.13,8324.0,Ata Portföy Yönetimi A.Ş.,2.0,6.0,False,False,False,False,False,Hisse (aktif),0.0,1.36,87.11,-14.3523,False,False,2026-10-09
ENJ,AKTİF PORTFÖY ENERJİ ŞİRKETLERİ HİSSE SENEDİ (TL) FONU (HİSSE SENEDİ YOĞUN FON),Hisse Senedi Şemsiye Fonu,-13.6691,-11.8275,-7.6493,6.5562,13.989,,58368468.57,538.0,Aktif Portföy Yönetimi A.Ş.,2.0,6.0,False,False,False,False,False,Hisse (aktif),0.0,0.0,89.53,-19.5643,True,False,2026-10-09
PKF,ATA PORTFÖY ALTIN KATILIM FONU,Katılım Şemsiye Fonu,-4.0966,6.5696,-4.9583,4.6158,13.8882,278.3895,352837241.54,1338.0,Ata Portföy Yönetimi A.Ş.,1.0,6.0,False,False,False,False,False,Altın / kıymetli maden,0.0,0.0,9.38,-23.0953,True,False,2026-10-08
DRD,DENİZ PORTFÖY KAR PAYI ÖDEYEN ONBİRİNCİ SERBEST (DÖVİZ-AVRO) FON,Serbest Şemsiye Fonu,-2.2946,2.7928,5.5587,9.3261,13.8581,,1695662603.48,147.0,Deniz Portföy Yönetimi A.Ş.,0.0,,False,True,False,False,False,Eurobond / döviz,0.0,99.89,0.0,-3.1156,False,False,2026-10-08
GTA,GARANTİ PORTFÖY ALTIN FONU,Kıymetli Madenler Şemsiye Fonu,-4.5764,5.8343,-5.6941,5.0543,13.8053,254.4612,22949741653.36,72584.0,Garanti Portföy Yönetimi A.Ş.,1.0,6.0,False,False,False,False,False,Altın / kıymetli maden,0.0,0.0,0.0,-24.307,False,False,2026-10-08
GZY,GARANTİ PORTFÖY TURİZM VE SEYAHAT SEKTÖRÜ DEĞİŞKEN FON,Değişken Şemsiye Fonu,-3.7934,-6.0817,0.3565,4.293,13.6969,133.8755,57064410.64,2055.0,Garanti Portföy Yönetimi A.Ş.,3.0,6.0,False,False,False,False,False,Hisse (aktif),0.0,0.0,91.8,-13.333,True,False,2026-10-08
IEV,İŞ PORTFÖY HAVACILIK VE SAVUNMA TEKNOLOJİLERİ DEĞİŞKEN FON,Değişken Şemsiye Fonu,-10.5993,-10.5164,-0.9208,9.8167,13.6872,122.0293,72023686.98,3920.0,İş Portföy Yönetimi A.Ş.,3.0,6.0,False,False,False,False,False,Hisse (aktif),0.0,0.0,92.94,-15.4301,True,False,2026-10-08
CTV,İŞ PORTFÖY MHA SERBEST (DÖVİZ) ÖZEL FON,Serbest Şemsiye Fonu,-4.0494,-2.3453,4.7392,6.1358,13.6121,107.794,190287904.62,4.0,İş Portföy Yönetimi A.Ş.,0.0,,False,True,False,True,False,Eurobond / döviz,0.0,99.15,0.0,-4.8613,True,False,2026-10-08
CTM,İŞ PORTFÖY KEFON SERBEST ÖZEL FON,Serbest Şemsiye Fonu,-3.0678,-1.6163,5.3833,6.6015,13.588,101.853,15914963.39,1.0,İş Portföy Yönetimi A.Ş.,0.0,,False,True,False,True,False,,0.0,60.82,0.0,-3.8785,True,False,2026-10-08
CTG,İŞ PORTFÖY FEFON SERBEST ÖZEL FON,Serbest Şemsiye Fonu,-3.0689,-1.6182,5.3813,6.598,13.584,101.8388,15912067.13,1.0,İş Portföy Yönetimi A.Ş.,0.0,,False,True,False,True,False,,0.0,60.84,0.0,-3.8798,True,False,2026-10-08
FSV,QNB PORTFÖY KAR PAYI ÖDEYEN SEKİZİNCİ SERBEST (DÖVİZ-AVRO) FON,Serbest Şemsiye Fonu,-2.1571,3.0486,5.6503,9.2709,13.521,,10060364900.83,1641.0,QNB Portföy Yönetimi A.Ş.,0.0,,False,True,False,False,False,Eurobond / döviz,0.0,100.0,0.0,-2.9187,False,False,2026-10-08
ADP,AK PORTFÖY BIST BANKA ENDEKSİ HİSSE SENEDİ (TL) FONU (HİSSE SENEDİ YOĞUN FON),Hisse Senedi Şemsiye Fonu,-7.9978,-5.0583,-6.5514,-0.6104,13.5114,96.7855,3979201354.22,19894.0,Ak Portföy Yönetimi A.Ş.,2.0,7.0,False,False,False,False,False,BIST endeks hisse,0.0,0.0,88.1,-25.8838,False,False,2026-10-09
ICS,TEB PORTFÖY SERBEST (DÖVİZ) FON,Serbest Şemsiye Fonu,0.6532,4.4258,8.3065,12.9599,13.3377,72.21,8089279.68,54.0,Icbc Portföy Yönetimi A.Ş.,3.0,,False,True,False,False,False,Eurobond / döviz,0.0,0.0,0.0,-5.7662,True,False,2026-10-09
IRE,İŞ PORTFÖY KAR PAYI ÖDEYEN SERBEST (DÖVİZ) FON,Serbest Şemsiye Fonu,0.0668,1.9293,6.6919,10.6131,13.3248,,115978268.49,60.0,İş Portföy Yönetimi A.Ş.,0.0,,False,True,False,False,False,Eurobond / döviz,0.0,98.71,0.0,-1.7605,True,False,2026-10-09
NKS,NUROL PORTFÖY GRANADA SERBEST (TL) FON,Serbest Şemsiye Fonu,3.2639,10.2882,19.1377,2.352,13.1563,39.1606,26191368.76,11.0,Nurol Portföy Yönetimi A.Ş.,0.0,,False,True,False,False,False,,0.0,0.0,0.0,-21.1689,True,False,2026-10-08
YKT,YAPI KREDİ PORTFÖY ALTIN FONU,Kıymetli Madenler Şemsiye Fonu,-4.6251,5.569,-6.0399,5.0016,13.13,289.1774,30307081218.24,83107.0,Yapı Kredi Portföy Yönetimi A.Ş.,1.0,6.0,False,False,False,False,False,Altın / kıymetli maden,0.0,0.0,0.0,-23.7059,False,False,2026-10-08
ELZ,ASTRA PORTFÖY KATILIM HİSSE SENEDİ FONU (HİSSE SENEDİ YOĞUN FON),Hisse Senedi Şemsiye Fonu,-11.7479,-8.8434,-6.2353,10.5182,13.0586,78.221,213379606.71,609.0,Astra Portföy Yönetimi A.Ş.,2.0,,False,False,False,False,False,Hisse (aktif),0.0,0.0,91.74,-17.972,True,False,2026-10-08
BDY,AK PORTFÖY BIST 100 DIŞI ŞİRKETLER HİSSE SENEDİ (TL) FONU (HİSSE SENEDİ YOĞUN FON),Hisse Senedi Şemsiye Fonu,-10.9102,-3.1532,1.0138,10.567,13.0514,,84404772.54,2175.0,Ak Portföy Yönetimi A.Ş.,2.0,6.0,False,False,False,False,False,Hisse (aktif),0.0,0.0,89.17,-13.0997,True,False,2026-10-09
IHK,İŞ PORTFÖY İŞ'TE KADIN HİSSE SENEDİ (TL) FONU (HİSSE SENEDİ YOĞUN FON),Hisse Senedi Şemsiye Fonu,-8.5198,-6.2765,-8.3407,6.4166,13.0349,91.4342,1307204235.58,26765.0,İş Portföy Yönetimi A.Ş.,2.0,6.0,False,False,False,False,False,Hisse (aktif),0.0,0.0,96.57,-17.0483,False,False,2026-10-08
BIO,İŞ PORTFÖY SÜRDÜRÜLEBİLİRLİK HİSSE SENEDİ (TL) FONU (HİSSE SENEDİ YOĞUN FON),Hisse Senedi Şemsiye Fonu,-8.7814,-6.0303,-8.245,7.2245,13.0207,,590611666.46,9132.0,İş Portföy Yönetimi A.Ş.,2.0,6.0,False,False,False,False,False,Hisse (aktif),0.0,0.0,91.89,-17.359,False,False,2026-10-08
IPC,İŞ PORTFÖY CK SERBEST ÖZEL FON,Serbest Şemsiye Fonu,-2.1373,-0.768,5.5729,6.9187,13.0092,96.5729,14013242.3,1.0,İş Portföy Yönetimi A.Ş.,0.0,,False,True,False,True,False,,0.0,65.96,0.0,-3.5293,True,False,2026-10-09
AFO,AK PORTFÖY ALTIN FONU,Kıymetli Madenler Şemsiye Fonu,-4.6089,5.8975,-5.7982,4.9918,12.9907,264.8736,17974304449.25,78915.0,Ak Portföy Yönetimi A.Ş.,1.0,6.0,False,False,False,False,False,Altın / kıymetli maden,0.04,0.0,0.0,-24.5114,False,False,2026-10-08
IZA,AZİMUT PORTFÖY İNAN2 SERBEST ÖZEL FON,Serbest Şemsiye Fonu,-5.2569,-2.2558,0.2848,12.5565,12.919,,380102165.56,1.0,Azimut Portföy Yönetimi A.Ş.,0.0,6.0,False,True,False,True,False,Hisse (aktif),0.0,0.0,74.81,-10.6627,True,False,2026-10-09
GLC,AKTİF PORTFÖY ÜÇÜNCÜ FON SEPETİ FONU,Fon Sepeti Şemsiye Fonu,-4.3666,1.7094,1.8456,5.2675,12.8915,132.7621,16008946.67,59.0,Aktif Portföy Yönetimi A.Ş.,2.0,5.0,False,False,False,False,False,,0.0,0.0,0.0,-6.0576,True,False,2026-10-08
RJG,RE-PIE PORTFÖY ALTIN KATILIM FONU,Katılım Şemsiye Fonu,-4.1301,6.5942,-4.6801,2.8051,12.8713,,42348143.29,442.0,Re-pıe Portföy Yönetimi A.Ş.,1.0,6.0,False,False,False,False,False,Altın / kıymetli maden,0.0,0.0,0.39,-23.5501,True,False,2026-10-08
DTL,DENİZ PORTFÖY BIST 100 DIŞI ŞİRKETLER HİSSE SENEDİ (TL) FONU (HİSSE SENEDİ YOĞUN FON),Hisse Senedi Şemsiye Fonu,-11.5402,-9.4929,-2.6341,8.1547,12.7805,49.6787,126357433.8,2633.0,Deniz Portföy Yönetimi A.Ş.,2.0,6.0,False,False,False,False,False,Hisse (aktif),0.0,0.0,97.61,-18.6127,True,False,2026-10-09
YZH,TEB PORTFÖY BIST BANKA ENDEKSİ HİSSE SENEDİ FONU (HİSSE SENEDİ YOĞUN),Hisse Senedi Şemsiye Fonu,-8.6849,-6.5626,-8.4182,-1.6885,12.7804,92.4961,567171501.99,4969.0,Teb Portföy Yönetimi A.Ş.,2.0,7.0,False,False,False,False,False,BIST endeks hisse,0.0,0.0,93.42,-27.7077,False,False,2026-10-08
TCG,TEB PORTFÖY CEMAY HİSSE SENEDİ SERBEST ÖZEL FON (HİSSE SENEDİ YOĞUN FON),Serbest Şemsiye Fonu,-2.9206,-0.8099,-1.4706,12.8511,12.6787,-95.772,137924817.53,1.0,Teb Portföy Yönetimi A.Ş.,0.0,,False,True,False,True,False,Hisse (aktif),0.0,0.0,0.0,-13.232,True,False,2026-10-08
GGK,INVEO PORTFÖY ALTIN FON,Kıymetli Madenler Şemsiye Fonu,-4.0866,6.0889,-5.4213,4.2808,12.6727,283.5124,1864403414.5,9996.0,Inveo Portföy Yönetimi A.Ş.,1.0,6.0,False,False,False,False,False,Altın / kıymetli maden,0.0,0.0,0.35,-24.7606,False,False,2026-10-08
KPH,İŞ PORTFÖY KAR PAYI ÖDEYEN HİSSE SENEDİ (TL) FONU (HİSSE SENEDİ YOĞUN FON),Hisse Senedi Şemsiye Fonu,-7.5206,-4.602,-10.5587,6.7047,12.5801,,491631441.04,10856.0,İş Portföy Yönetimi A.Ş.,2.0,6.0,False,False,False,False,False,Hisse (aktif),0.0,0.0,91.26,-16.7504,True,False,2026-10-08
GPH,GARANTİ PORTFÖY ONSEKİZİNCİ SERBEST (DÖVİZ) ÖZEL FON,Serbest Şemsiye Fonu,1.4082,4.5052,8.1419,10.0558,12.5147,51.4665,2716222.16,1.0,Garanti Portföy Yönetimi A.Ş.,0.0,6.0,False,True,False,True,False,Eurobond / döviz,0.0,0.0,0.0,-1.5335,True,False,2026-10-09
TPC,TEB PORTFÖY KIYMETLİ MADENLER FON SEPETİ FONU,Fon Sepeti Şemsiye Fonu,-9.8817,3.0767,-11.1592,-2.6797,12.4948,161.9418,5065839461.58,10699.0,Teb Portföy Yönetimi A.Ş.,2.0,6.0,False,False,False,False,False,,0.0,0.0,2.76,-29.1107,False,False,2026-10-08
DCP,YAPI KREDİ PORTFÖY CÖMERT SERBEST (DÖVİZ) ÖZEL FON,Serbest Şemsiye Fonu,-3.8665,-2.3677,2.7655,6.7298,12.4827,106.1691,240950066.41,3.0,Yapı Kredi Portföy Yönetimi A.Ş.,0.0,,False,True,False,True,False,Eurobond / döviz,0.0,59.1,2.13,-4.9124,True,False,2026-10-09
AHI,ATLAS PORTFÖY BİRİNCİ HİSSE SENEDİ FONU(HİSSE SENEDİ YOĞUN),Hisse Senedi Şemsiye Fonu,-8.1838,-8.6768,-7.8881,7.3878,12.4512,85.8968,,,,,,True,False,False,False,False,Hisse (aktif),,,,,False,False,
NDS,NEO PORTFÖY DÖRDÜNCÜ SERBEST FON,Serbest Şemsiye Fonu,-12.1711,2.3936,5.6887,8.7776,12.4149,,504539447.51,13.0,Neo Portföy Yönetimi A.Ş.,0.0,7.0,False,True,False,False,False,,0.0,0.0,33.47,-42.5978,False,False,2026-10-09
IHP,İSTANBUL PORTFÖY İKİNCİ HİSSE SENEDİ SERBEST (TL) FON (HİSSE SENEDİ YOĞUN FON),Serbest Şemsiye Fonu,-13.972,-5.4612,-5.4189,8.5194,12.3967,,29904055.63,195.0,İstanbul Portföy Yönetimi A.Ş.,2.0,6.0,False,True,False,False,False,Hisse (aktif),0.0,0.0,83.09,-19.1519,True,False,2026-10-08
RIK,RE-PIE PORTFÖY İKİNCİ DEĞİŞKEN FON,Değişken Şemsiye Fonu,-12.7904,-15.3729,-6.4669,0.6199,12.3315,185.1304,235751046.34,2244.0,Re-pıe Portföy Yönetimi A.Ş.,2.0,4.0,False,False,False,False,False,Karma / değişken,0.0,41.1,21.3,-19.1803,True,False,2026-10-09
DNH,DENİZ PORTFÖY İNŞAAT SEKTÖRÜ HİSSE SENEDİ SERBEST (TL) FON (HİSSE SENEDİ YOĞUN FON),Serbest Şemsiye Fonu,-7.5959,-2.8536,-2.5938,9.4942,12.3251,,12256502.01,49.0,Deniz Portföy Yönetimi A.Ş.,2.0,6.0,False,True,False,False,False,Hisse (aktif),0.0,0.0,93.38,-14.2544,True,False,2026-10-08
YSL,YAPI KREDİ PORTFÖY KAR PAYI ÖDEYEN KİRA SERTİFİKALARI KATILIM SERBEST (DÖVİZ) FON,Serbest Şemsiye Fonu,0.5595,4.652,7.7137,7.8001,12.3043,62.6982,677337527.7,356.0,Yapı Kredi Portföy Yönetimi A.Ş.,2.0,,False,True,False,False,False,Eurobond / döviz,86.4,10.14,0.0,-2.8321,False,False,2026-10-09
FIB,FİBA PORTFÖY ALTIN FONU,Kıymetli Madenler Şemsiye Fonu,-4.5564,5.4278,-6.3146,3.7577,12.2839,274.8371,4586211740.91,11643.0,Fiba Portföy Yönetimi A.Ş.,1.0,6.0,False,False,False,False,False,Altın / kıymetli maden,0.0,0.0,3.4,-25.0368,False,False,2026-10-08
SHE,TEB PORTFÖY ÖNCE KADIN DEĞİŞKEN FON,Değişken Şemsiye Fonu,-6.7415,-4.4922,-6.3665,8.1406,12.2782,110.7108,55497533.87,575.0,Teb Portföy Yönetimi A.Ş.,2.0,7.0,False,False,False,False,False,Hisse (aktif),0.0,0.0,69.72,-14.4544,True,False,2026-10-08
FRA,AZİMUT PORTFÖY MAB SERBEST FON,Serbest Şemsiye Fonu,-3.9309,-0.2297,0.5132,10.4857,12.2015,57.1118,516564429.56,2.0,Azimut Portföy Yönetimi A.Ş.,2.0,6.0,False,True,False,False,False,Hisse (aktif),0.0,1.9,55.55,-7.6608,False,False,2026-10-09
NFF,NEO PORTFÖY FON SEPETİ SERBEST FON,Serbest Şemsiye Fonu,2.2257,8.6005,18.1136,6.9869,12.0866,,1646264849.97,27.0,Neo Portföy Yönetimi A.Ş.,2.0,5.0,False,True,False,False,False,,0.0,0.0,0.0,-12.9735,False,False,2026-10-09
DDA,DENİZ PORTFÖY BANKACILIK SEKTÖRÜ HİSSE SENEDİ SERBEST FON (HİSSE SENEDİ YOĞUN FON),Serbest Şemsiye Fonu,-8.2582,-5.2235,-7.1491,-1.1016,12.0795,72.8462,216627856.6,913.0,Deniz Portföy Yönetimi A.Ş.,2.0,7.0,False,True,False,False,False,Hisse (aktif),0.0,0.0,98.08,-26.7258,True,False,2026-10-08
IFN,TEB PORTFÖY SÜRDÜRÜLEBİLİRLİK HİSSE SENEDİ FONU (HİSSE SENEDİ YOĞUN FON),Hisse Senedi Şemsiye Fonu,-7.679,-5.8579,-2.7985,10.8577,12.0535,64.6671,3522083.45,389.0,Icbc Portföy Yönetimi A.Ş.,2.0,6.0,False,False,False,False,False,Hisse (aktif),0.0,0.0,93.23,-14.853,True,False,2026-10-08
GOL,GARANTİ PORTFÖY ALTIN KATILIM FONU,Katılım Şemsiye Fonu,-4.5939,6.0044,-5.6908,4.5261,12.0466,,4497733545.36,11265.0,Garanti Portföy Yönetimi A.Ş.,1.0,6.0,False,False,False,False,False,Altın / kıymetli maden,0.0,0.0,0.0,-24.6537,False,False,2026-10-08
TAU,İŞ PORTFÖY BIST BANKA ENDEKSİ HİSSE SENEDİ (TL) FONU (HİSSE SENEDİ YOĞUN FON),Hisse Senedi Şemsiye Fonu,-8.9917,-6.4317,-8.6496,-2.5376,11.8436,96.041,2342302099.45,32311.0,İş Portföy Yönetimi A.Ş.,2.0,7.0,False,False,False,False,False,BIST endeks hisse,0.0,0.0,96.09,-27.0696,False,False,2026-10-08
RBN,RE-PIE PORTFÖY BEŞİNCİ HİSSE SENEDİ SERBEST (TL) FON (HİSSE SENEDİ YOĞUN FON),Serbest Şemsiye Fonu,-6.2498,-4.8613,-1.6677,12.8223,11.7929,,33026431.89,109.0,Re-pıe Portföy Yönetimi A.Ş.,2.0,6.0,False,True,False,False,False,Hisse (aktif),0.0,0.0,88.11,-16.4749,True,False,2026-10-09
FUA,AK PORTFÖY İHRACATÇI ŞİRKETLER HİSSE SENEDİ (TL) FONU (HİSSE SENEDİ YOĞUN FON),Hisse Senedi Şemsiye Fonu,-11.381,-3.9615,-5.1823,11.4068,11.7524,21.386,278378880.91,4492.0,Ak Portföy Yönetimi A.Ş.,2.0,6.0,False,False,False,False,False,Hisse (aktif),0.0,0.0,86.89,-17.33,True,False,2026-10-09
POH,PİRAMİT PORTFÖY ÖZGÜN HİSSE SENEDİ SERBEST ÖZEL FON (HİSSE SENEDİ YOĞUN FON),Serbest Şemsiye Fonu,-8.232,-15.1294,-16.3423,0.0361,11.7426,,1520670115.99,4.0,Piramit Portföy Yönetimi A.Ş.,0.0,6.0,False,True,False,True,False,Hisse (aktif),0.0,0.0,99.83,-26.2996,False,False,2026-10-08
RBA,ALBARAKA PORTFÖY BEREKET VAKFI NA DESTEK ALTIN KATILIM FONU,Katılım Şemsiye Fonu,-4.0827,5.878,-6.599,4.3855,11.5429,282.6605,1343785755.06,4928.0,Albaraka Portföy Yönetimi A.Ş.,1.0,6.0,False,False,False,False,False,Altın / kıymetli maden,0.0,3.84,0.0,-23.896,False,False,2026-10-08
GZZ,GARANTİ PORTFÖY FİNANSAL TEKNOLOJİLER DEĞİŞKEN FON,Değişken Şemsiye Fonu,-7.7163,0.0705,3.4448,2.2259,11.4976,148.2224,56064621.2,1140.0,Garanti Portföy Yönetimi A.Ş.,3.0,5.0,False,False,False,False,False,Hisse (aktif),0.0,0.0,91.25,-13.59,True,False,2026-10-08
KUP,AK PORTFÖY KAR PAYI ÖDEYEN SERBEST (DÖVİZ) FON,Serbest Şemsiye Fonu,-1.8203,0.6043,5.2543,6.0386,11.482,,2005999962.51,127.0,Ak Portföy Yönetimi A.Ş.,0.0,,False,True,False,False,False,Eurobond / döviz,0.0,0.0,0.0,-4.872,False,False,2026-10-09
KOP,ASTRA PORTFÖY İKİNCİ SERBEST (DÖVİZ) FON,Serbest Şemsiye Fonu,0.3736,0.5415,4.9397,7.7702,11.4327,116.5871,15810956.43,59.0,Astra Portföy Yönetimi A.Ş.,0.0,7.0,False,True,False,False,False,Eurobond / döviz,87.93,0.0,0.0,-2.7665,True,False,2026-10-09
YHB,YAPI KREDİ PORTFÖY BIST 100 DIŞI ŞİRKETLER HİSSE SENEDİ FONU (HİSSE SENEDİ YOĞUN FON),Hisse Senedi Şemsiye Fonu,-16.453,-6.2179,-6.3758,12.7365,11.3701,60.317,193453737.92,6636.0,Yapı Kredi Portföy Yönetimi A.Ş.,2.0,6.0,False,False,False,False,False,Hisse (aktif),0.0,0.0,86.67,-21.5061,True,False,2026-10-09
JUP,AURA PORTFÖY JÜPİTER SERBEST (DÖVİZ) FON,Serbest Şemsiye Fonu,0.0366,3.8115,10.0383,12.2491,11.2706,,44763962.54,39.0,Aura Portföy Yönetimi A.Ş.,3.0,6.0,False,True,False,False,False,Eurobond / döviz,0.0,99.82,0.0,-3.5843,True,False,2026-10-08
ICA,TEB PORTFÖY ICBC TURKEY ALTIN FONU,Kıymetli Madenler Şemsiye Fonu,-4.6635,5.8605,-6.0977,3.6363,11.2588,270.7784,560806349.15,2618.0,Icbc Portföy Yönetimi A.Ş.,1.0,6.0,False,False,False,False,False,Altın / kıymetli maden,0.0,0.0,0.0,-25.7192,False,False,2026-10-08
ZR2,ZİRAAT PORTFÖY YEŞİLKÖY SERBEST ÖZEL FON,Serbest Şemsiye Fonu,-15.0748,-6.3451,1.1183,9.752,11.1758,68.6765,1171471200.98,1.0,Ziraat Portföy Yönetimi A.Ş.,0.0,6.0,False,True,False,True,False,,0.0,0.0,20.6,-16.9028,False,False,2026-10-08
TAL,ATLAS PORTFÖY ALTIN KATILIM FONU,Kıymetli Madenler Şemsiye Fonu,-4.9616,4.7866,-7.518,2.592,11.1419,,,,,,,True,False,False,False,False,Altın / kıymetli maden,,,,,False,False,
BNH,İSTANBUL PORTFÖY BANKACILIK SEKTÖRÜ HİSSE SENEDİ SERBEST (TL) FON (HİSSE SENEDİ YOĞUN FON),Serbest Şemsiye Fonu,-7.8464,-3.7615,-8.347,-3.3908,11.0064,,37131217.57,121.0,İstanbul Portföy Yönetimi A.Ş.,2.0,7.0,False,True,False,False,False,Hisse (aktif),0.0,0.0,98.51,-28.0896,True,False,2026-10-08
JET,ATA PORTFÖY HAVACILIK VE SAVUNMA TEKNOLOJİLERİ DEĞİŞKEN FON,Değişken Şemsiye Fonu,-6.8146,-3.7775,-4.4622,11.0572,10.9602,,366710104.42,14518.0,Ata Portföy Yönetimi A.Ş.,3.0,6.0,False,False,False,False,False,Hisse (aktif),0.0,0.0,90.74,-13.243,True,False,2026-10-09
ITV,İŞ PORTFÖY ALTINCI SERBEST (DÖVİZ) FON,Serbest Şemsiye Fonu,1.54,5.5699,11.088,6.993,10.93,67.5482,867692550.36,30.0,İş Portföy Yönetimi A.Ş.,0.0,,False,True,False,False,False,Altın / kıymetli maden,0.0,7.65,0.0,-1.0958,False,False,2026-10-09
HNS,HSBC PORTFÖY KAR PAYI ÖDEYEN MAYIS 2029 SERBEST (DÖVİZ) FON,Serbest Şemsiye Fonu,0.2528,4.1821,6.5569,6.912,10.7633,73.5735,612954612.52,171.0,HSBC Portföy Yönetimi A.Ş.,0.0,,False,True,False,False,False,Eurobond / döviz,0.0,36.16,0.0,-3.574,False,False,2026-10-09
PEA,PERFORM PORTFÖY ALTIN FONU,Kıymetli Madenler Şemsiye Fonu,-4.3887,5.9851,-5.0983,6.0599,10.7497,,66287188.69,86.0,Perform Portföy Yönetimi A.Ş.,1.0,6.0,False,False,False,False,False,Altın / kıymetli maden,0.0,0.0,0.0,-22.5689,True,False,2026-10-08
HRZ,AKTİF PORTFÖY BIST HALKA ARZ ŞİRKETLERİ HİSSE SENEDİ (TL) FONU (HİSSE SENEDİ YOĞUN FON),Hisse Senedi Şemsiye Fonu,-23.8377,-29.0255,-21.3515,9.8088,10.6291,,99218920.23,3673.0,Aktif Portföy Yönetimi A.Ş.,2.0,6.0,False,False,False,False,False,Hisse (aktif),0.0,0.0,91.14,-36.3363,True,False,2026-10-09
HMS,HSBC PORTFÖY SÜRDÜRÜLEBİLİRLİK HİSSE SENEDİ (TL) FONU (HİSSE SENEDİ YOĞUN FON),Hisse Senedi Şemsiye Fonu,-8.8106,-7.0424,-11.1928,6.845,10.5813,71.691,180835290.74,3754.0,HSBC Portföy Yönetimi A.Ş.,2.0,6.0,False,False,False,False,False,Hisse (aktif),0.0,0.0,88.43,-17.955,True,False,2026-10-08
KZU,KUVEYT TÜRK PORTFÖY İKİNCİ ALTIN KATILIM FONU,Katılım Şemsiye Fonu,-4.4876,5.7809,-4.8992,2.2328,10.5783,,421766934.9,5464.0,Kuveyt Türk Portföy Yönetimi A.Ş.,1.0,6.0,False,False,False,False,False,Altın / kıymetli maden,0.0,0.0,0.0,-25.6605,True,False,2026-10-08
NAU,NEO PORTFÖY ALTIN FONU,Kıymetli Madenler Şemsiye Fonu,-4.3529,4.767,-6.5145,2.3398,10.4679,,1406235027.1,7370.0,Neo Portföy Yönetimi A.Ş.,2.0,6.0,False,False,False,False,False,Altın / kıymetli maden,0.0,0.0,0.0,-24.4738,False,False,2026-10-08
ZJL,ZİRAAT PORTFÖY BIST 100 DIŞI ŞİRKETLER HİSSE SENEDİ FONU (HİSSE SENEDİ YOĞUN FON),Hisse Senedi Şemsiye Fonu,-14.7214,-11.6881,-4.2646,1.9576,10.4453,71.1484,335644420.95,2345.0,Ziraat Portföy Yönetimi A.Ş.,2.0,6.0,False,False,False,False,False,Hisse (aktif),0.0,0.0,88.98,-17.2652,True,False,2026-10-09
IAY,INVEO PORTFÖY ALTIN KATILIM FONU,Katılım Şemsiye Fonu,-4.2191,6.0856,-5.6165,4.1813,10.4443,,41521863.49,163.0,Inveo Portföy Yönetimi A.Ş.,1.0,6.0,False,False,False,False,False,Altın / kıymetli maden,0.0,0.0,1.81,-23.5657,True,False,2026-10-08
NKP,NEO PORTFÖY KAR PAYI ÖDEYEN DEĞİŞKEN FON,Değişken Şemsiye Fonu,-0.5824,-1.4189,-0.2064,8.2606,10.4027,,126809424.42,2603.0,Neo Portföy Yönetimi A.Ş.,2.0,5.0,False,False,False,False,False,Hisse (aktif),0.0,8.54,89.27,-11.5813,True,False,2026-10-08
OLA,OSMANLI PORTFÖY İKİNCİ SERBEST (DÖVİZ- AVRO) FON,Serbest Şemsiye Fonu,-2.559,1.9337,3.719,6.2932,10.3502,95.9914,18800650.63,24.0,Osmanlı Portföy Yönetimi A.Ş.,3.0,5.0,False,True,False,False,False,Eurobond / döviz,96.69,0.0,0.0,-3.4789,True,False,2026-10-09
AVZ,AK PORTFÖY EMS SERBEST ( DÖVİZ ) ÖZEL FON,Serbest Şemsiye Fonu,1.3017,-5.3094,1.4034,3.7508,10.2828,117.8789,215501302.4,1.0,Ak Portföy Yönetimi A.Ş.,0.0,6.0,False,True,False,True,False,Eurobond / döviz,0.0,88.23,0.0,-8.958,True,False,2026-10-08
KP3,KARE PORTFÖY ÜÇÜNCÜ SERBEST (DÖVİZ) FON,Serbest Şemsiye Fonu,-2.5348,2.215,4.6891,6.4294,10.2334,,13742030.76,5.0,Kare Portföy Yönetimi A.Ş.,3.0,6.0,False,True,False,False,False,Eurobond / döviz,0.0,0.0,0.0,-2.554,True,False,2026-10-09
YCP,YAPI KREDİ PORTFÖY BANKACILIK SEKTÖRÜ HİSSE SENEDİ SERBEST FON (HİSSE SENEDİ YOĞUN FON),Serbest Şemsiye Fonu,-8.6323,-6.1271,-8.4591,-3.3253,10.1636,83.9232,990146909.12,1863.0,Yapı Kredi Portföy Yönetimi A.Ş.,2.0,7.0,False,True,False,False,False,Hisse (aktif),0.0,0.0,90.67,-27.4837,False,False,2026-10-08
YAS,YAPI KREDİ PORTFÖY KOÇ HOLDİNG İŞTİRAK VE HİSSE SENEDİ FONU(HİSSE SENEDİ YOĞUN FON),Hisse Senedi Şemsiye Fonu,-5.3704,4.3338,-1.4711,9.8044,10.1016,33.4364,5887301883.68,58344.0,Yapı Kredi Portföy Yönetimi A.Ş.,2.0,6.0,False,False,False,False,False,Hisse (aktif),0.0,6.65,86.78,-14.1251,False,False,2026-10-09
KYA,KARE PORTFÖY HİSSE SENEDİ FONU(HİSSE SENEDİ YOĞUN FON),Hisse Senedi Şemsiye Fonu,-9.7507,-7.3213,-10.3811,1.7875,10.0009,71.7093,54048009.25,1283.0,Kare Portföy Yönetimi A.Ş.,2.0,6.0,False,False,False,False,False,Hisse (aktif),0.0,0.0,88.11,-20.8882,True,False,2026-10-08
ORC,ASTRA PORTFÖY ALFA SERBEST FON,Serbest Şemsiye Fonu,-18.2492,-15.323,-12.6101,5.6873,9.9769,,1149778272.48,43.0,Astra Portföy Yönetimi A.Ş.,3.0,7.0,False,True,False,False,False,Hisse (aktif),1.64,0.89,84.43,-22.803,False,False,2026-10-09
GKF,GLOBAL MD PORTFÖY KATILIM FONU,Katılım Şemsiye Fonu,-8.6019,-10.1372,-9.7385,6.5974,9.963,88.5006,42764478.11,601.0,Global MD Portföy Yönetimi A.Ş.,2.0,7.0,False,False,False,False,False,Hisse (aktif),0.0,0.0,81.0,-20.5457,True,False,2026-10-08
MPP,MEKSA PORTFÖY PRİME SERBEST FON,Serbest Şemsiye Fonu,-0.0185,-0.8283,5.081,12.1883,9.8777,120.3,300458320.06,979.0,Meksa Portföy Yönetimi A.Ş.,3.0,7.0,False,True,False,False,False,Hisse (aktif),0.0,0.0,95.68,-15.7083,True,False,2026-10-09
IJF,AZİMUT PORTFÖY EREN HİSSE SENEDİ SERBEST ÖZEL FON (HİSSE SENEDİ YOĞUN FON),Serbest Şemsiye Fonu,-4.6287,-1.3381,-0.9144,8.3946,9.6962,61.3879,778307805.12,2.0,Azimut Portföy Yönetimi A.Ş.,0.0,6.0,False,True,False,True,False,Hisse (aktif),0.0,0.0,87.79,-12.7382,False,False,2026-10-08
TTE,İŞ PORTFÖY BIST TEKNOLOJİ AĞIRLIK SINIRLAMALI ENDEKSİ HİSSE SENEDİ (TL) FONU (HİSSE SENEDİ YOĞUN FON),Hisse Senedi Şemsiye Fonu,-28.6192,-30.7542,-13.4268,15.2362,9.6593,89.3236,2388495047.17,39986.0,İş Portföy Yönetimi A.Ş.,2.0,7.0,False,False,False,False,False,BIST endeks hisse,0.0,0.0,95.81,-38.8975,False,False,2026-10-09
HPJ,AZİMUT PORTFÖY HP HİSSE SENEDİ SERBEST ÖZEL FON (HİSSE SENEDİ YOĞUN FON),Serbest Şemsiye Fonu,-8.9247,-1.2261,0.4671,3.2562,9.5846,70.541,33913877.21,1.0,Azimut Portföy Yönetimi A.Ş.,0.0,5.0,False,True,False,True,False,Hisse (aktif),0.0,0.0,84.27,-10.5601,True,False,2026-10-09
MJK,MEKSA PORTFÖY KARDELEN SERBEST FON,Serbest Şemsiye Fonu,-6.2715,-2.0534,-0.2457,11.43,9.5017,130.8547,1646794797.31,380.0,Meksa Portföy Yönetimi A.Ş.,0.0,7.0,False,True,False,False,False,,0.0,0.0,43.08,-17.3516,False,False,2026-10-09
AC6,PARDUS PORTFÖY DÖRDÜNCÜ SERBEST (DÖVİZ) FON,Serbest Şemsiye Fonu,-5.3907,-1.923,0.7086,5.7041,9.1356,94.4839,,,,,,True,True,False,False,False,Eurobond / döviz,,,,,False,False,
BUY,AK PORTFÖY BÜYÜYEN ŞİRKETLER HİSSE SENEDİ (TL) FONU (HİSSE SENEDİ YOĞUN FON),Hisse Senedi Şemsiye Fonu,-11.562,-11.2062,-12.618,5.3043,9.0888,-2.7626,272636296.48,15587.0,Ak Portföy Yönetimi A.Ş.,2.0,5.0,False,False,False,False,False,Hisse (aktif),0.0,0.0,84.78,-22.6495,True,False,2026-10-08
EZM,KUVEYT TÜRK PORTFÖY EZM KATILIM SERBEST (DÖVİZ) ÖZEL FON,Serbest Şemsiye Fonu,1.5165,4.45,8.5472,9.3842,9.0806,,4564712.17,1.0,Kuveyt Türk Portföy Yönetimi A.Ş.,0.0,,False,True,False,True,False,Eurobond / döviz,0.0,0.0,0.0,-1.1048,True,False,2026-10-08
KST,ALLBATROSS PORTFÖY KATILIM HİSSE SENEDİ (TL) FONU (HİSSE SENEDİ YOĞUN FON),Hisse Senedi Şemsiye Fonu,-12.8596,-9.8786,-6.8225,11.3909,8.9851,,5838744.3,371.0,Allbatross Portföy Yönetimi A.Ş.,2.0,6.0,False,False,False,False,False,Hisse (aktif),0.0,0.0,92.71,-18.129,True,False,2026-10-09
DP5,DENİZ PORTFÖY MER SERBEST (DÖVİZ) ÖZEL FON,Serbest Şemsiye Fonu,-8.5966,-7.5648,-0.3223,-1.4416,8.9574,215.4577,1644654146.44,1.0,Deniz Portföy Yönetimi A.Ş.,0.0,,False,True,False,True,False,Eurobond / döviz,0.0,0.0,0.0,-16.6354,False,False,2026-10-08
IPB,İSTANBUL PORTFÖY BİRİNCİ DEĞİŞKEN FON,Değişken Şemsiye Fonu,-16.4014,-14.1869,-12.1235,8.3273,8.8055,105.2207,622126787.07,12716.0,İstanbul Portföy Yönetimi A.Ş.,2.0,6.0,False,False,False,False,False,Hisse (aktif),0.0,14.21,53.53,-21.1519,False,False,2026-10-08
IDH,İŞ PORTFÖY BIST 100 DIŞI ŞİRKETLER HİSSE SENEDİ (TL) FONU (HİSSE SENEDİ YOĞUN FON),Hisse Senedi Şemsiye Fonu,-14.5604,-11.4727,-9.2759,2.5724,8.7877,58.8668,691386808.26,18274.0,İş Portföy Yönetimi A.Ş.,2.0,6.0,False,False,False,False,False,Hisse (aktif),0.0,0.0,95.34,-17.7771,False,False,2026-10-08
YLY,YAPI KREDİ PORTFÖY KAR PAYI ÖDEYEN HİSSE SENEDİ (TL) FON (HİSSE SENEDİ YOĞUN FON),Hisse Senedi Şemsiye Fonu,-5.0513,1.6564,-5.2082,8.5536,8.7624,27.3785,33081665.92,910.0,Yapı Kredi Portföy Yönetimi A.Ş.,2.0,6.0,False,False,False,False,False,Hisse (aktif),0.0,0.0,82.49,-14.8831,True,False,2026-10-09
OLD,QNB PORTFÖY TEMİZ ENERJİ VE SU FON SEPETİ FONU,Fon Sepeti Şemsiye Fonu,-6.3026,-5.9964,0.9646,7.5751,8.754,72.203,116244901.44,4835.0,QNB Portföy Yönetimi A.Ş.,3.0,6.0,False,False,False,False,False,Hisse (aktif),0.0,0.0,83.71,-12.1958,True,False,2026-10-09
SSS,YAPI KREDİ PORTFÖY SAVUNMA SANAYİİ ŞİRKETLERİ ENDEKSİ HİSSE SENEDİ FONU (HİSSE SENEDİ YOĞUN FON),Hisse Senedi Şemsiye Fonu,-10.6832,-7.2239,-5.4021,10.7793,8.5929,,189755653.1,4703.0,Yapı Kredi Portföy Yönetimi A.Ş.,2.0,6.0,False,False,False,False,False,BIST endeks hisse,0.0,0.0,97.83,-16.9372,True,False,2026-10-08
GCC,GARANTİ PORTFÖY YİRMİSEKİZİNCİ SERBEST ÖZEL FON,Serbest Şemsiye Fonu,-11.6922,-9.2965,4.7431,4.9994,8.5605,269.1652,1177264387.62,2.0,Garanti Portföy Yönetimi A.Ş.,0.0,7.0,False,True,False,True,False,Hisse (aktif),0.0,0.0,84.45,-22.2275,False,False,2026-10-08
POB,PARDUS PORTFÖY ONBİRİNCİ HİSSE SENEDİ SERBEST (TL) FON (HİSSE SENEDİ YOĞUN FON),Serbest Şemsiye Fonu,-44.7983,-57.0591,-51.4995,-17.9812,8.5471,,,,,,,True,True,False,False,False,Hisse (aktif),,,,,False,False,
HSP,HSBC PORTFÖY KAR PAYI ÖDEYEN OCAK 2030 SERBEST (DÖVİZ) FON,Serbest Şemsiye Fonu,-0.1741,0.17,3.2205,7.9183,8.524,,103356348.46,64.0,HSBC Portföy Yönetimi A.Ş.,0.0,,False,True,False,False,False,Eurobond / döviz,0.0,92.98,0.0,-3.5115,True,False,2026-10-08
KVT,AK PORTFÖY ENERJİ ŞİRKETLERİ HİSSE SENEDİ (TL) FONU (HİSSE SENEDİ YOĞUN FON),Hisse Senedi Şemsiye Fonu,-12.0846,-12.1158,-6.9142,7.3406,8.5057,,78455426.28,2644.0,Ak Portföy Yönetimi A.Ş.,2.0,6.0,False,False,False,False,False,Hisse (aktif),0.0,0.0,89.67,-20.7572,True,False,2026-10-08
FNT,HEDEF PORTFÖY MODEL HİSSE SENEDİ SERBEST (TL) FON (HİSSE SENEDİ YOĞUN FON),Serbest Şemsiye Fonu,-13.9931,-10.2341,-6.1772,12.7209,8.293,,,,,,,True,True,False,False,False,Hisse (aktif),,,,,False,False,
GID,GARANTİ PORTFÖY İNŞAAT SEKTÖRÜ HİSSE SENEDİ FONU (HİSSE SENEDİ YOĞUN FON),Hisse Senedi Şemsiye Fonu,-11.8066,-10.4793,-6.3847,2.013,8.1925,,29329141.45,1736.0,Garanti Portföy Yönetimi A.Ş.,2.0,5.0,False,False,False,False,False,Hisse (aktif),0.0,0.0,91.95,-17.8567,True,False,2026-10-08
ISS,İŞ PORTFÖY DEĞER SERBEST ÖZEL FON,Serbest Şemsiye Fonu,-7.1652,-0.2798,-2.4752,10.6775,8.0634,169.2616,199038078.83,7.0,İş Portföy Yönetimi A.Ş.,0.0,,False,True,False,True,False,,0.0,0.0,25.79,-19.676,True,False,2026-10-08
GRT,GARANTİ PORTFÖY TEKNOLOJİ ŞİRKETLERİ HİSSE SENEDİ (TL) FONU (HİSSE SENEDİ YOĞUN FON),Hisse Senedi Şemsiye Fonu,-20.179,-20.8682,-10.8429,10.567,7.9081,,121616671.16,1679.0,Garanti Portföy Yönetimi A.Ş.,2.0,6.0,False,False,False,False,False,Hisse (aktif),0.0,0.0,90.81,-34.2152,True,False,2026-10-09
IHA,ALLBATROSS PORTFÖY İKİNCİ HİSSE SENEDİ (TL) FONU (HİSSE SENEDİ YOĞUN FON),Hisse Senedi Şemsiye Fonu,-15.4081,-15.3157,-13.3601,3.1442,7.8317,55.0729,2238005.37,253.0,Allbatross Portföy Yönetimi A.Ş.,2.0,6.0,False,False,False,False,False,Hisse (aktif),0.0,0.0,89.75,-21.4491,True,False,2026-10-08
MRI,TEB PORTFÖY MERİDYEN SERBEST FON,Serbest Şemsiye Fonu,0.1675,4.0036,3.3579,7.297,7.8174,,13900275.39,94.0,Teb Portföy Yönetimi A.Ş.,3.0,6.0,False,True,False,False,False,,0.0,0.0,0.0,-9.6225,True,False,2026-10-09
ZJV,ZİRAAT PORTFÖY BIST 30 DIŞI YILDIZ PAZAR ŞİRKETLERİ HİSSE SENEDİ FONU (HİSSE SENEDİ YOĞUN FON),Hisse Senedi Şemsiye Fonu,-12.2207,-6.6367,-3.3687,3.9236,7.7552,47.1706,608228989.54,1269.0,Ziraat Portföy Yönetimi A.Ş.,2.0,6.0,False,False,False,False,False,Hisse (aktif),0.0,0.0,87.36,-16.6721,False,False,2026-10-09
SBI,STRATEJİ PORTFÖY BİRİNCİ SERBEST (TL) FON,Serbest Şemsiye Fonu,-5.511,-0.4586,-20.5096,-8.7824,7.6984,68.2188,32415626.58,15.0,Strateji Portföy Yönetimi A.Ş.,0.0,,False,True,False,False,False,Hisse (aktif),0.0,0.0,67.77,-24.2485,True,False,2026-10-09
PP1,PARDUS PORTFÖY BİRİNCİ KATILIM FONU,Katılım Şemsiye Fonu,-16.9141,-11.3524,-11.7288,9.299,7.5802,,,,,,,True,False,False,False,False,Kira sertifikası / katılım,,,,,False,False,
URA,ATA PORTFÖY ENERJİ DEĞİŞKEN FON,Değişken Şemsiye Fonu,-13.5238,-1.5554,-4.3185,13.2246,7.5541,,454338281.31,6960.0,Ata Portföy Yönetimi A.Ş.,3.0,6.0,False,False,False,False,False,Hisse (aktif),0.0,2.3,81.77,-20.0858,True,False,2026-10-09
IZY,İŞ PORTFÖY ONYEDİNCİ SERBEST (DÖVİZ) FON,Serbest Şemsiye Fonu,1.4672,5.181,11.2738,14.9988,7.5007,,51039884.72,27.0,İş Portföy Yönetimi A.Ş.,0.0,,False,True,False,False,False,Eurobond / döviz,0.0,0.0,0.0,-0.5046,True,False,2026-10-08
RTH,RE-PIE PORTFÖY BİRİNCİ HİSSE SENEDİ SERBEST FON (HİSSE SENEDİ YOĞUN FON),Serbest Şemsiye Fonu,-6.9776,-7.0451,-7.8917,11.8747,7.4571,69.2934,11728819.11,183.0,Re-pıe Portföy Yönetimi A.Ş.,2.0,7.0,False,True,False,False,False,Hisse (aktif),0.0,0.0,97.1,-16.2935,True,False,2026-10-09
NRC,NEO PORTFÖY BİRİNCİ DEĞİŞKEN FON,Değişken Şemsiye Fonu,-13.9367,-18.3041,-7.5499,3.6196,7.3991,39.5178,164806641.35,2987.0,Neo Portföy Yönetimi A.Ş.,2.0,7.0,False,False,False,False,False,Hisse (aktif),0.0,0.0,100.11,-24.7662,True,False,2026-10-09
TTA,İŞ PORTFÖY ALTIN FONU,Kıymetli Madenler Şemsiye Fonu,-3.8838,5.1502,-6.1721,-1.9766,7.3273,246.0464,24488283867.23,224199.0,İş Portföy Yönetimi A.Ş.,1.0,6.0,False,False,False,False,False,Altın / kıymetli maden,0.0,0.0,0.0,-25.1145,False,False,2026-10-08
DIM,DENİZ PORTFÖY İMRAL SERBEST (DÖVİZ) ÖZEL FON,Serbest Şemsiye Fonu,-7.4627,-3.6146,-1.8141,2.5035,7.2816,,108070138.61,1.0,Deniz Portföy Yönetimi A.Ş.,0.0,5.0,False,True,False,True,False,Eurobond / döviz,0.0,83.16,0.0,-7.1951,True,False,2026-10-08
MAC,MARMARA CAPITAL PORTFÖY HİSSE SENEDİ (TL) FONU (HİSSE SENEDİ YOĞUN FON),Hisse Senedi Şemsiye Fonu,-9.1563,-10.873,-6.5322,2.2515,7.1692,44.6924,3657009569.61,31742.0,Marmara Capital Portföy Yönetimi A.Ş.,2.0,6.0,False,False,False,False,False,Hisse (aktif),0.0,0.0,95.78,-20.3738,False,False,2026-10-09
NST,İŞ PORTFÖY EMLAK SEKTÖRÜ HİSSE SENEDİ FONU (HİSSE SENEDİ YOĞUN FON),Hisse Senedi Şemsiye Fonu,-10.666,-12.0398,-8.7343,4.6672,6.8426,,38812082.7,2584.0,İş Portföy Yönetimi A.Ş.,2.0,6.0,False,False,False,False,False,Hisse (aktif),0.0,0.0,90.41,-18.6699,True,False,2026-10-09
RYD,ROTA PORTFÖY YİRMİDÖRDÜNCÜ SERBEST FON,Serbest Şemsiye Fonu,-12.7436,-15.8181,-6.5193,4.4836,6.8422,,273873626.79,13.0,Rota Portföy Yönetimi A.Ş.,0.0,5.0,False,True,False,False,False,Hisse (aktif),0.0,0.0,57.16,-28.0976,True,False,2026-10-08
IJB,İŞ PORTFÖY DİJİTAL OYUN SEKTÖRÜ KARMA FON,Karma Şemsiye Fonu,-2.0987,8.0561,14.8756,11.7487,6.6836,174.5907,188210529.73,6419.0,İş Portföy Yönetimi A.Ş.,3.0,6.0,False,False,False,False,False,Hisse (aktif),0.0,21.99,76.2,-12.0247,True,False,2026-10-08
HVZ,ALLBATROSS PORTFÖY BİRİNCİ HİSSE SENEDİ (TL) FONU (HİSSE SENEDİ YOĞUN FON),Hisse Senedi Şemsiye Fonu,-9.5242,-8.1502,-6.1957,1.9449,6.6436,56.6001,62950596.02,1546.0,Allbatross Portföy Yönetimi A.Ş.,2.0,6.0,False,False,False,False,False,Hisse (aktif),0.0,0.0,87.23,-17.4706,True,False,2026-10-09
PKD,PUSULA PORTFÖY İKİNCİ KATILIM HİSSE SENEDİ SERBEST FON (HİSSE SENEDİ YOĞUN FON),Serbest Şemsiye Fonu,-9.6387,-4.1972,-0.4608,2.3054,6.6401,,,,,,,True,True,False,False,False,Hisse (aktif),,,,,False,False,
CBN,QNB PORTFÖY CBN SERBEST (DÖVİZ) ÖZEL FON,Serbest Şemsiye Fonu,-1.0956,-8.0372,-1.6785,-1.2534,6.5022,,599362163.41,6.0,QNB Portföy Yönetimi A.Ş.,0.0,,False,True,False,True,False,Eurobond / döviz,0.0,74.49,0.0,-9.5236,False,False,2026-10-09
IAI,İŞ PORTFÖY TOROS HİSSE SENEDİ SERBEST ÖZEL FON (HİSSE SENEDİ YOĞUN FON),Serbest Şemsiye Fonu,-7.6433,-4.1439,-8.6566,1.2118,6.1927,82.7256,46759018.73,1.0,İş Portföy Yönetimi A.Ş.,0.0,,False,True,False,True,False,Hisse (aktif),0.0,0.0,97.94,-17.7817,True,False,2026-10-09
PAC,AZİMUT PORTFÖY AC HİSSE SENEDİ SERBEST ÖZEL FON (HİSSE SENEDİ YOĞUN FON),Serbest Şemsiye Fonu,-0.8513,-1.3971,-6.589,10.6366,6.1167,-25.3841,789051457.23,1.0,Azimut Portföy Yönetimi A.Ş.,0.0,6.0,False,True,False,True,False,Hisse (aktif),0.0,6.14,80.59,-26.7417,False,False,2026-10-09
DPN,DENİZ PORTFÖY NEVA SERBEST (DÖVİZ) ÖZEL FON,Serbest Şemsiye Fonu,0.7837,2.7429,5.3343,5.6142,6.0846,52.1569,2317414.23,1.0,Deniz Portföy Yönetimi A.Ş.,0.0,,False,True,False,True,False,Eurobond / döviz,0.0,0.0,0.0,-0.57,True,False,2026-10-08
BSH,ATLAS PORTFÖY BANKACILIK SEKTÖRÜ HİSSE SENEDİ SERBEST FON (HİSSE SENEDİ YOĞUN FON),Serbest Şemsiye Fonu,-7.6553,-4.6169,-9.6499,-5.9417,6.0389,,,,,,,True,True,False,False,False,Hisse (aktif),,,,,False,False,
GOH,GARANTİ PORTFÖY BIST 100 DIŞI ŞİRKETLER HİSSE SENEDİ (TL) FONU (HİSSE SENEDİ YOĞUN FON),Hisse Senedi Şemsiye Fonu,-13.732,-12.9799,-9.6213,4.3887,5.957,46.8878,466663658.39,8008.0,Garanti Portföy Yönetimi A.Ş.,2.0,6.0,False,False,False,False,False,Hisse (aktif),0.0,0.0,90.74,-18.9678,True,False,2026-10-08
IAR,İSTANBUL PORTFÖY DÖRDÜNCÜ SERBEST FON,Serbest Şemsiye Fonu,-7.1862,-8.1396,3.82,-0.5397,5.9538,72.5764,125655871.92,12.0,İstanbul Portföy Yönetimi A.Ş.,2.0,6.0,False,True,False,False,False,Hisse (aktif),0.0,0.0,76.24,-17.192,True,False,2026-10-09
BDC,AURA PORTFÖY BODRUM SERBEST FON,Serbest Şemsiye Fonu,-1.8176,6.1037,5.9499,-4.9851,5.64,200.6838,263914371.9,24.0,Aura Portföy Yönetimi A.Ş.,3.0,5.0,False,True,False,False,False,,0.0,0.0,17.52,-20.5051,True,False,2026-10-09
HKH,HEDEF PORTFÖY KATILIM HİSSE SENEDİ (TL) FONU (HİSSE SENEDİ YOĞUN FON),Hisse Senedi Şemsiye Fonu,-7.2213,-2.2727,-0.2493,3.4276,5.4422,63.2042,,,,,,True,False,False,False,False,Hisse (aktif),,,,,False,False,
TPV,AURA PORTFÖY İKİNCİ DEĞİŞKEN FON,Değişken Şemsiye Fonu,-0.6219,0.5994,4.9743,2.9584,5.4215,90.2902,8070618.25,29.0,Aura Portföy Yönetimi A.Ş.,2.0,4.0,False,False,False,False,False,Karma / değişken,0.0,0.0,21.44,-6.9335,True,False,2026-10-09
BTZ,ATLAS PORTFÖY BIST 30 DIŞI ŞİRKETLER HİSSE SENEDİ FONU (HİSSE SENEDİ YOĞUN FON),Hisse Senedi Şemsiye Fonu,-9.7272,-7.7867,-7.9534,0.2137,5.3023,,,,,,,True,False,False,False,False,Hisse (aktif),,,,,False,False,
TKH,AZIMUT PORTFÖY TKS SERBEST (TL) ÖZEL FON,Serbest Şemsiye Fonu,-14.2624,-8.268,-8.2537,9.6572,5.2987,36.7489,388271324.35,1.0,Azimut Portföy Yönetimi A.Ş.,0.0,6.0,False,True,False,True,False,Hisse (aktif),0.0,0.0,94.37,-24.2168,True,False,2026-10-08
MAD,MEKSA PORTFÖY BİRİNCİ DEĞİŞKEN FON,Değişken Şemsiye Fonu,-6.2096,-4.8107,-2.701,1.8116,4.6952,96.7807,22909591.9,316.0,Meksa Portföy Yönetimi A.Ş.,2.0,6.0,False,False,False,False,False,Hisse (aktif),0.0,2.27,73.56,-15.011,True,False,2026-10-09
NCU,NEO PORTFÖY ÜÇÜNCÜ SERBEST (DÖVİZ) FON,Serbest Şemsiye Fonu,-8.0052,-3.8998,-6.1367,1.3296,4.3854,,118932936.67,12.0,Neo Portföy Yönetimi A.Ş.,0.0,6.0,False,True,False,False,False,Eurobond / döviz,0.0,48.09,0.0,-9.1974,True,False,2026-10-09
TGR,AK PORTFÖY TURİZM VE SEYAHAT SEKTÖRÜ DEĞİŞKEN FON,Değişken Şemsiye Fonu,-4.7248,-3.6714,-0.5559,2.2246,4.3151,94.2509,97909605.42,5253.0,Ak Portföy Yönetimi A.Ş.,3.0,6.0,False,False,False,False,False,Hisse (aktif),0.0,0.0,98.56,-16.3698,True,False,2026-10-09
DLG,DENİZ PORTFÖY ESG SÜRDÜRÜLEBİLİRLİK SERBEST FON,Serbest Şemsiye Fonu,-2.1838,2.0817,12.8046,1.1594,4.0076,29.4622,4579317.03,37.0,Deniz Portföy Yönetimi A.Ş.,0.0,,False,True,False,False,False,Hisse (aktif),0.0,0.0,66.49,-17.4658,True,False,2026-10-09
MKA,MARMARA CAPİTAL PORTFÖY KATILIM HİSSE SENEDİ (TL) FONU (HİSSE SENEDİ YOĞUN FON),Hisse Senedi Şemsiye Fonu,-11.469,-16.4763,-12.1268,0.7867,3.9418,,67434994.86,1489.0,Marmara Capital Portföy Yönetimi A.Ş.,2.0,6.0,False,False,False,False,False,Hisse (aktif),0.0,0.0,87.47,-24.781,True,False,2026-10-09
ZSF,ZİRAAT PORTFÖY S&P/OIC COMCEC (İSEDAK) 50 SHARİAH ŞİRKETLERİ YABANCI HİSSE SENEDİ FONU,Hisse Senedi Şemsiye Fonu,-2.4531,1.8354,0.8349,5.2365,3.7153,90.7323,39533457.01,1537.0,Ziraat Portföy Yönetimi A.Ş.,4.0,6.0,False,False,False,False,False,Hisse (aktif),0.0,0.0,99.16,-13.0102,True,False,2026-10-09
GMR,INVEO PORTFÖY BIST 30 DIŞI ŞİRKETLER HİSSE SENEDİ FONU (HİSSE SENEDİ YOĞUN FON),Hisse Senedi Şemsiye Fonu,-12.4961,-14.7755,-11.5957,-4.1298,3.6364,26.1292,132694422.92,3843.0,Inveo Portföy Yönetimi A.Ş.,2.0,6.0,False,False,False,False,False,Hisse (aktif),0.0,0.0,93.4,-22.8854,True,False,2026-10-09
FTM,FİBA PORTFÖY KAR PAYI ÖDEYEN SERBEST (DÖVİZ) FON,Serbest Şemsiye Fonu,,-10.7718,-5.0037,-0.669,3.6358,,195467026.06,1.0,Fiba Portföy Yönetimi A.Ş.,0.0,5.0,False,True,False,False,False,Eurobond / döviz,0.0,75.02,0.0,-0.27,True,False,2026-10-09
TCA,ZİRAAT PORTFÖY ALTIN KATILIM FONU,Katılım Şemsiye Fonu,-4.4185,4.8741,-9.2313,-6.4345,3.5549,250.0888,12433952193.47,43370.0,Ziraat Portföy Yönetimi A.Ş.,1.0,6.0,False,False,False,False,False,Altın / kıymetli maden,0.0,0.0,0.0,-25.9033,False,False,2026-10-09
ZPJ,ZİRAAT PORTFÖY KATILIM HİSSE SENEDİ SERBEST (TL) FON (HİSSE SENEDİ YOĞUN FON),Serbest Şemsiye Fonu,-14.6074,-3.8197,-6.3481,-1.6636,3.4379,441.3821,89341161.87,279.0,Ziraat Portföy Yönetimi A.Ş.,0.0,7.0,False,True,False,False,False,Hisse (aktif),0.0,0.0,89.87,-23.7331,True,False,2026-10-09
NPH,NUROL PORTFÖY BİRİNCİ HİSSE SENEDİ FONU (HİSSE SENEDİ YOĞUN FON),Hisse Senedi Şemsiye Fonu,-8.421,-5.9953,-11.413,-5.0045,3.4109,,133949284.82,555.0,Nurol Portföy Yönetimi A.Ş.,2.0,6.0,False,False,False,False,False,Hisse (aktif),0.0,0.0,84.75,-25.2843,True,False,2026-10-09
ZCD,ZİRAAT PORTFÖY ALTINCI SERBEST (TL) FON,Serbest Şemsiye Fonu,-20.2606,-8.1714,-5.9062,-3.6207,3.3967,169.8457,1097086648.17,385.0,Ziraat Portföy Yönetimi A.Ş.,2.0,6.0,False,True,False,False,False,Altın / kıymetli maden,0.0,0.0,9.6,-20.6582,False,False,2026-10-09
AOJ,ALLBATROSS PORTFÖY İNŞAAT SEKTÖRÜ HİSSE SENEDİ SERBEST (TL) FON (HİSSE SENEDİ YOĞUN FON),Serbest Şemsiye Fonu,-9.6271,-7.3883,-1.3287,8.8187,3.3882,18.2481,14647901.24,171.0,Allbatross Portföy Yönetimi A.Ş.,2.0,7.0,False,True,False,False,False,Hisse (aktif),0.0,0.0,94.7,-15.2838,True,False,2026-10-08
TLH,AURA PORTFÖY HİSSE SENEDİ FONU (HİSSE SENEDİ YOĞUN FON),Hisse Senedi Şemsiye Fonu,-13.2606,-16.7425,-20.5731,-2.3923,3.33,33.7542,105063264.27,228.0,Aura Portföy Yönetimi A.Ş.,2.0,7.0,False,False,False,False,False,Hisse (aktif),0.0,0.0,85.4,-27.1576,True,False,2026-10-08
AS1,ALLBATROSS PORTFÖY BİRİNCİ SERBEST (DÖVİZ) FON,Serbest Şemsiye Fonu,-2.7686,-0.1373,0.8647,0.2289,2.4965,,5783605.24,30.0,Allbatross Portföy Yönetimi A.Ş.,3.0,5.0,False,True,False,False,False,Eurobond / döviz,0.0,0.0,1.13,-3.3146,True,False,2026-10-08
DHJ,DENİZ PORTFÖY TEKNOLOJİ ŞİRKETLERİ HİSSE SENEDİ FONU (HİSSE SENEDİ YOĞUN FON),Hisse Senedi Şemsiye Fonu,-18.7579,-19.2582,-11.9194,2.8786,2.4706,38.1865,170436584.17,2714.0,Deniz Portföy Yönetimi A.Ş.,2.0,7.0,False,False,False,False,False,Hisse (aktif),0.0,0.0,88.85,-33.4674,True,False,2026-10-09
MTI,AZİMUT PORTFÖY METİS SERBEST ÖZEL FON,Serbest Şemsiye Fonu,-1.4916,3.7923,6.4595,-2.841,2.3642,,4636908.31,2.0,Azimut Portföy Yönetimi A.Ş.,0.0,2.0,False,True,False,True,False,Hisse (aktif),0.0,0.0,61.57,-9.0575,True,False,2026-10-09
KHB,KARE PORTFÖY BIST 100 DIŞI ŞİRKETLER HİSSE SENEDİ FONU (HİSSE SENEDİ YOĞUN FON),Hisse Senedi Şemsiye Fonu,-20.4837,-21.276,-13.4977,3.7971,2.1485,,8723393.19,172.0,Kare Portföy Yönetimi A.Ş.,2.0,7.0,False,False,False,False,False,Hisse (aktif),0.0,0.0,100.0,-26.5047,True,False,2026-10-09
NFK,HEDEF PORTFÖY NEHİR HİSSE SENEDİ SERBEST (TL) FON (HİSSE SENEDİ YOĞUN FON),Serbest Şemsiye Fonu,-12.1084,-13.2796,-2.5092,-0.0453,2.0203,63.7,,,,,,True,True,False,False,False,Hisse (aktif),,,,,False,False,
RKH,RE-PIE PORTFÖY KATILIM HİSSE SENEDİ SERBEST (TL) FON (HİSSE SENEDİ YOĞUN FON),Serbest Şemsiye Fonu,-16.9138,-14.026,-8.4653,5.5624,1.9497,,2278151.0,55.0,Re-pıe Portföy Yönetimi A.Ş.,2.0,6.0,False,True,False,False,False,Hisse (aktif),0.0,0.0,91.81,-22.5521,True,False,2026-10-08
MUL,MT PORTFÖY BİRİNCİ SERBEST FON,Serbest Şemsiye Fonu,-53.02,-48.217,-21.3758,-6.7359,1.8959,,133814990.94,11.0,Mt Portföy Yönetimi A.Ş.,0.0,7.0,False,True,False,False,False,Hisse (aktif),0.0,0.0,99.95,-58.033,True,False,2026-10-08
EC2,GLOBAL MD PORTFÖY BİRİNCİ HİSSE SENEDİ FONU(HİSSE SENEDİ YOĞUN FON),Hisse Senedi Şemsiye Fonu,-9.606,-4.226,-5.9552,-3.23,1.6516,57.6807,45506501.57,1517.0,Global MD Portföy Yönetimi A.Ş.,2.0,7.0,False,False,False,False,False,Hisse (aktif),0.0,0.0,85.89,-17.3847,True,False,2026-10-08
GIH,ALLBATROSS PORTFÖY GIDA VE İÇECEK SEKTÖRÜ HİSSE SENEDİ FONU (HİSSE SENEDİ YOĞUN FON),Hisse Senedi Şemsiye Fonu,-23.5401,-26.3148,-25.1378,-3.214,1.6104,-8.7721,4759531.73,488.0,Allbatross Portföy Yönetimi A.Ş.,2.0,6.0,False,False,False,False,False,Hisse (aktif),0.0,0.0,85.58,-36.2452,True,False,2026-10-08
RCS,ROTA PORTFÖY CS SERBEST ÖZEL FON,Serbest Şemsiye Fonu,-5.9361,12.3934,-6.293,6.4872,1.3883,37.9634,2336198.26,1.0,Rota Portföy Yönetimi A.Ş.,0.0,6.0,False,True,False,True,False,Hisse (aktif),0.0,0.0,96.59,-28.0981,True,False,2026-10-08
NNF,HEDEF PORTFÖY BİRİNCİ HİSSE SENEDİ (TL) FONU (HİSSE SENEDİ YOĞUN FON),Hisse Senedi Şemsiye Fonu,-10.7566,-13.7727,-7.6861,-1.672,1.3226,54.144,,,,,,True,False,False,False,False,Hisse (aktif),,,,,False,False,
FAK,FONMAP PORTFÖY ALTIN KATILIM FONU,Katılım Şemsiye Fonu,-4.2707,2.3853,-11.684,-17.4183,1.1993,,12815075.35,280.0,Fonmap Portföy Yönetimi A.Ş.,1.0,6.0,False,False,False,False,False,Hisse (aktif),0.0,0.0,100.0,-31.7517,True,False,2026-10-08
NVC,NEO PORTFÖY VENTO SERBEST FON,Serbest Şemsiye Fonu,-8.9382,-3.7284,-16.9708,-10.6301,0.8355,112.7689,128323222.33,64.0,Neo Portföy Yönetimi A.Ş.,3.0,6.0,False,True,False,False,False,,0.0,0.0,27.53,-28.1267,True,False,2026-10-09
TI3,İŞ PORTFÖY İŞ BANKASI İŞTİRAKLERİ ENDEKSİ HİSSE SENEDİ (TL) FONU (HİSSE SENEDİ YOĞUN FON),Hisse Senedi Şemsiye Fonu,-14.0153,-12.4172,-15.7207,-4.4027,0.794,16.0236,1696256157.68,20068.0,İş Portföy Yönetimi A.Ş.,2.0,7.0,False,False,False,False,False,BIST endeks hisse,0.0,0.0,97.16,-25.26,False,False,2026-10-08
KHU,KUVEYT TÜRK PORTFÖY BİRİNCİ KATILIM SERBEST (DÖVİZ-AVRO) ÖZEL FON,Serbest Şemsiye Fonu,-2.5954,1.7649,2.0161,0.8936,0.7474,28.9959,3449677.95,1.0,Kuveyt Türk Portföy Yönetimi A.Ş.,0.0,6.0,False,True,False,True,False,Eurobond / döviz,0.0,0.0,0.0,-5.4954,True,False,2026-10-09
OTM,AZİMUT PORTFÖY OTOMOTİV SEKTÖRÜ DEĞİŞKEN FON,Değişken Şemsiye Fonu,-1.394,-0.8267,-0.4379,2.3375,0.0022,,14228319.14,70.0,Azimut Portföy Yönetimi A.Ş.,3.0,6.0,False,False,False,False,False,Hisse (aktif),0.0,0.0,71.32,-12.8524,True,False,2026-10-08
YRB,AK PORTFÖY 2025 SERBEST (DÖVİZ) FON,Serbest Şemsiye Fonu,,,,,0.0,,14397215898.03,2472.0,Ak Portföy Yönetimi A.Ş.,0.0,,False,True,False,False,False,Eurobond / döviz,0.0,0.0,0.0,-100.0,False,False,2026-10-08
AIM,AK PORTFÖY MİMKA HİSSE SENEDİ SERBEST ÖZEL FON (HİSSE SENEDİ YOĞUN FON),Serbest Şemsiye Fonu,0.0,0.0,0.0,0.0,0.0,0.0,55741562.68,1.0,Ak Portföy Yönetimi A.Ş.,0.0,7.0,False,True,False,True,False,Hisse (aktif),0.0,0.0,0.0,-27.5732,True,False,2026-10-08
PAP,AK PORTFÖY MİSTRAL SERBEST(DÖVİZ) ÖZEL FON,Serbest Şemsiye Fonu,,,0.0,0.0,0.0,0.0,188615720.11,1.0,Ak Portföy Yönetimi A.Ş.,0.0,6.0,False,True,False,True,False,Eurobond / döviz,0.0,-0.01,0.0,-100.0,True,False,2026-10-08
APP,AK PORTFÖY P1 SERBEST ÖZEL FON,Serbest Şemsiye Fonu,0.0,0.0,0.0,0.0,0.0,0.0,49478126.69,1.0,Ak Portföy Yönetimi A.Ş.,0.0,6.0,False,True,False,True,False,,0.0,0.0,0.0,-14.3803,True,False,2026-10-08
AIH,AK PORTFÖY RTH HİSSE SENEDİ SERBEST ÖZEL FON (HİSSE SENEDİ YOĞUN FON),Serbest Şemsiye Fonu,0.0,0.0,0.0,0.0,0.0,0.0,139391518.56,4.0,Ak Portföy Yönetimi A.Ş.,0.0,7.0,False,True,False,True,False,Hisse (aktif),0.0,0.0,100.0,-26.081,True,False,2026-10-08
CVC,AK PORTFÖY ÖPY KAR PAYI ÖDEYEN SERBEST ÖZEL FON,Serbest Şemsiye Fonu,0.0,0.0,0.0,0.0,0.0,,7359611.17,1.0,Ak Portföy Yönetimi A.Ş.,0.0,3.0,False,True,False,True,False,,0.0,0.0,0.0,-1.2478,True,False,2026-10-08
TMH,ALLBATROSS PORTFÖY ATMACA HİSSE SENEDİ SERBEST FON (HİSSE SENEDİ YOĞUN FON),Serbest Şemsiye Fonu,,,,,0.0,,16610106.57,12.0,Allbatross Portföy Yönetimi A.Ş.,0.0,7.0,False,True,False,False,False,Hisse (aktif),0.0,0.0,99.8,-100.0,True,False,2026-10-08
DFI,ATLAS PORTFÖY SERBEST FON,Serbest Şemsiye Fonu,0.0,0.0,0.0,0.0,0.0,0.0,,,,,,True,True,False,False,False,,,,,,False,False,
FNE,AZİMUT PORTFÖY FİNE AGRO SERBEST (TL) ÖZEL FON,Serbest Şemsiye Fonu,,,0.0,0.0,0.0,0.0,0.05,1.0,Azimut Portföy Yönetimi A.Ş.,0.0,2.0,False,True,False,True,False,,0.0,0.0,0.0,-30.9915,True,False,2026-10-08
GSL,AZİMUT PORTFÖY GIPTA SERBEST ÖZEL FON,Serbest Şemsiye Fonu,0.0,0.0,0.0,0.0,0.0,,11769560.64,1.0,Azimut Portföy Yönetimi A.Ş.,0.0,3.0,False,True,False,True,False,,0.0,0.0,0.0,-5.5163,True,False,2026-10-08
DRS,DENİZ PORTFÖY GÜL SERBEST (DÖVİZ) ÖZEL FON,Serbest Şemsiye Fonu,,,0.0,0.0,0.0,0.0,232404096.31,3.0,Deniz Portföy Yönetimi A.Ş.,0.0,,False,True,False,True,False,Eurobond / döviz,0.0,0.0,0.0,-4.158,True,False,2026-10-08
DPP,DENİZ PORTFÖY HLC SERBEST (DÖVİZ) ÖZEL FON,Serbest Şemsiye Fonu,0.0,0.0,0.0,0.0,0.0,0.0,54363384.24,2.0,Deniz Portföy Yönetimi A.Ş.,0.0,,False,True,False,True,False,Eurobond / döviz,0.0,0.0,0.0,-11.9424,True,False,2026-10-08
DP6,DENİZ PORTFÖY KAR PAYI ÖDEYEN BEŞİNCİ SERBEST (DÖVİZ) FON,Serbest Şemsiye Fonu,0.0,0.0,0.0,0.0,0.0,0.0,1945531864.21,212.0,Deniz Portföy Yönetimi A.Ş.,0.0,6.0,False,True,False,False,False,Eurobond / döviz,0.0,0.0,0.0,-1.0522,False,False,2026-10-08
DZG,DENİZ PORTFÖY ZB SERBEST (DÖVİZ) ÖZEL FON,Serbest Şemsiye Fonu,,,,0.0,0.0,0.0,114142650.45,2.0,Deniz Portföy Yönetimi A.Ş.,0.0,,False,True,False,True,False,Eurobond / döviz,0.0,0.0,0.0,-100.0,True,False,2026-10-08
FHI,FONMAP PORTFÖY İKİNCİ HİSSE SENEDİ SERBEST FON (HİSSE SENEDİ YOĞUN FON),Serbest Şemsiye Fonu,0.0,0.0,0.0,0.0,0.0,,402.75,1.0,Fonmap Portföy Yönetimi A.Ş.,0.0,,False,True,False,False,False,Hisse (aktif),0.0,0.0,100.0,-42.0789,True,False,2026-10-08
GKO,GARANTİ PORTFÖY KAR PAYI ÖDEYEN OCAK 2026 SERBEST (DÖVİZ) FON,Serbest Şemsiye Fonu,,,,0.0,0.0,,0.01,38.0,Garanti Portföy Yönetimi A.Ş.,0.0,4.0,False,True,False,False,False,Eurobond / döviz,0.0,0.0,0.0,-100.0,True,False,2026-10-08
GSU,GARANTİ PORTFÖY KAR PAYI ÖDEYEN ŞUBAT 2026 SERBEST (DÖVİZ) FON,Serbest Şemsiye Fonu,,,,0.0,0.0,,0.01,79.0,Garanti Portföy Yönetimi A.Ş.,0.0,4.0,False,True,False,False,False,Eurobond / döviz,0.0,0.0,0.0,-100.0,True,False,2026-10-08
GMV,GARANTİ PORTFÖY OCAK 2026 SERBEST (DÖVİZ-ABD DOLARI) FON,Serbest Şemsiye Fonu,,,,0.0,0.0,0.0,0.01,116.0,Garanti Portföy Yönetimi A.Ş.,0.0,4.0,False,True,False,False,False,Eurobond / döviz,0.0,0.0,0.0,-100.0,True,False,2026-10-08
HVA,HEDEF PORTFÖY ECE HİSSE SENEDİ SERBEST (TL) FON (HİSSE SENEDİ YOĞUN FON),Serbest Şemsiye Fonu,0.0,0.0,0.0,0.0,0.0,0.0,,,,,,True,True,False,False,False,Hisse (aktif),,,,,False,False,
HGJ,HEDEF PORTFÖY GÜNEY HİSSE SENEDİ SERBEST FON (HİSSE SENEDİ YOĞUN FON),Serbest Şemsiye Fonu,0.0,0.0,0.0,0.0,0.0,,,,,,,True,True,False,False,False,Hisse (aktif),,,,,False,False,
IHE,INVEO PORTFÖY BEYAZ HİSSE SENEDİ SERBEST (TL) ÖZEL FON (HİSSE SENEDİ YOĞUN FON),Serbest Şemsiye Fonu,,,,,0.0,0.0,676570.04,1.0,Inveo Portföy Yönetimi A.Ş.,0.0,7.0,False,True,False,True,False,Hisse (aktif),0.0,0.0,100.0,-100.0,True,False,2026-10-08
NES,INVEO PORTFÖY DÖRDÜNCÜ SERBEST ÖZEL FON,Serbest Şemsiye Fonu,0.0,0.0,0.0,0.0,0.0,,1495830426.14,2.0,Inveo Portföy Yönetimi A.Ş.,0.0,4.0,False,True,False,True,False,,0.0,0.0,0.0,-4.7226,False,False,2026-10-08
GEI,INVEO PORTFÖY EVEREST SERBEST FON,Serbest Şemsiye Fonu,0.0,0.0,0.0,0.0,0.0,0.0,0.01,10.0,Inveo Portföy Yönetimi A.Ş.,0.0,7.0,False,True,False,False,False,Hisse (aktif),0.0,0.0,100.0,,True,False,2026-10-08
BHH,PARDUS PORTFÖY BEŞİNCİ HİSSE SENEDİ SERBEST (TL) FON (HİSSE SENEDİ YOĞUN FON),Serbest Şemsiye Fonu,0.0,0.0,0.0,0.0,0.0,,,,,,,True,True,False,False,False,Hisse (aktif),,,,,False,False,
PBY,PARDUS PORTFÖY BIST 100 DIŞI ŞİRKETLER HİSSE SENEDİ SERBEST (TL) FON (HİSSE SENEDİ YOĞUN FON),Serbest Şemsiye Fonu,0.0,0.0,0.0,0.0,0.0,,,,,,,True,True,False,False,False,Hisse (aktif),,,,,False,False,
BDI,PARDUS PORTFÖY BIST 50 DIŞI ŞİRKETLER HİSSE SENEDİ SERBEST (TL) FON (HİSSE SENEDİ YOĞUN FON),Serbest Şemsiye Fonu,0.0,0.0,0.0,0.0,0.0,,,,,,,True,True,False,False,False,Hisse (aktif),,,,,False,False,
AC7,PARDUS PORTFÖY BİRİNCİ HİSSE SENEDİ SERBEST (TL) FON (HİSSE SENEDİ YOĞUN FON),Serbest Şemsiye Fonu,0.0,0.0,0.0,0.0,0.0,0.0,,,,,,True,True,False,False,False,Hisse (aktif),,,,,False,False,
PMH,PARDUS PORTFÖY MARMARA HİSSE SENEDİ SERBEST FON (HİSSE SENEDİ YOĞUN FON),Serbest Şemsiye Fonu,0.0,0.0,0.0,0.0,0.0,,,,,,,True,True,False,False,False,Hisse (aktif),,,,,False,False,
MGE,PARDUS PORTFÖY MUTLAK GETİRİ HEDEFLİ HİSSE SENEDİ SERBEST (TL) FON (HİSSE SENEDİ YOĞUN FON),Serbest Şemsiye Fonu,0.0,0.0,0.0,0.0,0.0,,,,,,,True,True,False,False,False,Hisse (aktif),,,,,False,False,
POF,PARDUS PORTFÖY ONALTINCI HİSSE SENEDİ SERBEST (TL) FON (HİSSE SENEDİ YOĞUN FON),Serbest Şemsiye Fonu,0.0,0.0,0.0,0.0,0.0,,,,,,,True,True,False,False,False,Altın / kıymetli maden,,,,,False,False,
PBF,PHİLLİP PORTFÖY BİRİNCİ SERBEST ÖZEL FON,Serbest Şemsiye Fonu,0.0,0.0,0.0,0.0,0.0,,1175332999.26,2.0,Phillip Portföy Yönetimi A.Ş.,0.0,,False,True,False,True,False,,0.0,0.0,0.0,-27.1822,False,False,2026-10-09
PBR,PUSULA PORTFÖY BİRİNCİ DEĞİŞKEN FON,Değişken Şemsiye Fonu,0.0,0.0,0.0,0.0,0.0,,,,,,,True,False,False,False,False,Karma / değişken,,,,,False,False,
PDC,PUSULA PORTFÖY DÖRDÜNCÜ HİSSE SENEDİ SERBEST (TL) FON (HİSSE SENEDİ YOĞUN FON),Serbest Şemsiye Fonu,0.0,0.0,0.0,0.0,0.0,,,,,,,True,True,False,False,False,Hisse (aktif),,,,,False,False,
PHE,PUSULA PORTFÖY HİSSE SENEDİ FONU (HİSSE SENEDİ YOĞUN FON),Hisse Senedi Şemsiye Fonu,0.0,0.0,0.0,0.0,0.0,,,,,,,True,False,False,False,False,Hisse (aktif),,,,,False,False,
PKZ,PUSULA PORTFÖY KUZEY HİSSE SENEDİ SERBEST (TL) FON (HİSSE SENEDİ YOĞUN FON),Serbest Şemsiye Fonu,0.0,0.0,0.0,0.0,0.0,,,,,,,True,True,False,False,False,Hisse (aktif),,,,,False,False,
PCS,PUSULA PORTFÖY ÜÇÜNCÜ HİSSE SENEDİ SERBEST FON (HİSSE SENEDİ YOĞUN FON),Serbest Şemsiye Fonu,0.0,0.0,0.0,0.0,0.0,,,,,,,True,True,False,False,False,Hisse (aktif),,,,,False,False,
PHN,PUSULA PORTFÖY İKİNCİ HİSSE SENEDİ SERBEST FON (HİSSE SENEDİ YOĞUN FON),Serbest Şemsiye Fonu,0.0,0.0,0.0,0.0,0.0,,,,,,,True,True,False,False,False,Hisse (aktif),,,,,False,False,
OVT,QNB PORTFÖY DCD SERBEST (DÖVİZ) ÖZEL FON,Serbest Şemsiye Fonu,,0.0,0.0,0.0,0.0,0.0,13921.43,1.0,QNB Portföy Yönetimi A.Ş.,0.0,,False,True,False,True,False,Eurobond / döviz,0.0,0.0,0.0,-8.0012,True,False,2026-10-08
FDE,QNB PORTFÖY KAR PAYI ÖDEYEN BEŞİNCİ SERBEST (DÖVİZ) FON,Serbest Şemsiye Fonu,0.0,0.0,0.0,0.0,0.0,,0.01,879.0,QNB Portföy Yönetimi A.Ş.,0.0,,False,True,False,False,False,Eurobond / döviz,0.0,0.0,0.0,-97.9615,True,False,2026-10-08
FDY,QNB PORTFÖY KAR PAYI ÖDEYEN DÖRDÜNCÜ SERBEST (DÖVİZ) FON,Serbest Şemsiye Fonu,,0.0,0.0,0.0,0.0,0.0,0.01,879.0,QNB Portföy Yönetimi A.Ş.,0.0,,False,True,False,False,False,Eurobond / döviz,0.0,0.0,0.0,-97.8058,True,False,2026-10-08
KO4,QNB PORTFÖY KAR PAYI ÖDEYEN ONDÖRDÜNCÜ SERBEST (DÖVİZ-AVRO) FON,Serbest Şemsiye Fonu,0.0,0.0,0.0,0.0,0.0,,0.01,852.0,QNB Portföy Yönetimi A.Ş.,0.0,,False,True,False,False,False,Eurobond / döviz,0.0,18.8,0.0,-98.232,True,False,2026-10-08
FNN,QNB PORTFÖY KAR PAYI ÖDEYEN ONUNCU SERBEST (DÖVİZ) FON,Serbest Şemsiye Fonu,,,,,0.0,,8573248070.67,1.0,QNB Portföy Yönetimi A.Ş.,0.0,,False,True,False,False,False,Eurobond / döviz,0.0,62.98,0.0,-100.0,False,False,2026-10-08
FKH,QNB PORTFÖY KAR PAYI ÖDEYEN İKİNCİ SERBEST (DÖVİZ) FON,Serbest Şemsiye Fonu,,0.0,0.0,0.0,0.0,0.0,0.01,2108.0,QNB Portföy Yönetimi A.Ş.,0.0,,False,True,False,False,False,Eurobond / döviz,0.0,100.0,0.0,-79.1423,True,False,2026-10-08
RE7,RE-PIE PORTFÖY YEDİNCİ HİSSE SENEDİ SERBEST (TL) FON (HİSSE SENEDİ YOĞUN FON),Serbest Şemsiye Fonu,0.0,0.0,0.0,0.0,0.0,,69757.21,13.0,Re-pıe Portföy Yönetimi A.Ş.,0.0,7.0,False,True,False,False,False,Hisse (aktif),0.0,0.0,100.0,-64.0931,True,False,2026-10-08
RPE,ROTA PORTFÖY EGE SERBEST ÖZEL FON,Serbest Şemsiye Fonu,,,,0.0,0.0,0.0,5.09,1.0,Rota Portföy Yönetimi A.Ş.,0.0,6.0,False,True,False,True,False,Hisse (aktif),0.0,0.0,90.4,-100.0,True,False,2026-10-08
RYB,ROTA PORTFÖY YİRMİBİRİNCİ SERBEST (DÖVİZ) FON,Serbest Şemsiye Fonu,0.0,0.0,0.0,0.0,0.0,,0.38,10.0,Rota Portföy Yönetimi A.Ş.,0.0,,False,True,False,False,False,Eurobond / döviz,0.0,0.0,0.0,-99.9325,True,False,2026-10-08
KPB,ROTA PORTFÖY ÖPY BİRİNCİ SERBEST ÖZEL FON,Serbest Şemsiye Fonu,0.0,0.0,0.0,0.0,0.0,0.0,5287230.77,1.0,Rota Portföy Yönetimi A.Ş.,0.0,6.0,False,True,False,True,False,,0.0,0.0,0.0,-18.2066,True,False,2026-10-09
TNA,TEB PORTFÖY ONBEŞİNCİ SERBEST ÖZEL FON,Serbest Şemsiye Fonu,,,0.0,0.0,0.0,,1.58,1.0,Teb Portföy Yönetimi A.Ş.,0.0,,False,True,False,True,False,Hisse (aktif),0.0,0.0,96.05,-14.8519,True,False,2026-10-08
TMV,TERA PORTFÖY ALGORİTMİK STRATEJİLER SERBEST FON,Serbest Şemsiye Fonu,0.0,0.0,0.0,0.0,0.0,0.0,,,,,,True,True,False,False,False,,,,,,False,False,
TLY,TERA PORTFÖY BİRİNCİ SERBEST FON,Serbest Şemsiye Fonu,0.0,0.0,0.0,0.0,0.0,0.0,,,,,,True,True,False,False,False,,,,,,False,False,
DOH,TERA PORTFÖY DÖRDÜNCÜ HİSSE SENEDİ SERBEST (TL) FON (HİSSE SENEDİ YOĞUN FON),Serbest Şemsiye Fonu,0.0,0.0,0.0,0.0,0.0,,,,,,,True,True,False,False,False,Hisse (aktif),,,,,False,False,
THF,TERA PORTFÖY HİSSE SENEDİ (TL) FONU (HİSSE SENEDİ YOĞUN FON),Hisse Senedi Şemsiye Fonu,0.0,0.0,0.0,0.0,0.0,,,,,,,True,False,False,False,False,Hisse (aktif),,,,,False,False,
MLK,TERA PORTFÖY MASLAK SERBEST ÖZEL FON,Serbest Şemsiye Fonu,,,,0.0,0.0,,,,,,,True,True,False,True,False,,,,,,False,False,
TP2,TERA PORTFÖY PARA PİYASASI (TL) FONU,Para Piyasası Şemsiye Fonu,0.0,0.0,0.0,0.0,0.0,,224391916391.0,167000.0,Tera Portföy Yönetimi A.Ş.,0.0,2.0,True,False,False,False,False,Para piyasası,9.78,9.16,0.0,0.0,False,False,2026-10-05
T3B,TERA PORTFÖY ÜÇÜNCÜ  HİSSE SENEDİ SERBEST (TL) FON (HİSSE SENEDİ YOĞUN),Serbest Şemsiye Fonu,0.0,0.0,0.0,0.0,0.0,0.0,,,,,,True,True,False,False,False,Hisse (aktif),,,,,False,False,
YTC,YAPI KREDİ PORTFÖY TEMMUZ 2026 SERBEST (DÖVİZ-POUND) FON,Serbest Şemsiye Fonu,,0.0,0.0,0.0,0.0,,324708489.82,119.0,Yapı Kredi Portföy Yönetimi A.Ş.,0.0,,False,True,False,False,False,Eurobond / döviz,0.0,0.0,0.0,-2.3058,True,False,2026-10-08
ZJR,ZİRAAT PORTFÖY TÜRK REASÜRANS HİSSE SENEDİ SERBEST ÖZEL FON (HİSSE SENEDİ YOĞUN FON),Serbest Şemsiye Fonu,,0.0,0.0,0.0,0.0,0.0,105574.4,1.0,Ziraat Portföy Yönetimi A.Ş.,0.0,6.0,False,True,False,True,False,Hisse (aktif),0.0,0.0,0.0,-51.2656,True,False,2026-10-08
ZFH,ZİRAAT PORTFÖY İVME KATILIM SERBEST ÖZEL FON,Serbest Şemsiye Fonu,,,,0.0,0.0,0.0,44034253.2,1.0,Ziraat Portföy Yönetimi A.Ş.,0.0,5.0,False,True,False,True,False,Kira sertifikası / katılım,0.0,0.0,0.0,-100.0,True,False,2026-10-08
IZV,İSTANBUL PORTFÖY ATLANTİK SERBEST (TL) ÖZEL FON,Serbest Şemsiye Fonu,0.0,0.0,0.0,0.0,0.0,0.0,116995552.62,2.0,İstanbul Portföy Yönetimi A.Ş.,0.0,5.0,False,True,False,True,False,,0.0,0.0,0.0,-0.2215,True,False,2026-10-08
IVA,İSTANBUL PORTFÖY BAYRAKTAR SERBEST ÖZEL FON,Serbest Şemsiye Fonu,,0.0,0.0,0.0,0.0,,132377449.88,3.0,İstanbul Portföy Yönetimi A.Ş.,0.0,4.0,False,True,False,True,False,,0.0,0.0,0.0,-2.0744,True,False,2026-10-08
LFD,İŞ PORTFÖY AZİM HİSSE SENEDİ SERBEST ÖZEL FON (HİSSE SENEDİ YOĞUN FON),Serbest Şemsiye Fonu,0.0,0.0,0.0,0.0,0.0,0.0,59.03,1.0,İş Portföy Yönetimi A.Ş.,0.0,,False,True,False,True,False,Hisse (aktif),0.0,0.0,100.0,,True,False,2026-10-08
IJS,İŞ PORTFÖY TÜRK REASÜRANS SERBEST ÖZEL FON,Serbest Şemsiye Fonu,,,,0.0,0.0,0.0,471709991.7,1.0,İş Portföy Yönetimi A.Ş.,0.0,,False,True,False,True,False,,0.0,0.0,0.0,-100.0,True,False,2026-10-08
YUY,YAPI KREDİ PORTFÖY ALLİANZ KAR PAYI ÖDEYEN SERBEST (TL) ÖZEL FON,Serbest Şemsiye Fonu,-0.2874,-0.1041,-0.0243,0.6987,-0.1011,-0.1977,999407923.97,2.0,Yapı Kredi Portföy Yönetimi A.Ş.,0.0,3.0,False,True,False,True,False,,0.0,0.0,0.0,-3.6651,False,False,2026-10-08
SMP,İŞ PORTFÖY SOMPO SİGORTA KAR PAYI ÖDEYEN SERBEST (TL) ÖZEL FON,Serbest Şemsiye Fonu,-4.2273,-0.0296,-0.2569,0.6219,-0.1212,2.2486,1407631327.38,1.0,İş Portföy Yönetimi A.Ş.,0.0,,False,True,False,True,False,,76.76,3.59,0.0,-9.188,False,False,2026-10-08
GLV,GLOBAL MD PORTFÖY NEHİR SERBEST FON,Serbest Şemsiye Fonu,-9.0442,-3.8602,-1.0341,-1.082,-0.2215,31.8065,81085253.82,28.0,Global MD Portföy Yönetimi A.Ş.,0.0,7.0,False,True,False,False,False,Hisse (aktif),0.0,0.0,86.16,-17.7388,True,False,2026-10-08
KLS,ALLBATROSS PORTFÖY KATILIM SERBEST (DÖVİZ) FON,Serbest Şemsiye Fonu,-2.7751,-1.4072,-1.5204,-3.371,-0.278,,209949.91,1.0,Allbatross Portföy Yönetimi A.Ş.,3.0,6.0,False,True,False,False,False,Eurobond / döviz,0.0,0.0,0.0,-3.4849,True,False,2026-10-09
PYH,AZİMUT PORTFÖY 10.0 KATILIM SERBEST FON,Serbest Şemsiye Fonu,-8.1075,-15.7558,-18.6304,-1.9654,-0.4098,88.9199,4263264207.88,11.0,Azimut Portföy Yönetimi A.Ş.,0.0,4.0,False,True,False,False,False,Hisse (aktif),0.0,1.25,52.62,-25.2315,False,False,2026-10-08
ST1,STRATEJİ PORTFÖY BİRİNCİ HİSSE SENEDİ FONU (HİSSE SENEDİ YOĞUN FON),Hisse Senedi Şemsiye Fonu,-11.0309,-8.6723,-10.896,2.6082,-0.5009,3.7059,541313043.68,1907.0,Strateji Portföy Yönetimi A.Ş.,2.0,7.0,False,False,False,False,False,Hisse (aktif),0.0,0.0,88.55,-21.225,False,False,2026-10-08
GP1,AZİMUT PORTFÖY AEB SERBEST (TL) ÖZEL FON,Serbest Şemsiye Fonu,-22.0934,-11.7847,-10.0602,2.0538,-0.5086,93.7162,144471323.17,1.0,Azimut Portföy Yönetimi A.Ş.,0.0,6.0,False,True,False,True,False,Hisse (aktif),0.0,0.0,96.35,-28.6161,True,False,2026-10-08
KHJ,ATLAS PORTFÖY KATILIM HİSSE SENEDİ FONU (HİSSE SENEDİ YOĞUN FON),Hisse Senedi Şemsiye Fonu,-20.1415,-17.231,-15.0392,5.0862,-0.6592,,,,,,,True,False,False,False,False,Hisse (aktif),,,,,False,False,
EES,ROTA PORTFÖY EE SERBEST (DÖVİZ) ÖZEL FON,Serbest Şemsiye Fonu,-2.13,-11.0619,-7.1798,-6.1565,-1.1679,82.3237,403708705.73,1.0,Rota Portföy Yönetimi A.Ş.,0.0,6.0,False,True,False,True,False,Eurobond / döviz,99.81,0.0,0.0,-11.503,True,False,2026-10-08
IHV,INVEO PORTFÖY BEŞİNCİ HİSSE SENEDİ SERBEST FON (HİSSE SENEDİ YOĞUN FON),Serbest Şemsiye Fonu,-9.7457,-10.6353,-5.1798,-0.5478,-1.332,,169114084.59,26.0,Inveo Portföy Yönetimi A.Ş.,2.0,7.0,False,True,False,False,False,Hisse (aktif),0.0,0.0,81.13,-20.0351,True,False,2026-10-08
HGH,HEDEF PORTFÖY GÜNEŞ HİSSE SENEDİ SERBEST (TL) FON (HİSSE SENEDİ YOĞUN FON),Serbest Şemsiye Fonu,-3.1794,-7.8714,1.9161,4.4638,-1.6991,-30.147,,,,,,True,True,False,False,False,Hisse (aktif),,,,,False,False,
IUC,INVEO PORTFÖY GEDİK YATIRIM SERBEST (TL) ÖZEL FON,Serbest Şemsiye Fonu,-11.4702,-21.0466,-7.6882,6.539,-1.968,-61.8912,832964243.69,1.0,Inveo Portföy Yönetimi A.Ş.,0.0,7.0,False,True,False,True,False,Hisse (aktif),0.0,0.0,63.75,-27.5878,False,False,2026-10-08
RYA,SPARTA PORTFÖY ARYA HİSSE SENEDİ SERBEST ÖZEL FON (HİSSE SENEDİ YOĞUN FON),Serbest Şemsiye Fonu,-14.336,-16.8163,-8.135,11.7083,-2.034,,310398558.83,1.0,Allbatross Portföy Yönetimi A.Ş.,0.0,7.0,False,True,False,True,False,Hisse (aktif),0.0,0.0,83.67,-35.2157,True,False,2026-10-09
FCK,ONE PORTFÖY ÇOKLU VARLIK KATILIM FONU,Katılım Şemsiye Fonu,-13.6284,-18.9171,-18.0172,0.191,-2.3322,,373108850.95,441.0,One Portföy Yönetimi A.Ş.,2.0,5.0,False,False,False,False,False,Kira sertifikası / katılım,0.0,6.84,37.35,-24.9405,True,False,2026-10-08
AC3,PARDUS PORTFÖY ÜÇÜNCÜ SERBEST (DÖVİZ) FON,Serbest Şemsiye Fonu,-10.2175,-11.5539,-10.7073,-5.8739,-2.4757,78.914,,,,,,True,True,False,False,False,Eurobond / döviz,,,,,False,False,
MJH,AKTİF PORTFÖY FORTUNA SERBEST FON,Serbest Şemsiye Fonu,3.4475,8.063,2.1237,-4.4229,-2.7086,37.7785,29533174.63,35.0,Aktif Portföy Yönetimi A.Ş.,0.0,6.0,False,True,False,False,False,Hisse (aktif),0.0,0.0,62.25,-18.234,True,False,2026-10-08
BAO,AZİMUT PORTFÖY BARKIN SERBEST (TL) ÖZEL FON,Serbest Şemsiye Fonu,-13.2572,-17.0489,-19.7346,-5.5455,-2.854,74.44,59146316.75,4.0,Azimut Portföy Yönetimi A.Ş.,0.0,5.0,False,True,False,True,False,Hisse (aktif),16.26,0.0,80.61,-29.3788,True,False,2026-10-09
MHF,MT PORTFÖY BIST HALKA ARZ ŞİRKETLERİ HİSSE SENEDİ FONU (HİSSE SENEDİ YOĞUN FON),Hisse Senedi Şemsiye Fonu,-42.4683,-43.7536,-28.8699,-14.4912,-2.9337,,30336723.11,1580.0,Mt Portföy Yönetimi A.Ş.,2.0,6.0,False,False,False,False,False,Hisse (aktif),0.0,0.0,91.64,-48.4692,True,False,2026-10-08
PPS,PHİLLİP PORTFÖY BİRİNCİ SERBEST FON,Serbest Şemsiye Fonu,-10.7936,10.503,-23.0506,-8.2789,-3.231,160.162,484914714.45,1525.0,Phillip Portföy Yönetimi A.Ş.,3.0,7.0,False,True,False,False,False,,0.0,0.0,40.93,-39.7641,True,False,2026-10-09
KHC,PARDUS PORTFÖY KATILIM HİSSE SENEDİ (TL) FONU (HİSSE SENEDİ YOĞUN FON),Hisse Senedi Şemsiye Fonu,-25.6716,-22.1746,-18.9919,0.3752,-3.5647,,,,,,,True,False,False,False,False,Hisse (aktif),,,,,False,False,
ZVO,ZİRAAT PORTFÖY ÜÇÜNCÜ SERBEST (TL) FON,Serbest Şemsiye Fonu,1.3803,15.9009,12.027,-6.3436,-3.9301,68.0516,869587958.0,294.0,Ziraat Portföy Yönetimi A.Ş.,2.0,7.0,False,True,False,False,False,Hisse (aktif),0.0,0.0,67.02,-25.2128,False,False,2026-10-09
SPR,BV PORTFÖY SPOR ENDÜSTRİSİ DEĞİŞKEN FON,Değişken Şemsiye Fonu,-3.8601,-6.3749,2.5449,-0.8881,-4.0151,,4385685.28,136.0,Bv Portföy Yönetimi A.Ş.,3.0,5.0,False,False,False,False,False,Hisse (aktif),0.0,0.0,89.66,-12.2412,True,False,2026-10-09
SAT,AZİMUT PORTFÖY RASAT HİSSE SENEDİ SERBEST ÖZEL FON (HİSSE SENEDİ YOĞUN FON),Serbest Şemsiye Fonu,-14.3321,-20.352,-28.7197,-7.3764,-4.4604,,1618307105.29,4.0,Azimut Portföy Yönetimi A.Ş.,0.0,6.0,False,True,False,True,False,Hisse (aktif),0.0,0.0,81.76,-33.4862,False,False,2026-10-08
OJH,ASTRA PORTFÖY BİRİNCİ HİSSE SENEDİ SERBEST FON (HİSSE SENEDİ YOĞUN FON),Serbest Şemsiye Fonu,-1.0146,3.1455,-0.6075,-7.4293,-5.253,171.8954,22489829.37,72.0,Astra Portföy Yönetimi A.Ş.,0.0,7.0,False,True,False,False,False,Hisse (aktif),0.0,0.0,84.02,-24.586,True,False,2026-10-08
FLY,AKTİF PORTFÖY HAVACILIK VE SAVUNMA TEKNOLOJİLERİ DEĞİŞKEN FON,Değişken Şemsiye Fonu,-10.1112,-10.0145,-12.0418,0.5248,-5.8682,,76124497.15,1787.0,Aktif Portföy Yönetimi A.Ş.,3.0,5.0,False,False,False,False,False,Hisse (aktif),0.0,0.0,94.5,-16.8886,True,False,2026-10-09
RTP,RE-PIE PORTFÖY BİRİNCİ SERBEST FON,Serbest Şemsiye Fonu,-16.114,-23.7757,-15.3186,-19.7329,-5.9629,180.3347,240291757.73,795.0,Re-pıe Portföy Yönetimi A.Ş.,2.0,5.0,False,True,False,False,False,,0.0,0.0,5.92,-27.2114,True,False,2026-10-09
BID,QNB PORTFÖY BIST 100 DIŞI ŞİRKETLER HİSSE SENEDİ (TL) FONU (HİSSE SENEDİ YOĞUN FON),Hisse Senedi Şemsiye Fonu,-18.1934,-12.6907,-16.5532,-9.0755,-6.08,24.0652,161794815.0,1871.0,QNB Portföy Yönetimi A.Ş.,2.0,6.0,False,False,False,False,False,Hisse (aktif),0.0,0.0,94.97,-24.4427,True,False,2026-10-09
HGV,HEDEF PORTFÖY BİRİNCİ SERBEST FON,Serbest Şemsiye Fonu,-10.1494,-12.5044,-15.1403,-3.9374,-6.3369,114.3522,,,,,,True,True,False,False,False,,,,,,False,False,
RDT,PHİLLİP PORTFÖY RODOSTO SERBEST FON,Serbest Şemsiye Fonu,3.4898,10.1094,-6.2827,-14.4082,-6.375,,75211294.24,50.0,Phillip Portföy Yönetimi A.Ş.,2.0,4.0,False,True,False,False,False,,0.0,0.0,42.73,-30.787,True,False,2026-10-09
GNH,GLOBAL MD PORTFÖY ALGORİTMİK MODEL HİSSE SENEDİ FONU (HİSSE SENEDİ YOĞUN FON),Hisse Senedi Şemsiye Fonu,-19.4794,-21.4466,-17.3216,-7.2472,-7.6987,,5673051.95,140.0,Global MD Portföy Yönetimi A.Ş.,2.0,7.0,False,False,False,False,False,Hisse (aktif),0.0,0.0,90.42,-28.9623,True,False,2026-10-09
FUP,QNB PORTFÖY BAYSAN SERBEST (DÖVİZ) ÖZEL FON,Serbest Şemsiye Fonu,-19.447,-16.2628,-18.3864,-11.3292,-8.4098,74.9848,244670344.54,2.0,QNB Portföy Yönetimi A.Ş.,0.0,,False,True,False,True,False,Eurobond / döviz,0.0,100.0,0.0,-20.2318,True,False,2026-10-09
BTP,TRİVE PORTFÖY PARA PİYASASI SERBEST FON,Serbest Şemsiye Fonu,3.3836,11.6108,24.8904,7.7143,-8.8099,,195665380.41,16.0,Trive Portföy Yönetimi A.Ş.,0.0,2.0,False,True,False,False,False,Para piyasası,0.0,100.0,0.0,-27.0772,True,False,2026-10-09
SSF,INVEO PORTFÖY SEKİZİNCİ SERBEST FON,Serbest Şemsiye Fonu,-9.0363,-8.4469,-9.2345,-3.5898,-9.4589,,1150737.47,15.0,Inveo Portföy Yönetimi A.Ş.,0.0,6.0,False,True,False,False,False,Hisse (aktif),0.0,0.0,91.62,-23.3244,True,False,2026-10-09
CBO,AZİMUT PORTFÖY HCBO HİSSE SENEDİ SERBEST ÖZEL FON (HİSSE SENEDİ YOĞUN FON),Serbest Şemsiye Fonu,-17.0311,-24.7079,-33.5899,-11.33,-9.6792,,1402711234.42,3.0,Azimut Portföy Yönetimi A.Ş.,0.0,6.0,False,True,False,True,False,Hisse (aktif),0.0,0.0,85.15,-38.4887,False,False,2026-10-09
HPZ,HEDEF PORTFÖY ZEN HİSSE SENEDİ SERBEST (TL) FON (HİSSE SENEDİ YOĞUN),Serbest Şemsiye Fonu,-6.7919,0.5774,-10.0495,-19.9587,-10.7728,121.7022,,,,,,True,True,False,False,False,Hisse (aktif),,,,,False,False,
DNA,DENİZ PORTFÖY ANATOLİA HİSSE SENEDİ SERBEST ÖZEL FON (HİSSE SENEDİ YOĞUN FON),Serbest Şemsiye Fonu,-40.9262,-68.2668,-49.108,-10.3284,-10.8504,,764387886.56,5.0,Deniz Portföy Yönetimi A.Ş.,0.0,,False,True,False,True,False,Hisse (aktif),0.0,0.0,79.95,-81.0486,False,False,2026-10-09
DUH,HEDEF PORTFÖY UFUK HİSSE SENEDİ SERBEST FON (HİSSE SENEDİ YOĞUN FON),Serbest Şemsiye Fonu,4.331,-0.4387,-3.8821,-13.3078,-11.457,,,,,,,True,True,False,False,False,Hisse (aktif),,,,,False,False,
BP5,BULLS PORTFÖY BEŞİNCİ HİSSE SENEDİ SERBEST FON (HİSSE SENEDİ YOĞUN FON),Serbest Şemsiye Fonu,-28.4774,-48.3319,-37.4557,-36.1982,-11.4785,,,,,,,True,True,False,False,False,Hisse (aktif),,,,,False,False,
KLH,ATLAS PORTFÖY KATILIM HİSSE SENEDİ SERBEST FON (HİSSE SENEDİ YOĞUN FON),Serbest Şemsiye Fonu,-15.2215,-21.7122,-11.1259,1.0574,-11.7844,,,,,,,True,True,False,False,False,Hisse (aktif),,,,,False,False,
GAN,INVEO PORTFÖY ALFON SERBEST FON,Serbest Şemsiye Fonu,-22.287,-21.9279,-24.6496,-25.765,-12.2419,31.517,17773201.53,11.0,Inveo Portföy Yönetimi A.Ş.,0.0,7.0,False,True,False,False,False,Hisse (aktif),0.0,0.0,66.25,-42.3537,True,False,2026-10-09
FDZ,AZİMUT PORTFÖY 16.0 HİSSE SENEDİ SERBEST FON (HİSSE SENEDİ YOĞUN FON),Serbest Şemsiye Fonu,-19.1972,-15.7843,-11.544,-3.5938,-12.5399,-43.1812,180201681.38,11.0,Azimut Portföy Yönetimi A.Ş.,0.0,6.0,False,True,False,False,False,Hisse (aktif),0.0,0.0,82.67,-34.488,True,False,2026-10-09
HLA,NEO PORTFÖY ÜÇÜNCÜ HİSSE SENEDİ SERBEST FON (HİSSE SENEDİ YOĞUN FON),Serbest Şemsiye Fonu,-45.3108,-45.8647,-50.7816,-36.589,-12.6126,,10045464.73,8.0,Neo Portföy Yönetimi A.Ş.,0.0,7.0,False,True,False,False,False,Hisse (aktif),0.0,0.0,98.16,-58.6515,True,False,2026-10-09
FS5,ONE PORTFÖY BİRİNCİ İSTATİSTİKSEL ARBİTRAJ HİSSE SENEDİ SERBEST FON (HİSSE SENEDİ YOĞUN FON),Serbest Şemsiye Fonu,-19.7686,-8.1193,-23.2382,-18.5854,-12.6422,,36689993.61,29.0,One Portföy Yönetimi A.Ş.,2.0,6.0,False,True,False,False,False,Hisse (aktif),0.0,0.0,80.64,-27.3017,True,False,2026-10-09
HVC,HEDEF PORTFÖY ROTA HİSSE SENEDİ SERBEST (TL) FON (HİSSE SENEDİ YOĞUN FON),Serbest Şemsiye Fonu,-12.5557,-6.7712,-11.3878,-2.3135,-12.6817,-68.9687,,,,,,True,True,False,False,False,Hisse (aktif),,,,,False,False,
MGD,DENİZ PORTFÖY MGD HİSSE SENEDİ SERBEST ÖZEL FON (HİSSE SENEDİ YOĞUN FON),Serbest Şemsiye Fonu,-29.2219,-33.012,-21.4504,-4.7687,-12.8722,,443260560.36,1.0,Deniz Portföy Yönetimi A.Ş.,0.0,7.0,False,True,False,True,False,Hisse (aktif),0.0,0.0,81.2,-40.557,True,False,2026-10-09
IV2,PHİLLİP PORTFÖY ARİSTA SERBEST FON,Serbest Şemsiye Fonu,-61.0544,-71.0777,-59.0845,-26.2336,-13.2616,89.0356,429303614.71,10.0,Phillip Portföy Yönetimi A.Ş.,0.0,,False,True,False,False,False,Hisse (aktif),8.73,0.0,51.46,-79.3224,True,False,2026-10-09
DHS,DENİZ PORTFÖY CC HİSSE SENEDİ SERBEST ÖZEL FON (HİSSE SENEDİ YOĞUN FON),Serbest Şemsiye Fonu,-54.4587,-41.0172,-47.2274,-11.3575,-13.6508,-61.5646,2125493229.52,1.0,Deniz Portföy Yönetimi A.Ş.,0.0,,False,True,False,True,False,Hisse (aktif),0.0,0.0,215.24,-58.7324,False,False,2026-10-09
BRB,BULLS PORTFÖY ARENA SERBEST FON,Serbest Şemsiye Fonu,-20.2675,-23.4186,-36.5454,-13.5196,-13.8088,,,,,,,True,True,False,False,False,,,,,,False,False,
FBC,ONE PORTFÖY KAR PAYI ÖDEYEN KATILIM FONU,Katılım Şemsiye Fonu,-19.0638,-23.7113,-27.9153,-18.3596,-14.0314,25.9496,114845386.52,5136.0,One Portföy Yönetimi A.Ş.,2.0,6.0,False,False,False,False,False,Hisse (aktif),0.0,12.6,66.35,-33.6002,True,False,2026-10-09
SYF,AZİMUT PORTFÖY KLM HİSSE SENEDİ SERBEST ÖZEL FON (HİSSE SENEDİ YOĞUN FON),Serbest Şemsiye Fonu,-19.6226,-27.9625,-37.2654,-15.3687,-14.1575,,1372327450.44,6.0,Azimut Portföy Yönetimi A.Ş.,0.0,7.0,False,True,False,True,False,Hisse (aktif),0.0,0.0,99.33,-42.0973,False,False,2026-10-09
UHS,ATLAS PORTFÖY ÜÇÜNCÜ HİSSE SENEDİ SERBEST FON (HİSSE SENEDİ YOĞUN FON),Serbest Şemsiye Fonu,-81.5118,-77.2474,-77.0201,-60.7572,-14.5293,,,,,,,True,True,False,False,False,Hisse (aktif),,,,,False,False,
GMO,AZİMUT PORTFÖY G MOBİLİTE HİSSE SENEDİ SERBEST ÖZEL FON (HİSSE SENEDİ YOĞUN FON),Serbest Şemsiye Fonu,-5.7982,-4.7107,-9.5678,-9.752,-15.0555,,2169918401.29,4.0,Azimut Portföy Yönetimi A.Ş.,0.0,6.0,False,True,False,True,False,Hisse (aktif),0.0,0.0,83.99,-30.8402,False,False,2026-10-09
OZC,ASTRA PORTFÖY BİRİNCİ HİSSE SENEDİ SERBEST ÖZEL FON (HİSSE SENEDİ YOĞUN FON),Serbest Şemsiye Fonu,-11.1122,-21.6921,-11.066,-20.4931,-15.2893,5.992,247318028.03,1.0,Astra Portföy Yönetimi A.Ş.,0.0,7.0,False,True,False,True,False,Hisse (aktif),0.0,0.0,98.82,-30.2917,True,False,2026-10-09
EHS,AZİMUT PORTFÖY ERCİYES HİSSE SENEDİ SERBEST ÖZEL FON (HİSSE SENEDİ YOĞUN FON),Serbest Şemsiye Fonu,-17.9061,-15.8254,-23.2939,-7.9029,-15.4217,-45.037,479594843.63,3.0,Azimut Portföy Yönetimi A.Ş.,0.0,6.0,False,True,False,True,False,Hisse (aktif),0.0,0.0,93.01,-39.9315,True,False,2026-10-09
GVD,GARANTİ PORTFÖY KARABAĞLI SERBEST (DÖVİZ) ÖZEL FON,Serbest Şemsiye Fonu,-0.0976,-0.4533,-7.4763,-14.198,-15.7873,-27.2048,407444.61,1.0,Garanti Portföy Yönetimi A.Ş.,0.0,6.0,False,True,False,True,False,Eurobond / döviz,0.0,0.0,0.0,-16.274,True,False,2026-10-09
RVI,ROTA PORTFÖY ONALTINCI SERBEST FON,Serbest Şemsiye Fonu,-27.6793,-28.8049,-30.7434,-22.6612,-15.913,,27996211.64,11.0,Rota Portföy Yönetimi A.Ş.,0.0,6.0,False,True,False,False,False,Hisse (aktif),0.0,0.0,73.02,-37.4878,True,False,2026-10-09
PDR,PHİLLİP PORTFÖY SÜRDÜRÜLEBİLİRLİK SERBEST ÖZEL FON,Serbest Şemsiye Fonu,-4.0224,1.0959,,,-16.2038,,2235670222.84,2.0,Phillip Portföy Yönetimi A.Ş.,0.0,,False,True,False,True,False,Hisse (aktif),0.0,57.75,34.6,-7.0157,False,False,2026-10-09
YHY,INVEO PORTFÖY YEDİNCİ HİSSE SENEDİ SERBEST FON (HİSSE SENEDİ YOĞUN FON),Serbest Şemsiye Fonu,-14.5126,-30.515,-33.0091,-19.7996,-17.0881,,149676474.11,18.0,Inveo Portföy Yönetimi A.Ş.,0.0,7.0,False,True,False,False,False,Hisse (aktif),0.0,0.0,80.31,-39.7997,True,False,2026-10-09
IYP,İSTANBUL PORTFÖY YILDIZ SERBEST ÖZEL FON,Serbest Şemsiye Fonu,-14.9307,-7.0332,-17.3917,-20.3124,-17.3838,-10.9259,1963793698.64,1.0,İstanbul Portföy Yönetimi A.Ş.,0.0,7.0,False,True,False,True,False,Hisse (aktif),0.0,0.0,99.96,-38.6224,False,False,2026-10-09
ZP3,ZİRAAT PORTFÖY ÜÇÜNCÜ İSTATİSTİKSEL ARBİTRAJ SERBEST (TL) ÖZEL FON,Serbest Şemsiye Fonu,-42.3454,-32.9152,-34.2508,-27.5694,-17.7752,129.7435,486277403.67,1.0,Ziraat Portföy Yönetimi A.Ş.,0.0,6.0,False,True,False,True,False,,0.0,0.0,48.85,-46.699,True,False,2026-10-09
KDK,KUVEYT TÜRK PORTFÖY BİRİNCİ KATILIM SERBEST (DÖVİZ-ABD DOLARI) ÖZEL FON,Serbest Şemsiye Fonu,1.7784,5.7257,6.2103,-8.1299,-17.8072,-37.8132,50364146.35,1.0,Kuveyt Türk Portföy Yönetimi A.Ş.,0.0,,False,True,False,True,False,Eurobond / döviz,0.0,0.0,0.0,-25.841,True,False,2026-10-09
HIS,HEDEF PORTFÖY ÜÇÜNCÜ SERBEST FON,Serbest Şemsiye Fonu,-7.8692,-13.2388,-20.8939,-22.8983,-17.8321,93.8376,,,,,,True,True,False,False,False,,,,,,False,False,
BUV,BULLS PORTFÖY VOLTRAN SERBEST (TL) FON,Serbest Şemsiye Fonu,-27.1717,-28.1052,-29.8086,-20.5972,-18.1654,,,,,,,True,True,False,False,False,,,,,,False,False,
HMK,HEDEF PORTFÖY EGE HİSSE SENEDİ SERBEST (TL) FON (HİSSE SENEDİ YOĞUN FON),Serbest Şemsiye Fonu,-20.1557,-31.6419,-21.7026,-19.8041,-18.1954,24.0807,,,,,,True,True,False,False,False,Hisse (aktif),,,,,False,False,
ZDZ,ZİRAAT PORTFÖY AGRESİF DEĞİŞKEN FON,Değişken Şemsiye Fonu,-22.5001,-16.0392,-9.3886,-12.8103,-19.1789,19.8588,768956399.27,8022.0,Ziraat Portföy Yönetimi A.Ş.,2.0,6.0,False,False,False,False,False,Hisse (aktif),0.0,0.0,83.98,-27.6917,False,False,2026-10-09
NTD,ÜNLÜ PORTFÖY UFT HİSSE SENEDİ SERBEST ÖZEL FON (HİSSE SENEDİ YOĞUN FON),Serbest Şemsiye Fonu,-1.4409,-8.9511,-14.0572,-25.7421,-19.2529,,497215750.48,1.0,Ünlü Portföy Yönetimi A.Ş.,0.0,6.0,False,True,False,True,False,Hisse (aktif),0.0,0.0,88.12,-35.6053,True,False,2026-10-09
FS1,ONE PORTFÖY BİRİNCİ HİSSE SENEDİ SERBEST FON (HİSSE SENEDİ YOĞUN FON),Serbest Şemsiye Fonu,-22.3015,-23.397,-26.612,-7.9719,-19.3021,,96688806.25,200.0,One Portföy Yönetimi A.Ş.,0.0,7.0,False,True,False,False,False,Hisse (aktif),0.0,0.0,89.27,-38.3034,True,False,2026-10-09
AVC,ATA PORTFÖY İKİNCİ SERBEST (TL) FON,Serbest Şemsiye Fonu,-8.5964,-12.407,-14.2229,-17.348,-19.6102,26.8629,187067096.19,12.0,Ata Portföy Yönetimi A.Ş.,0.0,7.0,False,True,False,False,False,Hisse (aktif),0.0,0.0,77.15,-28.8169,True,False,2026-10-09
PPH,PARDUS PORTFÖY BIST 100 DIŞI ŞİRKETLER HİSSE SENEDİ (TL) FONU (HİSSE SENEDİ YOĞUN FON),Hisse Senedi Şemsiye Fonu,-28.2066,-29.1365,-24.1847,-17.4581,-19.8084,,,,,,,True,False,False,False,False,Hisse (aktif),,,,,False,False,
PSR,PARDUS PORTFÖY SANAYİ ŞİRKETLERİ HİSSE SENEDİ SERBEST FON (HİSSE SENEDİ YOĞUN FON),Serbest Şemsiye Fonu,-36.6183,-44.7388,-65.8568,-49.7145,-19.8924,,,,,,,True,True,False,False,False,Hisse (aktif),,,,,False,False,
DRH,PARDUS PORTFÖY DÖRDÜNCÜ HİSSE SENEDİ SERBEST (TL) FON (HİSSE SENEDİ YOĞUN FON),Serbest Şemsiye Fonu,-34.4179,-34.8745,2.4691,-11.645,-20.5595,,,,,,,True,True,False,False,False,Hisse (aktif),,,,,False,False,
PSG,AZİMUT PORTFÖY 9.0 SERBEST FON,Serbest Şemsiye Fonu,0.1873,5.9531,3.0751,-10.4127,-20.7575,113.0691,712304992.0,17.0,Azimut Portföy Yönetimi A.Ş.,0.0,6.0,False,True,False,False,False,,0.06,0.0,0.0,-33.7641,False,False,2026-10-09
ZBN,ZİRAAT PORTFÖY HİSSE SENEDİ SERBEST (TL) FON (HİSSE SENEDİ YOĞUN FON),Serbest Şemsiye Fonu,-14.0243,-12.0696,-10.1058,-24.4979,-21.1988,57.7957,126430167.01,158.0,Ziraat Portföy Yönetimi A.Ş.,0.0,7.0,False,True,False,False,False,Hisse (aktif),0.0,0.0,87.77,-26.3942,True,False,2026-10-09
NJG,NUROL PORTFÖY BİRİNCİ SERBEST FON,Serbest Şemsiye Fonu,3.2328,10.5426,21.6759,-30.8214,-21.9756,101.4244,2306888016.4,16.0,Nurol Portföy Yönetimi A.Ş.,0.0,7.0,False,True,False,False,False,,0.0,488.92,0.0,-48.2059,False,False,2026-10-09
PCH,PARDUS PORTFÖY CAPİTAL HİSSE SENEDİ SERBEST FON (HİSSE SENEDİ YOĞUN FON),Serbest Şemsiye Fonu,-80.7538,-82.5341,-75.9169,-44.8674,-22.4144,,,,,,,True,True,False,False,False,Hisse (aktif),,,,,False,False,
NOV,AZİMUT PORTFÖY INOVA AGRO HİSSE SENEDİ SERBEST ÖZEL FON (HİSSE SENEDİ YOĞUN FON),Serbest Şemsiye Fonu,-25.8127,-28.8486,-32.4348,-20.4269,-22.5158,-64.0311,515591832.35,1.0,Azimut Portföy Yönetimi A.Ş.,0.0,6.0,False,True,False,True,False,Hisse (aktif),0.0,0.0,99.99,-49.1614,False,False,2026-10-09
SVY,DENİZ PORTFÖY TTSVY HİSSE SENEDİ SERBEST ÖZEL FON (HİSSE SENEDİ YOĞUN FON),Serbest Şemsiye Fonu,-40.8851,-52.7056,-37.7378,-30.5645,-22.8825,,1355130032.73,2.0,Deniz Portföy Yönetimi A.Ş.,0.0,,False,True,False,True,False,Hisse (aktif),0.0,0.0,96.06,-60.8279,False,False,2026-10-09
THH,DENİZ PORTFÖY CCO HİSSE SENEDİ SERBEST ÖZEL FON (HİSSE SENEDİ YOĞUN FON),Serbest Şemsiye Fonu,-63.2334,-56.3595,-57.5549,-22.0072,-23.3221,-19.6643,650225821.78,1.0,Deniz Portföy Yönetimi A.Ş.,0.0,,False,True,False,True,False,Hisse (aktif),0.0,0.0,104.46,-70.6919,False,False,2026-10-09
IOM,İSTANBUL PORTFÖY ONBEŞİNCİ SERBEST FON,Serbest Şemsiye Fonu,-23.6855,-31.3191,-29.1808,-15.2433,-23.4219,,363700283.39,10.0,İstanbul Portföy Yönetimi A.Ş.,0.0,7.0,False,True,False,False,False,,0.0,18.51,6.93,-34.8779,True,False,2026-10-09
SNY,ATLAS PORTFÖY SANAYİ SEKTÖRÜ HİSSE SENEDİ SERBEST FON (HİSSE SENEDİ YOĞUN FON),Serbest Şemsiye Fonu,-34.3146,-32.184,-59.3111,-40.4069,-24.0476,,,,,,,True,True,False,False,False,Hisse (aktif),,,,,False,False,
BDO,BULLS PORTFÖY DÖRDÜNCÜ HİSSE SENEDİ SERBEST FON (HİSSE SENEDİ YOĞUN FON),Serbest Şemsiye Fonu,-42.4786,-53.3454,-38.841,-31.9679,-24.6156,,,,,,,True,True,False,False,False,Hisse (aktif),,,,,False,False,
ZJB,ZİRAAT PORTFÖY BİRİNCİ SERBEST (TL) FON,Serbest Şemsiye Fonu,-9.2973,0.2252,-18.051,-25.6083,-24.8508,168.9115,7540072797.23,1481.0,Ziraat Portföy Yönetimi A.Ş.,2.0,7.0,False,True,False,False,False,Hisse (aktif),0.0,0.0,121.36,-34.5036,False,False,2026-10-09
THT,TRİVE PORTFÖY HİSSE SENEDİ SERBEST FON (HİSSE SENEDİ YOĞUN FON),Serbest Şemsiye Fonu,-28.8228,-26.6345,-39.6918,-29.0132,-25.9322,,1288702.95,281.0,Trive Portföy Yönetimi A.Ş.,2.0,6.0,False,True,False,False,False,Hisse (aktif),0.0,0.0,83.34,-47.5151,True,False,2026-10-09
AP4,ATLAS PORTFÖY DÖRDÜNCÜ HİSSE SENEDİ SERBEST FON (HİSSE SENEDİ YOĞUN FON),Serbest Şemsiye Fonu,-27.5508,-31.0203,-24.2898,-30.8715,-26.174,,,,,,,True,True,False,False,False,Hisse (aktif),,,,,False,False,
RDK,ROTA PORTFÖY ESİN HİSSE SENEDİ ÖZEL FON (HİSSE SENEDİ YOĞUN FON),Hisse Senedi Şemsiye Fonu,-6.914,-7.3766,-12.8941,-25.9703,-26.1815,,1202699.27,2.0,Rota Portföy Yönetimi A.Ş.,0.0,6.0,False,False,False,True,False,Hisse (aktif),0.0,0.0,96.08,-42.2953,True,False,2026-10-09
BDS,PARDUS PORTFÖY BIST 30 DIŞI ŞİRKETLER HİSSE SENEDİ (TL) FONU (HİSSE SENEDİ YOĞUN FON),Hisse Senedi Şemsiye Fonu,-14.3975,-24.1636,-23.0945,-25.6213,-26.5862,,,,,,,True,False,False,False,False,Hisse (aktif),,,,,False,False,
OME,PARDUS PORTFÖY EVREN SERBEST FON,Serbest Şemsiye Fonu,-50.8612,-59.3524,-57.4171,-50.342,-26.687,-2.4082,,,,,,True,True,False,False,False,,,,,,False,False,
ZJI,ZİRAAT PORTFÖY İKİNCİ SERBEST (TL) FON,Serbest Şemsiye Fonu,-10.3658,-2.6179,-19.7409,-26.801,-26.7658,173.3923,6005927142.52,1415.0,Ziraat Portföy Yönetimi A.Ş.,2.0,7.0,False,True,False,False,False,Hisse (aktif),0.0,0.0,119.88,-32.4746,False,False,2026-10-09
IIA,İSTANBUL PORTFÖY ONBİRİNCİ SERBEST (TL) FON,Serbest Şemsiye Fonu,-20.9636,-46.7792,-54.4327,-28.8768,-27.6434,82.5697,1146864209.53,11.0,İstanbul Portföy Yönetimi A.Ş.,0.0,6.0,False,True,False,False,False,,0.0,5.23,16.04,-57.7561,False,False,2026-10-09
IHZ,ALLBATROSS PORTFÖY İKİNCİ HİSSE SENEDİ SERBEST FON (HİSSE SENEDİ YOĞUN FON),Serbest Şemsiye Fonu,-16.6081,-29.0152,-30.2499,-34.804,-28.2461,,1840679.38,58.0,Allbatross Portföy Yönetimi A.Ş.,2.0,7.0,False,True,False,False,False,Hisse (aktif),0.0,0.0,90.81,-41.3051,True,False,2026-10-09
AP5,ATLAS PORTFÖY BEŞİNCİ HİSSE SENEDİ SERBEST FON (HİSSE SENEDİ YOĞUN FON),Serbest Şemsiye Fonu,-9.1895,-12.9048,-23.2911,-25.6857,-29.0103,,,,,,,True,True,False,False,False,Hisse (aktif),,,,,False,False,
IBE,İSTANBUL PORTFÖY BEŞİNCİ SERBEST FON,Serbest Şemsiye Fonu,-27.1622,-37.6773,-45.9858,-28.4371,-31.6924,0.9794,385819172.62,12.0,İstanbul Portföy Yönetimi A.Ş.,0.0,7.0,False,True,False,False,False,Hisse (aktif),0.0,0.0,50.33,-50.2441,True,False,2026-10-09
RSZ,AHLATCI PORTFÖY İKİNCİ HİSSE SENEDİ SERBEST FON (HİSSE SENEDİ YOĞUN FON),Serbest Şemsiye Fonu,-85.276,-91.4458,-81.8334,-51.9775,-32.5973,,190679346.16,25.0,Ahlatcı Portföy Yönetimi A.Ş.,0.0,7.0,False,True,False,False,False,Hisse (aktif),0.0,0.0,89.08,-94.8258,True,False,2026-10-09
RYF,ROTA PORTFÖY YEDİNCİ HİSSE SENEDİ SERBEST (TL) FON (HİSSE SENEDİ YOĞUN FON),Serbest Şemsiye Fonu,-58.3888,-57.2918,-62.0577,-37.9993,-34.8707,148.3881,163681828.74,40.0,Rota Portföy Yönetimi A.Ş.,2.0,7.0,False,True,False,False,False,Hisse (aktif),0.0,0.0,121.28,-65.2529,True,False,2026-10-09
NDL,ALLBATROSS PORTFÖY ANADOLU HİSSE SENEDİ SERBEST (TL) ÖZEL FON (HİSSE SENEDİ YOĞUN FON),Serbest Şemsiye Fonu,-37.012,-33.9082,-35.623,-33.6711,-35.3476,-10.3146,486835.78,1.0,Allbatross Portföy Yönetimi A.Ş.,0.0,6.0,False,True,False,True,False,Hisse (aktif),0.0,0.0,90.2,-39.1512,True,False,2026-10-09
HTZ,HEDEF PORTFÖY TURKUAZ SERBEST FON,Serbest Şemsiye Fonu,-28.5306,-39.9285,-46.1818,-44.1926,-35.4078,137.2896,,,,,,True,True,False,False,False,,,,,,False,False,
IDP,PİRAMİT PORTFÖY SİRİUS HİSSE SENEDİ SERBEST FON (HİSSE SENEDİ YOĞUN FON),Serbest Şemsiye Fonu,-13.5871,-11.3705,-21.8146,-28.544,-35.7609,53.97,95082652.01,21.0,Piramit Portföy Yönetimi A.Ş.,0.0,7.0,False,True,False,False,False,Hisse (aktif),0.0,0.0,96.63,-37.918,True,False,2026-10-09
ZDK,ZİRAAT PORTFÖY ÖPY DÖRDÜNCÜ KATILIM SERBEST (DÖVİZ-ABD DOLARI) ÖZEL FON,Serbest Şemsiye Fonu,1.4108,3.4136,7.6047,-31.3859,-36.2185,-43.1899,3391057.22,1.0,Ziraat Portföy Yönetimi A.Ş.,0.0,6.0,False,True,False,True,False,Eurobond / döviz,0.0,0.0,0.0,-41.2467,True,False,2026-10-09
FBN,FİBA PORTFÖY SAFİR SERBEST FON,Serbest Şemsiye Fonu,3.2185,3.6347,-42.2311,-38.6922,-36.5527,22.4489,1876453182.27,342.0,Fiba Portföy Yönetimi A.Ş.,0.0,6.0,False,True,False,False,False,,0.0,0.0,0.0,-50.6056,False,False,2026-10-09
DHP,DENİZ PORTFÖY PERİFER HİSSE SENEDİ SERBEST ÖZEL FON (HİSSE SENEDİ YOĞUN FON),Serbest Şemsiye Fonu,-47.4561,-35.5277,-43.9485,-55.652,-37.8533,,4478854.36,1.0,Deniz Portföy Yönetimi A.Ş.,0.0,7.0,False,True,False,True,False,Hisse (aktif),0.0,0.0,81.29,-56.4486,True,False,2026-10-09
GLM,ATLAS PORTFÖY ÜÇÜNCÜ SERBEST (TL) FON,Serbest Şemsiye Fonu,0.7926,15.6097,28.4854,13.7234,-39.9497,-68.9408,,,,,,True,True,False,False,False,,,,,,False,False,
RE8,RE-PIE PORTFÖY SEKİZİNCİ HİSSE SENEDİ SERBEST (TL) FON (HİSSE SENEDİ YOĞUN FON),Serbest Şemsiye Fonu,-54.0028,-69.1759,-63.7011,-60.2507,-40.029,,208193958.38,13.0,Re-pıe Portföy Yönetimi A.Ş.,0.0,7.0,False,True,False,False,False,Hisse (aktif),0.0,0.0,100.0,-77.0367,True,False,2026-10-09
BUC,BULLS PORTFÖY ÜÇÜNCÜ HİSSE SENEDİ SERBEST (TL) FON (HİSSE SENEDİ YOĞUN FON),Serbest Şemsiye Fonu,-7.5557,-3.8868,-28.1604,-26.0729,-40.3792,,,,,,,True,True,False,False,False,Hisse (aktif),,,,,False,False,
HKM,HEDEF PORTFÖY BAŞAK HİSSE SENEDİ SERBEST (TL) FON (HİSSE SENEDİ YOĞUN FON),Serbest Şemsiye Fonu,-25.678,-31.5595,-34.7756,-32.225,-42.5135,2.6812,,,,,,True,True,False,False,False,Hisse (aktif),,,,,False,False,
BBI,ALLBATROSS PORTFÖY BİANCO SERBEST (TL) FON,Serbest Şemsiye Fonu,-43.681,-46.0825,-47.5774,-39.1313,-42.9683,-37.8895,453001.88,14.0,Allbatross Portföy Yönetimi A.Ş.,0.0,7.0,False,True,False,False,False,Hisse (aktif),0.0,0.0,96.06,-59.2873,True,False,2026-10-09
PHY,PARDUS PORTFÖY BATI HİSSE SENEDİ SERBEST FON (HİSSE SENEDİ YOĞUN FON),Serbest Şemsiye Fonu,-75.7809,-75.9488,-83.3692,-71.8326,-43.445,,,,,,,True,True,False,False,False,Hisse (aktif),,,,,False,False,
FRC,FONMAP PORTFÖY BİRİNCİ HİSSE SENEDİ SERBEST FON (HİSSE SENEDİ YOĞUN FON),Serbest Şemsiye Fonu,-50.4927,-53.0331,-52.4307,-45.2528,-44.2307,,30605369.52,140.0,Fonmap Portföy Yönetimi A.Ş.,2.0,6.0,False,True,False,False,False,Hisse (aktif),0.0,0.0,85.66,-61.0645,True,False,2026-10-09
KJK,KUVEYT TÜRK PORTFÖY KUVEYT TÜRK YABANCI KATILIM SERBEST ÖZEL FON,Serbest Şemsiye Fonu,1.7437,5.6109,-2.3431,-32.3674,-45.8343,-99.9402,49942221.81,1.0,Kuveyt Türk Portföy Yönetimi A.Ş.,0.0,6.0,False,True,False,True,False,Kira sertifikası / katılım,0.0,89.93,0.0,-51.1245,True,False,2026-10-09
HVL,HEDEF PORTFÖY POYRAZ SERBEST FON,Serbest Şemsiye Fonu,-2.6303,-2.4224,-2.3921,-2.4535,-46.5153,132.3468,,,,,,True,True,False,False,False,,,,,,False,False,
HAR,BV PORTFÖY HARMONY SERBEST FON,Serbest Şemsiye Fonu,-52.2666,-48.6353,-47.2174,-42.315,-47.727,,260778478.87,58.0,Bv Portföy Yönetimi A.Ş.,1.0,7.0,False,True,False,False,False,,0.0,93.9,0.0,-55.9109,True,False,2026-10-09
KMT,KUVEYT TÜRK PORTFÖY KAM KATILIM SERBEST (TL) ÖZEL FON,Serbest Şemsiye Fonu,-20.3511,-28.9975,-36.5283,-40.3797,-48.8514,2.0065,53035309.35,1.0,Kuveyt Türk Portföy Yönetimi A.Ş.,0.0,6.0,False,True,False,True,False,Hisse (aktif),0.0,0.0,87.6,-53.3727,True,False,2026-10-09
SLS,ALLBATROSS PORTFÖY SELEN SERBEST FON,Serbest Şemsiye Fonu,-8.3417,-11.4868,-50.8178,-49.5142,-49.6052,,362445.74,19.0,Allbatross Portföy Yönetimi A.Ş.,0.0,5.0,False,True,False,False,False,Hisse (aktif),0.0,0.0,78.08,-55.5563,True,False,2026-10-09
MTU,MT PORTFÖY ÜÇÜNCÜ HİSSE SENEDİ SERBEST FON (HİSSE SENEDİ YOĞUN FON),Serbest Şemsiye Fonu,-31.2577,-31.3293,-52.1532,-64.4867,-51.0673,,436805090.82,18.0,Mt Portföy Yönetimi A.Ş.,0.0,7.0,False,True,False,False,False,Hisse (aktif),0.0,0.0,89.73,-65.194,True,False,2026-10-09
DEI,ALLBATROSS PORTFÖY DEMİR KISA VADELİ KATILIM SERBEST (TL) FON,Serbest Şemsiye Fonu,-0.305,6.1886,10.1077,-55.8165,-51.3347,,6651612.85,22.0,Allbatross Portföy Yönetimi A.Ş.,0.0,2.0,False,True,False,False,False,Kira sertifikası / katılım,0.0,31.74,0.0,-62.4686,True,False,2026-10-09
FP4,ONE PORTFÖY DÖRDÜNCÜ HİSSE SENEDİ SERBEST FON (HİSSE SENEDİ YOĞUN FON),Serbest Şemsiye Fonu,-29.3457,-55.7983,-59.7875,-56.8629,-52.1931,,75776793.55,103.0,One Portföy Yönetimi A.Ş.,2.0,6.0,False,True,False,False,False,Hisse (aktif),0.0,0.0,82.13,-70.4852,True,False,2026-10-09
TRN,AZİMUT PORTFÖY CO HİSSE SENEDİ SERBEST ÖZEL FON (HİSSE SENEDİ YOĞUN FON),Serbest Şemsiye Fonu,-36.7861,-21.1914,-31.5709,-9.101,-53.1268,-79.9997,1372917144.95,1.0,Azimut Portföy Yönetimi A.Ş.,0.0,7.0,False,True,False,True,False,Hisse (aktif),0.0,0.0,170.1,-62.6631,False,False,2026-10-09
HJA,AZİMUT PORTFÖY BİRİNCİ HİSSE SENEDİ SERBEST FON (HİSSE SENEDİ YOĞUN FON),Serbest Şemsiye Fonu,-58.8344,-64.2086,-66.6869,-57.8386,-54.1895,30.2433,611034659.66,13.0,Azimut Portföy Yönetimi A.Ş.,0.0,6.0,False,True,False,False,False,Hisse (aktif),0.0,0.0,80.36,-72.8855,False,False,2026-10-09
RDS,ROTA PORTFÖY DÖRDÜNCÜ SERBEST (DÖVİZ) FON,Serbest Şemsiye Fonu,1.836,,,-51.5253,-54.2824,-22.2171,1479531906.12,11.0,Rota Portföy Yönetimi A.Ş.,0.0,,False,True,False,False,False,Eurobond / döviz,51.19,0.0,0.0,0.0,False,False,2026-10-09
BIK,BULLS PORTFÖY İKİNCİ HİSSE SENEDİ SERBEST (TL) FON (HİSSE SENEDİ YOĞUN FON),Serbest Şemsiye Fonu,-55.1794,-62.8506,-66.5336,-61.9032,-54.4236,,,,,,,True,True,False,False,False,Hisse (aktif),,,,,False,False,
MT5,MT PORTFÖY BEŞİNCİ HİSSE SENEDİ SERBEST FON (HİSSE SENEDİ YOĞUN FON),Serbest Şemsiye Fonu,-55.711,-66.4467,-68.1462,-65.4689,-54.6454,,336315118.73,16.0,Mt Portföy Yönetimi A.Ş.,0.0,7.0,False,True,False,False,False,Hisse (aktif),0.0,0.0,99.97,-74.4411,True,False,2026-10-09
KYR,BV PORTFÖY ÜÇÜNCÜ HİSSE SENEDİ SERBEST FON (HİSSE SENEDİ YOĞUN FON),Serbest Şemsiye Fonu,-33.5125,-53.3366,-60.2089,-49.3953,-55.77,,168550091.67,11.0,Bv Portföy Yönetimi A.Ş.,0.0,7.0,False,True,False,False,False,Hisse (aktif),0.0,0.0,82.24,-64.9404,True,False,2026-10-09
FSP,FONMAP PORTFÖY SERBEST (DÖVİZ) FON,Serbest Şemsiye Fonu,-20.6065,-45.1731,-55.8337,-57.927,-56.8481,,79287.4,13.0,Fonmap Portföy Yönetimi A.Ş.,3.0,6.0,False,True,False,False,False,Eurobond / döviz,0.0,0.0,0.0,-60.6657,True,False,2026-10-09
KHT,ALLBATROSS PORTFÖY KARTAL HİSSE SENEDİ SERBEST (TL) FON (HİSSE SENEDİ YOĞUN FON),Serbest Şemsiye Fonu,-39.7371,-42.4574,-48.1883,-35.3146,-56.9487,-22.8074,3027175.95,157.0,Allbatross Portföy Yönetimi A.Ş.,2.0,7.0,False,True,False,False,False,Hisse (aktif),0.0,0.0,97.58,-62.0788,True,False,2026-10-09
THV,ATA PORTFÖY BARBAROS HİSSE SENEDİ SERBEST (TL) FON (HİSSE SENEDİ YOĞUN FON),Serbest Şemsiye Fonu,-20.2551,-41.3608,-51.0437,-82.6786,-57.1852,125.5629,107150206.18,15.0,Ata Portföy Yönetimi A.Ş.,2.0,7.0,False,True,False,False,False,Hisse (aktif),0.0,0.0,99.98,-92.9982,True,False,2026-10-09
OPU,ASTRA PORTFÖY ÜÇÜNCÜ KATILIM SERBEST FON,Serbest Şemsiye Fonu,2.9711,,,-21.8159,-57.9546,-1.9465,3032432964.03,74.0,Astra Portföy Yönetimi A.Ş.,0.0,7.0,False,True,False,False,False,Kira sertifikası / katılım,0.0,0.0,0.0,0.0,False,False,2026-10-09
HDH,HEDEF PORTFÖY DOĞU HİSSE SENEDİ SERBEST (TL) FON (HİSSE SENEDİ YOĞUN FON),Serbest Şemsiye Fonu,-66.4765,-90.5184,-80.9801,-35.0391,-58.0378,379.6522,,,,,,True,True,False,False,False,Hisse (aktif),,,,,False,False,
LLA,ALLBATROSS PORTFÖY AYDIN HİSSE SENEDİ SERBEST (TL) FON (HİSSE SENEDİ YOĞUN FON),Serbest Şemsiye Fonu,-19.0393,-21.4171,-27.6591,-23.1333,-58.7474,-8.8854,16255089.62,628.0,Allbatross Portföy Yönetimi A.Ş.,2.0,7.0,False,True,False,False,False,Hisse (aktif),0.0,0.0,92.45,-62.2164,True,False,2026-10-09
LGO,ATLAS PORTFÖY ALGO TOROS HİSSE SENEDİ SERBEST (TL) FON (HİSSE SENEDİ YOĞUN FON),Serbest Şemsiye Fonu,-53.6796,-55.2695,-45.287,-36.0431,-59.0341,,,,,,,True,True,False,False,False,Hisse (aktif),,,,,False,False,
MTL,AURA PORTFÖY MUTLAK GETİRİ HEDEFLİ SERBEST FON,Serbest Şemsiye Fonu,-75.5133,-69.0932,-79.6151,-56.4638,-59.5082,,,,,,,True,True,False,False,False,,,,,,False,False,
PPU,PARDUS PORTFÖY ÜÇÜNCÜ SERBEST FON,Serbest Şemsiye Fonu,-44.8714,-44.8243,-56.6896,-60.2412,-59.7992,,,,,,,True,True,False,False,False,,,,,,False,False,
NAL,NEO PORTFÖY ALTINCI SERBEST FON,Serbest Şemsiye Fonu,2.3755,0.5303,-75.3261,-68.1692,-59.849,,21136247.21,12.0,Neo Portföy Yönetimi A.Ş.,0.0,7.0,False,True,False,False,False,Altın / kıymetli maden,0.0,0.0,0.0,-78.2774,True,False,2026-10-09
RUH,RE-PIE PORTFÖY ÜÇÜNCÜ HİSSE SENEDİ SERBEST FON (HİSSE SENEDİ YOĞUN FON),Serbest Şemsiye Fonu,-79.0498,-81.6661,-66.8087,-63.5687,-61.0663,-28.5718,8273183.2,18.0,Re-pıe Portföy Yönetimi A.Ş.,0.0,7.0,False,True,False,False,False,Hisse (aktif),0.0,0.0,100.0,-84.715,True,False,2026-10-09
FS3,ONE PORTFÖY KATILIM HİSSE SENEDİ SERBEST FON (HİSSE SENEDİ YOĞUN FON),Serbest Şemsiye Fonu,-34.335,-57.5552,-66.0421,-55.6212,-61.1123,,599218101.82,21.0,One Portföy Yönetimi A.Ş.,0.0,7.0,False,True,False,False,False,Hisse (aktif),0.0,4.27,91.64,-70.3896,False,False,2026-10-09
AC8,PARDUS PORTFÖY İKİNCİ HİSSE SENEDİ SERBEST (TL) FON (HİSSE SENEDİ YOĞUN FON),Serbest Şemsiye Fonu,-61.626,-59.5784,-59.7348,-70.3761,-61.2974,195.2711,,,,,,True,True,False,False,False,Hisse (aktif),,,,,False,False,
FS2,ONE PORTFÖY İKİNCİ HİSSE SENEDİ SERBEST FON (HİSSE SENEDİ YOĞUN FON),Serbest Şemsiye Fonu,-17.9008,-16.5765,0.8774,-52.471,-62.2103,,26181494.44,25.0,One Portföy Yönetimi A.Ş.,0.0,7.0,False,True,False,False,False,Hisse (aktif),0.0,0.0,41.94,-69.484,True,False,2026-10-09
BVM,ALLBATROSS PORTFÖY BİRİNCİ HİSSE SENEDİ SERBEST (TL) FON (HİSSE SENEDİ YOĞUN FON),Serbest Şemsiye Fonu,-12.4778,-11.1264,-2.8575,-4.5665,-62.2547,-61.6238,4470312.99,106.0,Allbatross Portföy Yönetimi A.Ş.,2.0,7.0,False,True,False,False,False,Hisse (aktif),0.0,0.0,91.9,-67.0704,True,False,2026-10-09
PHB,PUSULA PORTFÖY BEŞİNCİ HİSSE SENEDİ SERBEST (TL) FON (HİSSE SENEDİ YOĞUN FON),Serbest Şemsiye Fonu,-64.8394,-51.9887,-54.2992,-58.4301,-63.7884,,,,,,,True,True,False,False,False,Hisse (aktif),,,,,False,False,
PO9,PARDUS PORTFÖY ONDOKUZUNCU HİSSE SENEDİ SERBEST FON (HİSSE SENEDİ YOĞUN FON),Serbest Şemsiye Fonu,-35.9808,-35.7399,-46.2541,-55.9098,-64.6854,,,,,,,True,True,False,False,False,Hisse (aktif),,,,,False,False,
IHY,BULLS PORTFÖY GMS HİSSE SENEDİ SERBEST ÖZEL FON (HİSSE SENEDİ YOĞUN FON),Serbest Şemsiye Fonu,-47.0486,-54.2874,-41.4411,-25.5245,-65.0429,35.2833,,,,,,True,True,False,True,False,Hisse (aktif),,,,,False,False,
POI,PARDUS PORTFÖY ONİKİNCİ HİSSE SENEDİ SERBEST (TL) FON (HİSSE SENEDİ YOĞUN FON),Serbest Şemsiye Fonu,-33.0559,-56.6769,-69.7998,-59.6307,-65.1872,,,,,,,True,True,False,False,False,Hisse (aktif),,,,,False,False,
IIE,BULLS PORTFÖY İKİNCİ SERBEST FON,Serbest Şemsiye Fonu,-8.991,-48.9406,-55.324,-49.0125,-66.4678,45.9943,,,,,,True,True,False,False,False,,,,,,False,False,
AS3,ALLBATROSS PORTFÖY ATLAS SERBEST FON,Serbest Şemsiye Fonu,-14.2737,-13.6628,-10.2886,-15.1756,-67.2955,,,,,,,True,True,False,False,False,,,,,,False,False,
HVB,HEDEF PORTFÖY PUSULA HİSSE SENEDİ SERBEST (TL) FON (HİSSE SENEDİ YOĞUN FON),Serbest Şemsiye Fonu,-80.0326,-86.9633,-84.0185,-69.4189,-67.3461,-59.1907,,,,,,True,True,False,False,False,Hisse (aktif),,,,,False,False,
DDC,DENİZ PORTFÖY GÜN DOĞUSU HİSSE SENEDİ SERBEST (TL) FON (HİSSE SENEDİ YOĞUN FON),Serbest Şemsiye Fonu,-84.5909,-88.7929,-83.3052,-76.8386,-68.4683,-18.6587,373087460.04,5.0,Deniz Portföy Yönetimi A.Ş.,0.0,7.0,False,True,False,False,False,Hisse (aktif),0.0,0.0,91.58,-92.439,True,False,2026-10-09
ION,İSTANBUL PORTFÖY ONİKİNCİ SERBEST FON,Serbest Şemsiye Fonu,2.5506,14.5064,-67.5556,-69.1057,-68.5447,-28.8333,8848181.55,15.0,İstanbul Portföy Yönetimi A.Ş.,0.0,7.0,False,True,False,False,False,,0.0,0.0,0.0,-85.82,True,False,2026-10-09
RIH,RE-PIE PORTFÖY İKİNCİ HİSSE SENEDİ SERBEST FON (HİSSE SENEDİ YOĞUN FON),Serbest Şemsiye Fonu,-65.121,-66.112,-41.3772,-71.8043,-68.9954,212.3564,40090532.91,587.0,Re-pıe Portföy Yönetimi A.Ş.,2.0,7.0,False,True,False,False,False,Hisse (aktif),0.0,0.0,99.95,-77.3997,True,False,2026-10-09
IIS,İSTANBUL PORTFÖY İKİNCİ SERBEST FON,Serbest Şemsiye Fonu,-42.606,-67.2789,-77.3196,-66.0052,-69.1492,-50.3123,459983851.66,73.0,İstanbul Portföy Yönetimi A.Ş.,0.0,7.0,False,True,False,False,False,,0.0,0.25,1.04,-79.1964,True,False,2026-10-09
PPO,PARDUS PORTFÖY ONDÖRDÜNCÜ HİSSE SENEDİ SERBEST (TL) FON (HİSSE SENEDİ YOĞUN FON),Serbest Şemsiye Fonu,-71.2542,-74.9944,-42.3773,-67.8309,-69.3235,,,,,,,True,True,False,False,False,Hisse (aktif),,,,,False,False,
HPI,HEDEF PORTFÖY İDEAL HİSSE SENEDİ SERBEST (TL) FON (HİSSE SENEDİ YOĞUN FON),Serbest Şemsiye Fonu,-77.8609,-86.1339,-87.0619,-73.9862,-72.9482,-88.7926,,,,,,True,True,False,False,False,Hisse (aktif),,,,,False,False,
SSE,ATLAS PORTFÖY İKİNCİ SERBEST FON,Serbest Şemsiye Fonu,-37.4053,-43.3429,-45.0236,-34.4896,-73.4218,,,,,,,True,True,False,False,False,,,,,,False,False,
DAE,DENİZ PORTFÖY ARBAU HİSSE SENEDİ SERBEST ÖZEL FON (HİSSE SENEDİ YOĞUN FON),Serbest Şemsiye Fonu,-81.1102,-76.6083,-78.7893,-78.8906,-74.0783,,203736973.7,1.0,Deniz Portföy Yönetimi A.Ş.,0.0,,False,True,False,True,False,Hisse (aktif),0.0,0.0,82.45,-86.7556,True,False,2026-10-09
MTE,MT PORTFÖY BİRİNCİ HİSSE SENEDİ SERBEST FON (HİSSE SENEDİ YOĞUN FON),Serbest Şemsiye Fonu,-8.4849,-81.3598,-87.7098,-75.6652,-75.8111,,1808456.62,14.0,Mt Portföy Yönetimi A.Ş.,0.0,7.0,False,True,False,False,False,Hisse (aktif),0.0,0.0,93.45,-89.2385,True,False,2026-10-09
ESP,AURA PORTFÖY EMTİA SERBEST FON,Serbest Şemsiye Fonu,-24.3192,-43.828,-48.6095,-71.7744,-76.7004,-79.3524,15603665.63,228.0,Aura Portföy Yönetimi A.Ş.,3.0,7.0,False,True,False,False,False,,0.0,0.0,0.0,-77.8857,True,False,2026-10-09
SRA,AZİMUT PORTFÖY ASERVA SERBEST ÖZEL FON,Serbest Şemsiye Fonu,-81.9296,-77.5064,-79.7009,-78.481,-77.0296,,357286294.09,1.0,Azimut Portföy Yönetimi A.Ş.,0.0,6.0,False,True,False,True,False,Hisse (aktif),0.0,0.0,98.99,-84.7018,True,False,2026-10-09
HMV,HEDEF PORTFÖY MAVİ HİSSE SENEDİ SERBEST (TL) FON (HİSSE SENEDİ YOĞUN FON),Serbest Şemsiye Fonu,-88.9818,-92.5111,-89.1812,-72.2188,-77.136,-81.289,,,,,,True,True,False,False,False,Hisse (aktif),,,,,False,False,
PGH,PUSULA PORTFÖY GÜNEY HİSSE SENEDİ SERBEST (TL) FON (HİSSE SENEDİ YOĞUN FON),Serbest Şemsiye Fonu,-73.0114,-93.3845,-87.4405,-64.5279,-77.3612,,,,,,,True,True,False,False,False,Hisse (aktif),,,,,False,False,
FR1,ONE PORTFÖY BİRİNCİ SERBEST FON,Serbest Şemsiye Fonu,-69.6441,-74.4742,-81.7325,-66.1332,-77.8198,,63801311.36,19.0,One Portföy Yönetimi A.Ş.,0.0,7.0,False,True,False,False,False,Hisse (aktif),0.0,31.0,69.0,-83.8331,True,False,2026-10-09
PBH,PUSULA PORTFÖY BİRİNCİ HİSSE SENEDİ SERBEST (TL) FON (HİSSE SENEDİ YOĞUN FON),Serbest Şemsiye Fonu,-19.9923,-16.7091,-39.907,-78.6932,-77.861,,,,,,,True,True,False,False,False,Hisse (aktif),,,,,False,False,
ABJ,ALLBATROSS PORTFÖY BENZ HİSSE SENEDİ SERBEST (TL) ÖZEL FON (HİSSE SENEDİ YOĞUN FON),Serbest Şemsiye Fonu,-31.3274,-35.6676,-37.306,-27.1862,-78.154,-56.7095,635753549.72,3.0,Allbatross Portföy Yönetimi A.Ş.,0.0,7.0,False,True,False,True,False,Hisse (aktif),0.0,0.0,72.57,-73.6365,False,False,2026-10-09
LAI,ATLAS PORTFÖY İKİNCİ HİSSE SENEDİ SERBEST FON (HİSSE SENEDİ YOĞUN FON),Serbest Şemsiye Fonu,-51.7478,-36.9647,-70.9425,-77.5194,-78.5437,,,,,,,True,True,False,False,False,Hisse (aktif),,,,,False,False,
ZMU,AZİMUT PORTFÖY 23.0 HİSSE SENEDİ SERBEST FON (HİSSE SENEDİ YOĞUN FON),Serbest Şemsiye Fonu,1.7838,7.4083,16.0932,-80.4243,-78.5483,,20235131.67,14.0,Azimut Portföy Yönetimi A.Ş.,0.0,5.0,False,True,False,False,False,Hisse (aktif),0.0,0.0,85.47,-83.5723,True,False,2026-10-09
TGV,TACİRLER PORTFÖY KG SERBEST ÖZEL FON,Serbest Şemsiye Fonu,-60.023,-70.8163,-75.8252,-91.514,-79.0805,-58.7897,2928248190.31,13.0,Tacirler Portföy Yönetimi A.Ş.,0.0,7.0,False,True,False,True,False,Hisse (aktif),0.0,0.0,99.99,-97.0098,False,False,2026-10-09
HLR,HEDEF PORTFÖY ADA HİSSE SENEDİ SERBEST (TL) FON (HİSSE SENEDİ YOĞUN FON),Serbest Şemsiye Fonu,-77.5828,-77.6626,-88.7006,-82.0256,-79.6232,-27.1961,,,,,,True,True,False,False,False,Hisse (aktif),,,,,False,False,
BBN,BULLS PORTFÖY BİRİNCİ HİSSE SENEDİ SERBEST (TL) FON (HİSSE SENEDİ YOĞUN FON),Serbest Şemsiye Fonu,-40.6378,-52.9126,-54.9959,-61.329,-79.7659,,,,,,,True,True,False,False,False,Hisse (aktif),,,,,False,False,
BLA,BULLS PORTFÖY ALGORİTMİK HİSSE SENEDİ SERBEST (TL) FON (HİSSE SENEDİ YOĞUN FON),Serbest Şemsiye Fonu,-61.2507,-71.901,-76.8103,-92.0073,-80.0126,,,,,,,True,True,False,False,False,Hisse (aktif),,,,,False,False,
AP2,ATLAS PORTFÖY BEŞİNCİ SERBEST (TL) FON,Serbest Şemsiye Fonu,-80.5737,-76.223,-80.3279,-81.672,-81.2453,-40.5695,,,,,,True,True,False,False,False,,,,,,False,False,
AP6,PARDUS PORTFÖY ALTINCI HİSSE SENEDİ SERBEST (TL) FON (HİSSE SENEDİ YOĞUN FON),Serbest Şemsiye Fonu,-37.4361,-49.3435,-52.0878,-59.311,-82.065,,,,,,,True,True,False,False,False,Altın / kıymetli maden,,,,,False,False,
FSM,ONE PORTFÖY BEŞİNCİ HİSSE SENEDİ SERBEST FON (HİSSE SENEDİ YOĞUN FON),Serbest Şemsiye Fonu,-69.3053,-73.8569,-91.6426,-86.9525,-82.7512,,159782755.53,19.0,One Portföy Yönetimi A.Ş.,0.0,7.0,False,True,False,False,False,Hisse (aktif),0.0,0.0,98.51,-95.6225,True,False,2026-10-09
BIA,TRİVE PORTFÖY İSTATİSTİKSEL ARBİTRAJ HİSSE SENEDİ SERBEST FON (HİSSE SENEDİ YOĞUN FON),Serbest Şemsiye Fonu,-43.8731,-36.2098,-48.319,-76.2171,-84.1323,,909100.89,18.0,Trive Portföy Yönetimi A.Ş.,0.0,6.0,False,True,False,False,False,Hisse (aktif),0.0,0.0,100.0,-84.6181,True,False,2026-10-09
PYD,PARDUS PORTFÖY YİRMİBİRİNCİ HİSSE SENEDİ SERBEST FON (HİSSE SENEDİ YOĞUN FON),Serbest Şemsiye Fonu,-26.5899,-65.527,-80.6918,-80.5622,-84.1939,,,,,,,True,True,False,False,False,Hisse (aktif),,,,,False,False,
ZR3,ZİRAAT PORTFÖY ONÜÇÜNCÜ SERBEST (TL) FON,Serbest Şemsiye Fonu,-23.1572,-50.8875,-22.2073,-28.7666,-84.6345,-56.7028,94906639.68,117.0,Ziraat Portföy Yönetimi A.Ş.,0.0,7.0,False,True,False,False,False,,0.0,0.0,25.32,-87.8107,True,False,2026-10-09
GGP,GARANTİ PORTFÖY ALTINCI SERBEST (DÖVİZ) ÖZEL FON,Serbest Şemsiye Fonu,-28.9163,-54.8235,-74.0794,-82.1461,-84.8551,-75.9969,51103.17,1.0,Garanti Portföy Yönetimi A.Ş.,0.0,6.0,False,True,False,True,False,Altın / kıymetli maden,0.0,0.0,0.0,-84.7981,True,False,2026-10-09
HPL,HEDEF PORTFÖY ÇINAR HİSSE SENEDİ SERBEST (TL) FON (HİSSE SENEDİ YOĞUN FON),Serbest Şemsiye Fonu,-3.8647,-74.125,-78.3597,-81.2646,-85.056,-91.1881,,,,,,True,True,False,False,False,Hisse (aktif),,,,,False,False,
DLZ,DENİZ PORTFÖY ALİZE HİSSE SENEDİ SERBEST (TL) FON (HİSSE SENEDİ YOĞUN FON),Serbest Şemsiye Fonu,2.5461,-24.5278,-63.356,-84.1734,-85.6727,,11140612.23,38.0,Deniz Portföy Yönetimi A.Ş.,2.0,7.0,False,True,False,False,False,Hisse (aktif),0.0,0.0,79.39,-90.8756,True,False,2026-10-09
MP2,MT PORTFÖY İKİNCİ HİSSE SENEDİ SERBEST FON (HİSSE SENEDİ YOĞUN FON),Serbest Şemsiye Fonu,-82.2848,-85.2437,-85.7525,-82.6692,-85.7181,,789611537.49,11.0,Mt Portföy Yönetimi A.Ş.,0.0,7.0,False,True,False,False,False,Hisse (aktif),0.0,0.0,99.36,-87.0573,False,False,2026-10-09
PYI,PARDUS PORTFÖY YİRMİİKİNCİ HİSSE SENEDİ SERBEST FON (HİSSE SENEDİ YOĞUN FON),Serbest Şemsiye Fonu,-98.228,-98.7716,-97.2876,-92.1865,-86.2877,,,,,,,True,True,False,False,False,Hisse (aktif),,,,,False,False,
BAC,ATLAS PORTFÖY BİRİNCİ HİSSE SENEDİ SERBEST FON (HİSSE SENEDİ YOĞUN FON),Serbest Şemsiye Fonu,-62.3308,-90.6589,-93.688,-87.6959,-87.605,,,,,,,True,True,False,False,False,Hisse (aktif),,,,,False,False,
LZV,AZİMUT PORTFÖY İLA HİSSE SENEDİ SERBEST (TL) ÖZEL FON (HİSSE SENEDİ YOĞUN FON),Serbest Şemsiye Fonu,-43.1724,-47.0939,-53.73,-49.1028,-88.3276,-48.6057,40828844.95,2.0,Azimut Portföy Yönetimi A.Ş.,0.0,6.0,False,True,False,True,False,Hisse (aktif),0.0,0.0,99.75,-90.3945,True,False,2026-10-09
PDE,PUSULA PORTFÖY DENGE KATILIM SERBEST FON,Serbest Şemsiye Fonu,-84.6297,-90.308,-86.087,-88.4604,-88.3919,,,,,,,True,True,False,False,False,Kira sertifikası / katılım,,,,,False,False,
MT6,MT PORTFÖY ALTINCI HİSSE SENEDİ SERBEST FON (HİSSE SENEDİ YOĞUN FON),Serbest Şemsiye Fonu,-78.6435,-89.0897,-94.4519,-87.1667,-88.4125,,38103965.12,12.0,Mt Portföy Yönetimi A.Ş.,0.0,7.0,False,True,False,False,False,Hisse (aktif),0.0,0.0,84.04,-95.2851,True,False,2026-10-09
IEZ,INVEO PORTFÖY ELMA HİSSE SENEDİ SERBEST (TL) ÖZEL FON (HİSSE SENEDİ YOĞUN FON),Serbest Şemsiye Fonu,-43.158,-47.136,-53.7531,-49.0958,-88.4306,420.4448,45728012.07,3.0,Inveo Portföy Yönetimi A.Ş.,0.0,7.0,False,True,False,True,False,Hisse (aktif),0.0,0.0,99.92,-90.4956,True,False,2026-10-09
AC2,PARDUS PORTFÖY İKİNCİ SERBEST FON,Serbest Şemsiye Fonu,-83.0089,-87.7167,-85.9466,-85.0588,-89.0425,-60.2153,,,,,,True,True,False,False,False,,,,,,False,False,
RDH,RE-PIE PORTFÖY DÖRDÜNCÜ HİSSE SENEDİ SERBEST (TL) FON (HİSSE SENEDİ YOĞUN FON),Serbest Şemsiye Fonu,-86.9245,-92.573,-90.2741,-91.9218,-90.2015,,60330223.48,17.0,Re-pıe Portföy Yönetimi A.Ş.,0.0,7.0,False,True,False,False,False,Hisse (aktif),0.0,0.0,99.42,-95.471,True,False,2026-10-09
KHF,ALLBATROSS PORTFÖY KATILIM HİSSE SENEDİ SERBEST FON (HİSSE SENEDİ YOĞUN FON),Serbest Şemsiye Fonu,-10.8489,-24.9714,-24.8436,-81.7285,-90.7544,,832176.84,17.0,Allbatross Portföy Yönetimi A.Ş.,0.0,7.0,False,True,False,False,False,Hisse (aktif),0.0,0.0,77.84,-91.8301,True,False,2026-10-09
HPF,HEDEF PORTFÖY KUZEY HİSSE SENEDİ SERBEST (TL) FON (HİSSE SENEDİ YOĞUN FON),Serbest Şemsiye Fonu,-87.3039,-92.6065,-91.8602,-90.2192,-90.8555,-91.3525,,,,,,True,True,False,False,False,Hisse (aktif),,,,,False,False,
IAU,PARDUS PORTFÖY İKİNCİ İSTATİSTİKSEL ARBİTRAJ HİSSE SENEDİ SERBEST (TL) FON (HİSSE SENEDİ YOĞUN FON),Serbest Şemsiye Fonu,-94.8865,-94.6021,-94.1104,-93.6356,-93.1356,-84.4542,,,,,,True,True,False,False,False,Hisse (aktif),,,,,False,False,
AJ1,A1 CAPİTAL PORTFÖY İSTATİSTİKSEL ARBİTRAJ HİSSE SENEDİ SERBEST FON (HİSSE SENEDİ YOĞUN FON),Serbest Şemsiye Fonu,-94.8391,-94.5724,-94.1174,-93.7293,-93.2037,,,,,,,True,True,False,False,False,Hisse (aktif),,,,,False,False,
MP4,MT PORTFÖY DÖRDÜNCÜ HİSSE SENEDİ SERBEST FON (HİSSE SENEDİ YOĞUN FON),Serbest Şemsiye Fonu,-96.5609,-95.5029,-96.1292,-95.2597,-94.1125,,237196262.8,15.0,Mt Portföy Yönetimi A.Ş.,0.0,7.0,False,True,False,False,False,Hisse (aktif),0.0,0.0,100.0,-96.4795,True,False,2026-10-09
AC5,PARDUS PORTFÖY İSTATİSTİKSEL ARBİTRAJ HİSSE SENEDİ SERBEST (TL) FON (HİSSE SENEDİ YOĞUN FON),Serbest Şemsiye Fonu,-95.7208,-95.4988,-95.1791,-94.7763,-94.3367,-88.8633,,,,,,True,True,False,False,False,Hisse (aktif),,,,,False,False,
CAH,A1 CAPİTAL PORTFÖY HİSSE SENEDİ SERBEST FON (HİSSE SENEDİ YOĞUN FON),Serbest Şemsiye Fonu,-95.6645,-95.8566,-95.6913,-94.6404,-94.4346,,,,,,,True,True,False,False,False,Hisse (aktif),,,,,False,False,
BSE,PARDUS PORTFÖY BIST 30 DIŞI ŞİRKETLER HİSSE SENEDİ SERBEST (TL) FON (HİSSE SENEDİ YOĞUN FON),Serbest Şemsiye Fonu,-82.2961,-85.9652,-88.4036,-87.3326,-95.202,-95.0397,,,,,,True,True,False,False,False,Hisse (aktif),,,,,False,False,
PAO,PARDUS PORTFÖY ANADOLU HİSSE SENEDİ SERBEST FON (HİSSE SENEDİ YOĞUN FON),Serbest Şemsiye Fonu,-95.3824,-95.468,-95.7042,-95.2671,-95.2755,,,,,,,True,True,False,False,False,Hisse (aktif),,,,,False,False,
YLR,YAPI KREDİ PORTFÖY AKATLAR KAR PAYI ÖDEYEN SERBEST (DÖVİZ) FON,Serbest Şemsiye Fonu,-9.1424,-6.0839,-86.5711,-95.6686,-95.4037,,589967407.72,16.0,Yapı Kredi Portföy Yönetimi A.Ş.,1.0,,False,True,False,False,False,Eurobond / döviz,0.0,100.0,0.0,-96.5008,False,False,2026-10-09
BST,PARDUS PORTFÖY BANKACILIK SEKTÖRÜ DIŞI ŞİRKETLER HİSSE SENEDİ SERBEST (TL) FON (HİSSE SENEDİ YOĞUN FON),Serbest Şemsiye Fonu,-97.0905,-96.9973,-96.8873,-96.4632,-96.3674,-93.2831,,,,,,True,True,False,False,False,Hisse (aktif),,,,,False,False,
CBD,A1 CAPİTAL PORTFÖY BIST 30 DIŞI ŞİRKETLER HİSSE SENEDİ SERBEST FON (HİSSE SENEDİ YOĞUN FON),Serbest Şemsiye Fonu,-54.9687,-97.2098,-98.7371,-96.6496,-96.5612,,,,,,,True,True,False,False,False,Hisse (aktif),,,,,False,False,
BMU,BULLS PORTFÖY MUTLAK GETİRİ HEDEFLİ HİSSE SENEDİ SERBEST FON (HİSSE SENEDİ YOĞUN FON),Serbest Şemsiye Fonu,-99.0299,-99.1965,-97.8272,-96.6995,-96.5985,,,,,,,True,True,False,False,False,Hisse (aktif),,,,,False,False,
FS4,ONE PORTFÖY ÜÇÜNCÜ HİSSE SENEDİ SERBEST FON (HİSSE SENEDİ YOĞUN FON),Serbest Şemsiye Fonu,-84.6327,-97.4897,-98.3068,-96.6809,-96.6117,,102250958.48,20.0,One Portföy Yönetimi A.Ş.,0.0,7.0,False,True,False,False,False,Hisse (aktif),0.0,0.0,100.0,-98.7578,True,False,2026-10-09
SHI,PARDUS PORTFÖY SEKİZİNCİ HİSSE SENEDİ SERBEST (TL) FON (HİSSE SENEDİ YOĞUN FON),Serbest Şemsiye Fonu,-49.9899,-41.6038,-98.1754,-95.6762,-96.7786,,,,,,,True,True,False,False,False,Hisse (aktif),,,,,False,False,
OHI,PARDUS PORTFÖY ONUNCU HİSSE SENEDİ SERBEST (TL) FON (HİSSE SENEDİ YOĞUN FON),Serbest Şemsiye Fonu,-80.7859,-71.2264,256.9456,-31.6604,-96.9366,,,,,,,True,True,False,False,False,Hisse (aktif),,,,,False,False,
BRT,PARDUS PORTFÖY BEREKET HİSSE SENEDİ SERBEST FON (HİSSE SENEDİ YOĞUN FON),Serbest Şemsiye Fonu,-95.2319,-96.3059,-96.8744,-96.9319,-96.9747,,,,,,,True,True,False,False,False,Hisse (aktif),,,,,False,False,
CSH,PARDUS PORTFÖY ÜÇÜNCÜ HİSSE SENEDİ SERBEST FON (HİSSE SENEDİ YOĞUN FON),Serbest Şemsiye Fonu,-84.9696,-90.4568,-85.6344,-76.6894,-97.2236,-80.8461,,,,,,True,True,False,False,False,Hisse (aktif),,,,,False,False,
PMP,PARDUS PORTFÖY MODEL PORTFÖY HİSSE SENEDİ SERBEST FON (HİSSE SENEDİ YOĞUN FON),Serbest Şemsiye Fonu,-95.1763,-96.5159,-97.0172,-97.1648,-97.3042,,,,,,,True,True,False,False,False,Hisse (aktif),,,,,False,False,
DHI,PARDUS PORTFÖY DOKUZUNCU HİSSE SENEDİ SERBEST (TL) FON (HİSSE SENEDİ YOĞUN FON),Serbest Şemsiye Fonu,-46.4592,-58.9203,-95.5618,-89.5978,-97.3752,,,,,,,True,True,False,False,False,Hisse (aktif),,,,,False,False,
POS,PARDUS PORTFÖY ONBEŞİNCİ HİSSE SENEDİ SERBEST (TL) FON (HİSSE SENEDİ YOĞUN FON),Serbest Şemsiye Fonu,-98.5744,-98.4499,-98.3794,-98.2952,-98.4744,,,,,,,True,True,False,False,False,Hisse (aktif),,,,,False,False,
PYR,PARDUS PORTFÖY YİRMİNCİ HİSSE SENEDİ SERBEST FON (HİSSE SENEDİ YOĞUN FON),Serbest Şemsiye Fonu,-98.0538,-98.6243,-98.8283,-98.78,-98.8455,,,,,,,True,True,False,False,False,Hisse (aktif),,,,,False,False,
PST,PARDUS PORTFÖY SANAYİ SEKTÖRÜ DIŞI ŞİRKETLER HİSSE SENEDİ SERBEST FON (HİSSE SENEDİ YOĞUN FON),Serbest Şemsiye Fonu,-80.8182,-94.4829,-92.8446,-91.202,-99.504,,,,,,,True,True,False,False,False,Hisse (aktif),,,,,False,False,
P1A,A1 CAPİTAL PORTFÖY PARA PİYASASI (TL) SERBEST FON,Serbest Şemsiye Fonu,-99.858,-99.8472,-99.8301,-99.8103,-99.79,,,,,,,True,True,False,False,False,Para piyasası,,,,,False,False,
HUS,HEDEF PORTFÖY UĞUR SERBEST FON,Serbest Şemsiye Fonu,-1.7852,-2.7497,-5.1191,-99.318,-99.8275,,,,,,,True,True,False,False,False,,,,,,False,False,
BPZ,BULLS PORTFÖY PARA PİYASASI (TL) FONU,Para Piyasası Şemsiye Fonu,-99.906,-99.8986,-99.8872,-99.8749,-99.8623,,1078110307.98,2376.0,Bulls Portföy Yönetimi A.Ş.,0.0,2.0,True,False,False,False,False,Para piyasası,32.86,67.14,0.0,0.0,False,False,2026-10-05
AC4,PARDUS PORTFÖY PARA PİYASASI (TL) FON,Para Piyasası Şemsiye Fonu,-99.9465,-99.9427,-99.9365,-99.9296,-99.9226,-99.8076,1907759189.69,4106.0,Pardus Portföy Yönetimi A.Ş.,0.0,1.0,True,False,False,False,False,Para piyasası,75.97,24.03,0.0,-0.015,False,False,2026-10-05
KHA,PARDUS PORTFÖY İKİNCİ HİSSE SENEDİ (TL) FONU (HİSSE SENEDİ YOĞUN FON),Hisse Senedi Şemsiye Fonu,-99.9711,-99.9641,-99.957,-99.9427,-99.9357,,,,,,,True,False,False,False,False,Hisse (aktif),,,,,False,False,
YLZ,BULLS PORTFÖY YILDIZ PAZAR ŞİRKETLERİ HİSSE SENEDİ SERBEST FON (HİSSE SENEDİ YOĞUN FON),Serbest Şemsiye Fonu,-1.8911,96.2964,89.4251,615.6968,,,,,,,,True,True,False,False,False,Hisse (aktif),,,,,False,False,
DIH,DENİZ PORTFÖY İKİNCİ HİSSE SENEDİ SERBEST (TL) FON (HİSSE SENEDİ YOĞUN FON),Serbest Şemsiye Fonu,-13.3116,40.0573,2.0735,114.9053,,,171826309.73,11.0,Deniz Portföy Yönetimi A.Ş.,0.0,7.0,False,True,False,False,False,Hisse (aktif),0.0,0.0,100.03,-33.3832,True,False,2026-10-09
BA1,GLOBAL MD PORTFÖY BİRİNCİ SERBEST FON,Serbest Şemsiye Fonu,10.4428,30.7939,77.0807,106.3459,,,683176716.67,37.0,Global MD Portföy Yönetimi A.Ş.,0.0,6.0,False,True,False,False,False,,32.19,1.58,14.8,-11.6079,False,False,2026-10-09
NLL,GLOBAL MD PORTFÖY NİL SERBEST FON,Serbest Şemsiye Fonu,-32.6977,-31.7537,-9.5434,80.3892,,,1348330922.74,24.0,Global MD Portföy Yönetimi A.Ş.,0.0,6.0,False,True,False,False,False,Hisse (aktif),0.0,0.0,99.98,-51.3941,False,False,2026-10-09
DHV,DENİZ PORTFÖY BİRİNCİ HİSSE SENEDİ SERBEST (TL) FON (HİSSE SENEDİ YOĞUN FON),Serbest Şemsiye Fonu,-13.3829,2.0307,7.1678,71.5507,,,422438342.57,459.0,Deniz Portföy Yönetimi A.Ş.,2.0,7.0,False,True,False,False,False,Hisse (aktif),0.0,0.0,97.35,-37.4152,True,False,2026-10-09
BS1,AHLATCI PORTFÖY BİRİNCİ SERBEST (TL) FON,Serbest Şemsiye Fonu,17.0441,37.5235,48.9519,69.6668,,,496069948.88,965.0,Ahlatcı Portföy Yönetimi A.Ş.,1.0,6.0,False,True,False,False,False,Hisse (aktif),0.0,0.84,84.59,-4.295,True,False,2026-10-09
BSM,GLOBAL MD PORTFÖY BERRAK SERBEST FON,Serbest Şemsiye Fonu,4.0837,14.186,33.0469,64.453,,,636949888.16,1388.0,Global MD Portföy Yönetimi A.Ş.,2.0,7.0,False,True,False,False,False,,0.0,35.03,0.0,-0.792,False,False,2026-10-09
CVL,A1 CAPİTAL PORTFÖY ÇOKLU VARLIK KATILIM FONU,Katılım Şemsiye Fonu,-3.249,19.3775,31.5118,48.0435,,,,,,,,True,False,False,False,False,Kira sertifikası / katılım,,,,,False,False,
SKZ,NEO PORTFÖY SEKİZİNCİ SERBEST FON,Serbest Şemsiye Fonu,-3.199,4.2297,18.8595,44.0896,,,211200683.44,430.0,Neo Portföy Yönetimi A.Ş.,2.0,7.0,False,True,False,False,False,,0.0,0.0,15.03,-37.8812,True,False,2026-10-09
MT2,MT PORTFÖY PARA PİYASASI SERBEST (TL) FON,Serbest Şemsiye Fonu,2.8943,10.2104,23.5971,40.3291,,,4795290143.57,535.0,Mt Portföy Yönetimi A.Ş.,0.0,2.0,False,True,False,False,False,Para piyasası,0.12,19.55,0.0,-0.0116,False,False,2026-10-09
PIS,PARDUS PORTFÖY İKİNCİ KISA VADELİ SERBEST (TL) FON,Serbest Şemsiye Fonu,3.4448,11.1934,24.0482,39.4453,,,,,,,,True,True,False,False,False,,,,,,False,False,
DGF,A1 CAPİTAL PORTFÖY DEĞİŞKEN FON,Değişken Şemsiye Fonu,1.9792,22.413,25.8564,38.7264,,,,,,,,True,False,False,False,False,Karma / değişken,,,,,False,False,
NKT,NUROL PORTFÖY BİRİNCİ KATILIM HİSSE SENEDİ FONU (HİSSE SENEDİ YOĞUN FON),Hisse Senedi Şemsiye Fonu,-8.0014,1.4857,13.4869,38.1275,,,81351034.45,621.0,Nurol Portföy Yönetimi A.Ş.,2.0,5.0,False,False,False,False,False,Hisse (aktif),0.0,0.0,92.24,-11.475,True,False,2026-10-09
HGR,HEDEF PORTFÖY ALGORİTMİK STRATEJİLER SERBEST FON,Serbest Şemsiye Fonu,3.0479,11.2393,19.3919,37.6254,,,,,,,,True,True,False,False,False,,,,,,False,False,
HKJ,HEDEF PORTFÖY PARA PİYASASI SERBEST FON,Serbest Şemsiye Fonu,1.7361,9.6308,22.0237,37.0543,,,,,,,,True,True,False,False,False,Para piyasası,,,,,False,False,
IRB,İSTANBUL PORTFÖY İSTATİSTİKSEL ARBİTRAJ HİSSE SENEDİ SERBEST FON (HİSSE SENEDİ YOĞUN FON),Serbest Şemsiye Fonu,3.3816,9.6833,21.4122,36.7805,,,540100117.98,454.0,İstanbul Portföy Yönetimi A.Ş.,2.0,3.0,False,True,False,False,False,Hisse (aktif),0.0,0.0,81.26,-0.6661,False,False,2026-10-09
PDS,PARDUS PORTFÖY DÖRDÜNCÜ SERBEST FON,Serbest Şemsiye Fonu,-24.6033,-48.531,-1.4243,35.8122,,,,,,,,True,True,False,False,False,,,,,,False,False,
IIN,INVEO PORTFÖY PARA PİYASASI SERBEST (TL) FON,Serbest Şemsiye Fonu,2.9261,10.6542,22.4024,35.687,,,764970362.86,72.0,Inveo Portföy Yönetimi A.Ş.,0.0,2.0,False,True,False,False,False,Para piyasası,0.0,83.28,0.0,-0.087,False,False,2026-10-09
DNF,A1 CAPİTAL PORTFÖY DİNAMİK FON SEPETİ FONU,Fon Sepeti Şemsiye Fonu,1.9381,14.9131,23.7152,35.0132,,,,,,,,True,False,False,False,False,,,,,,False,False,
PRV,ASTRA PORTFÖY PARA PİYASASI SERBEST FON,Serbest Şemsiye Fonu,3.1178,9.9674,21.3292,34.485,,,3823665447.39,63.0,Astra Portföy Yönetimi A.Ş.,0.0,2.0,False,True,False,False,False,Para piyasası,0.0,32.72,0.0,-0.005,False,False,2026-10-09
GOF,GARANTİ PORTFÖY OTUZİKİNCİ SERBEST (DÖVİZ) FON,Serbest Şemsiye Fonu,5.6814,9.4876,30.38,34.1225,,,430970419.18,358.0,Garanti Portföy Yönetimi A.Ş.,0.0,,False,True,False,False,False,Eurobond / döviz,0.0,0.0,0.0,-9.3189,True,False,2026-10-09
EPT,EMAA BLUE PORTFÖY PARA PİYASASI (TL) FONU,Para Piyasası Şemsiye Fonu,2.988,10.0119,21.3135,33.8406,,,1227807882.44,58.0,EMAA Blue Portföy Yönetimi A.Ş.,0.0,1.0,False,False,False,False,False,Para piyasası,15.74,11.05,0.0,0.0,False,False,2026-10-06
UCP,AK PORTFÖY ÜÇÜNCÜ PARA PİYASASI SERBEST (TL) FON,Serbest Şemsiye Fonu,2.9936,9.8786,21.071,33.6549,,,3143304979.6,330.0,Ak Portföy Yönetimi A.Ş.,0.0,1.0,False,True,False,False,False,Para piyasası,0.0,0.0,0.0,0.0,False,False,2026-10-09
KLI,AK PORTFÖY PARA PİYASASI KATILIM SERBEST FON,Serbest Şemsiye Fonu,2.8866,9.899,21.2489,33.6309,,,79363819.07,139.0,Ak Portföy Yönetimi A.Ş.,0.0,2.0,False,True,False,False,False,Para piyasası,6.57,0.0,0.0,0.0,True,False,2026-10-09
RO1,ROTA PORTFÖY BİRİNCİ PARA PİYASASI SERBEST FON,Serbest Şemsiye Fonu,2.9572,9.7558,20.9387,33.4936,,,90697811.96,20.0,Rota Portföy Yönetimi A.Ş.,0.0,2.0,False,True,False,False,False,Para piyasası,0.0,12.32,0.0,0.0,True,False,2026-10-09
GMN,GLOBAL MD PORTFÖY BİRİNCİ PARA PİYASASI SERBEST (TL) FON,Serbest Şemsiye Fonu,3.0258,9.9304,20.7947,33.298,,,65530659.26,28.0,Global MD Portföy Yönetimi A.Ş.,0.0,2.0,False,True,False,False,False,Para piyasası,4.72,51.87,0.0,-0.0075,True,False,2026-10-09
EPA,EMAA BLUE PORTFÖY PARA PİYASASI KATILIM (TL) FONU,Katılım Şemsiye Fonu,2.9872,9.9031,21.029,33.1818,,,653166244.1,127.0,EMAA Blue Portföy Yönetimi A.Ş.,0.0,1.0,False,False,False,False,False,Para piyasası,5.28,22.94,0.0,0.0,False,False,2026-10-06
PRR,INVEO PORTFÖY PARA PİYASASI KATILIM (TL) FONU,Katılım Şemsiye Fonu,3.0478,9.937,21.0273,33.1131,,,246961056.11,136.0,Inveo Portföy Yönetimi A.Ş.,0.0,1.0,False,False,False,False,False,Para piyasası,9.83,23.3,0.0,0.0,True,False,2026-10-06
KVR,ATLAS PORTFÖY KISA VADELİ KATILIM SERBEST FON,Serbest Şemsiye Fonu,3.0187,9.9552,20.965,32.7797,,,,,,,,True,True,False,False,False,Kira sertifikası / katılım,,,,,False,False,
BKO,AZİMUT PORTFÖY BİRİNCİ KATILIM SERBEST ÖZEL FON,Serbest Şemsiye Fonu,2.6164,9.3099,20.4371,32.635,,,4295585.94,1.0,Azimut Portföy Yönetimi A.Ş.,0.0,2.0,False,True,False,True,False,Kira sertifikası / katılım,0.0,0.0,0.0,-0.053,True,False,2026-10-09
HFY,ALBARAKA PORTFÖY HAYAT FİNANS KISA VADELİ KATILIM SERBEST FON,Serbest Şemsiye Fonu,2.9896,9.7132,20.2115,31.6819,,,344234736.82,30.0,Albaraka Portföy Yönetimi A.Ş.,0.0,2.0,False,True,False,False,False,Kira sertifikası / katılım,0.0,0.0,0.0,0.0,True,False,2026-10-09
NMU,NUROL PORTFÖY MUTLAK GETİRİ HEDEFLİ HİSSE SENEDİ SERBEST FON (HİSSE SENEDİ YOĞUN FON),Serbest Şemsiye Fonu,3.1747,9.8204,22.1775,31.1202,,,,,,,,True,True,False,False,False,Hisse (aktif),,,,,False,False,
TFU,İŞ PORTFÖY TÜFEYE ENDEKSLİ BORÇLANMA ARAÇLARI (TL) FONU,Borçlanma Araçları Şemsiye Fonu,1.5673,5.6928,14.4265,28.5019,,,196347908.92,1060.0,İş Portföy Yönetimi A.Ş.,1.0,4.0,False,False,False,False,False,Enflasyona endeksli,85.92,0.0,0.0,-0.6672,True,False,2026-10-06
KVK,HEDEF PORTFÖY KATILIM İSTATİSTİKSEL ARBİTRAJ SERBEST FON,Serbest Şemsiye Fonu,1.9001,7.3057,16.6143,26.8261,,,,,,,,True,True,False,False,False,Kira sertifikası / katılım,,,,,False,False,
MOZ,EMAA BLUE PORTFÖY MOZAİK SERBEST FON,Serbest Şemsiye Fonu,1.2043,7.3781,19.2194,24.8772,,,394771767.27,95.0,EMAA Blue Portföy Yönetimi A.Ş.,3.0,5.0,False,True,False,False,False,,0.87,17.48,42.0,-7.7715,True,False,2026-10-09
BHO,AZİMUT PORTFÖY BİRİNCİ PY HİSSE SENEDİ SERBEST ÖZEL FON (HİSSE SENEDİ YOĞUN FON),Serbest Şemsiye Fonu,2.1248,7.0118,13.7468,24.2265,,,1532118923.36,1.0,Azimut Portföy Yönetimi A.Ş.,0.0,2.0,False,True,False,True,False,Hisse (aktif),0.0,0.0,86.18,-10.8937,False,False,2026-10-09
KRH,PARDUS PORTFÖY KARTAL HİSSE SENEDİ SERBEST FON (HİSSE SENEDİ YOĞUN FON),Serbest Şemsiye Fonu,-24.2101,-7.6985,6.4353,24.0862,,,,,,,,True,True,False,False,False,Hisse (aktif),,,,,False,False,
VRK,DENİZ PORTFÖY ÇOKLU VARLIK KATILIM FONU,Katılım Şemsiye Fonu,-2.4058,4.5068,11.1737,21.5571,,,42130028.42,140.0,Deniz Portföy Yönetimi A.Ş.,2.0,4.0,False,False,False,False,False,Kira sertifikası / katılım,29.33,2.26,36.21,-4.6886,True,False,2026-10-09
BON,A1 CAPİTAL PORTFÖY BORÇLANMA ARAÇLARI FONU,Borçlanma Araçları Şemsiye Fonu,1.1002,12.6508,20.2421,21.3755,,,68603160.87,435.0,A1 Capital Portföy Yönetimi A.Ş.,1.0,5.0,True,False,False,False,False,Kamu borçlanma (devlet tahvili),91.25,8.66,0.0,-5.4472,True,False,2026-10-05
SLG,QNB PORTFÖY ALGORİTMİK STRATEJİLER HİSSE SENEDİ FONU (HİSSE SENEDİ YOĞUN FON),Hisse Senedi Şemsiye Fonu,-10.7154,-7.0015,-1.821,19.6109,,,346862790.86,619.0,QNB Portföy Yönetimi A.Ş.,2.0,6.0,False,False,False,False,False,Hisse (aktif),0.0,0.0,97.62,-14.1159,True,False,2026-10-09
URD,ALBARAKA PORTFÖY ÜÇÜNCÜ KATILIM SERBEST (DÖVİZ-ABD DOLARI) FON,Serbest Şemsiye Fonu,2.0843,6.6699,13.8709,19.5774,,,11425409518.78,14.0,Albaraka Portföy Yönetimi A.Ş.,0.0,6.0,False,True,False,False,False,Eurobond / döviz,0.0,7.96,0.0,-0.1511,False,False,2026-10-09
EML,AK PORTFÖY EMLAK SEKTÖRÜ DEĞİŞKEN FON,Değişken Şemsiye Fonu,-6.182,-4.3158,4.4628,19.3944,,,34122984.22,856.0,Ak Portföy Yönetimi A.Ş.,3.0,4.0,False,False,False,False,False,Hisse (aktif),0.0,0.0,100.0,-8.2239,True,False,2026-10-09
NUH,NEO PORTFÖY ÜÇÜNCÜ HİSSE SENEDİ FONU (HİSSE SENEDİ YOĞUN FON),Hisse Senedi Şemsiye Fonu,-11.4382,-10.0048,0.7314,18.9934,,,33016396.33,555.0,Neo Portföy Yönetimi A.Ş.,2.0,6.0,False,False,False,False,False,Hisse (aktif),0.0,0.0,92.95,-15.9229,True,False,2026-10-09
YOZ,DENİZ PORTFÖY YAKAMOZ SERBEST (DÖVİZ) FON,Serbest Şemsiye Fonu,1.9411,6.2588,13.0542,18.7441,,,41551639504.57,2289.0,Deniz Portföy Yönetimi A.Ş.,1.0,3.0,False,True,False,False,False,Eurobond / döviz,0.0,73.44,0.0,-0.1509,False,False,2026-10-09
GP3,GARANTİ PORTFÖY ÜÇÜNCÜ SERBEST (DÖVİZ-AVRO) FON,Serbest Şemsiye Fonu,-5.9839,0.5875,7.5552,18.708,,,565524349.26,438.0,Garanti Portföy Yönetimi A.Ş.,0.0,,False,True,False,False,False,Eurobond / döviz,0.0,0.0,0.0,-8.6151,False,False,2026-10-09
PUV,AK PORTFÖY PRUVA SERBEST (DÖVİZ) ÖZEL FON,Serbest Şemsiye Fonu,1.0523,6.2456,12.2429,18.3404,,,1254429597.45,1.0,Ak Portföy Yönetimi A.Ş.,0.0,6.0,False,True,False,True,False,Eurobond / döviz,39.63,42.7,4.73,-0.5394,False,False,2026-10-09
YSA,YAPI KREDİ PORTFÖY SUADİYE SERBEST (DÖVİZ) FON,Serbest Şemsiye Fonu,1.213,5.6639,15.5909,18.0866,,,269939938.41,267.0,Yapı Kredi Portföy Yönetimi A.Ş.,2.0,,False,True,False,False,False,Eurobond / döviz,0.0,65.32,5.1,-3.6053,True,False,2026-10-09
PJP,PERFORM PORTFÖY BİRİNCİ SERBEST (DÖVİZ) FON,Serbest Şemsiye Fonu,0.4992,4.7105,11.7906,17.2317,,,408183652.5,8.0,Perform Portföy Yönetimi A.Ş.,3.0,6.0,False,True,False,False,False,Eurobond / döviz,90.29,0.0,0.0,-1.098,True,False,2026-10-09
NUG,NUROL PORTFÖY ALTINCI SERBEST (DÖVİZ) FON,Serbest Şemsiye Fonu,2.1442,5.1621,12.1595,17.2066,,,1535119343.33,21.0,Nurol Portföy Yönetimi A.Ş.,0.0,,False,True,False,False,False,Altın / kıymetli maden,0.0,99.79,0.0,-1.0351,False,False,2026-10-09
BOP,İŞ PORTFÖY ÖPY BİRİNCİ SERBEST (DÖVİZ) ÖZEL FON,Serbest Şemsiye Fonu,-0.0104,4.9224,12.6926,16.8322,,,1466721313.37,13.0,İş Portföy Yönetimi A.Ş.,0.0,,False,True,False,True,False,Eurobond / döviz,0.0,83.7,0.0,-2.2541,False,False,2026-10-09
BAL,QNB PORTFÖY BALY SERBEST (DÖVİZ) ÖZEL FON,Serbest Şemsiye Fonu,0.6682,4.9433,12.2326,16.49,,,1120837939.67,1.0,QNB Portföy Yönetimi A.Ş.,0.0,,False,True,False,True,False,Eurobond / döviz,6.46,60.32,0.0,-1.1686,False,False,2026-10-09
HVI,DENİZ PORTFÖY HOLDİNGLER VE İŞTİRAKLERİ HİSSE SENEDİ (TL) FONU (HİSSE SENEDİ YOĞUN FON),Hisse Senedi Şemsiye Fonu,-7.3743,0.2238,1.7492,16.4794,,,33354209.03,301.0,Deniz Portföy Yönetimi A.Ş.,2.0,6.0,False,False,False,False,False,Hisse (aktif),0.0,0.0,93.31,-14.7685,True,False,2026-10-09
EBS,EMAA BLUE PORTFÖY BİRİNCİ SERBEST (DÖVİZ-ABD DOLARI) FON,Serbest Şemsiye Fonu,0.7959,5.0701,12.0627,16.4512,,,4879319750.07,24.0,EMAA Blue Portföy Yönetimi A.Ş.,3.0,5.0,False,True,False,False,False,Eurobond / döviz,3.94,40.57,0.0,-1.049,False,False,2026-10-09
DTH,EMAA BLUE PORTFÖY DÖNÜŞÜM TEKNOLOJİLERİ HİSSE SENEDİ (TL) FONU (HİSSE SENEDİ YOĞUN FON),Hisse Senedi Şemsiye Fonu,-13.6008,-14.009,0.0333,16.158,,,205856327.16,162.0,EMAA Blue Portföy Yönetimi A.Ş.,2.0,6.0,False,False,False,False,False,Hisse (aktif),0.0,0.95,84.85,-22.2344,True,False,2026-10-09
CRL,YAPI KREDİ PORTFÖY ACARLAR SERBEST (DÖVİZ) ÖZEL FON,Serbest Şemsiye Fonu,-0.4829,4.0358,11.5764,15.9057,,,1067652021.66,3.0,Yapı Kredi Portföy Yönetimi A.Ş.,0.0,,False,True,False,True,False,Eurobond / döviz,0.0,93.47,0.0,-1.5375,False,False,2026-10-09
ONF,AK PORTFÖY ONALTINCI SERBEST (DÖVİZ-POUND) FON,Serbest Şemsiye Fonu,-0.66,4.8326,10.4843,15.5,,,3036677195.1,895.0,Ak Portföy Yönetimi A.Ş.,0.0,,False,True,False,False,False,Altın / kıymetli maden,0.0,43.37,0.0,-2.1169,False,False,2026-10-09
PHF,PİRAMİT PORTFÖY BİST 50 DIŞI ŞİRKETLER HİSSE SENEDİ SERBEST FON (HİSSE SENEDİ YOĞUN FON),Serbest Şemsiye Fonu,-12.171,39.3687,3.8105,15.0453,,,156832708.35,214.0,Piramit Portföy Yönetimi A.Ş.,2.0,7.0,False,True,False,False,False,Hisse (aktif),0.0,0.0,94.89,-56.8475,True,False,2026-10-09
RYU,ROTA PORTFÖY YİRMİÜÇÜNCÜ SERBEST (DÖVİZ) FON,Serbest Şemsiye Fonu,-0.8025,4.5309,9.9611,14.4974,,,621584884.24,66.0,Rota Portföy Yönetimi A.Ş.,0.0,,False,True,False,False,False,Eurobond / döviz,93.49,0.0,0.0,-43.5186,False,False,2026-10-09
HFR,A1 CAPİTAL PORTFÖY HİSSE SENEDİ (TL) FONU (HİSSE SENEDİ YOĞUN FON),Hisse Senedi Şemsiye Fonu,-6.3844,-6.3399,-4.6787,13.8265,,,,,,,,True,False,False,False,False,Hisse (aktif),,,,,False,False,
SUR,EMAA BLUE PORTFÖY SÜRDÜRÜLEBİLİRLİK HİSSE SENEDİ FONU (HİSSE SENEDİ YOĞUN FON),Hisse Senedi Şemsiye Fonu,-5.7856,0.0167,-3.4787,12.8118,,,238331088.06,77.0,EMAA Blue Portföy Yönetimi A.Ş.,2.0,6.0,False,False,False,False,False,Hisse (aktif),0.0,1.38,88.62,-12.9855,True,False,2026-10-09
IK2,İŞ PORTFÖY KAR PAYI ÖDEYEN İKİNCİ SERBEST (DÖVİZ) FON,Serbest Şemsiye Fonu,0.7749,4.8413,10.1327,12.7624,,,207829669.26,95.0,İş Portföy Yönetimi A.Ş.,0.0,,False,True,False,False,False,Eurobond / döviz,0.0,0.0,0.0,-1.0363,True,False,2026-10-09
MTD,BV PORTFÖY MALZEME TEKNOLOJİLERİ DEĞİŞKEN FON,Değişken Şemsiye Fonu,-12.3086,-0.6114,-0.5212,12.4503,,,73822923.54,1087.0,Bv Portföy Yönetimi A.Ş.,3.0,5.0,False,False,False,False,False,Hisse (aktif),0.0,0.0,90.46,-21.6064,True,False,2026-10-09
DHT,DENİZ PORTFÖY HAVACILIK VE SAVUNMA TEKNOLOJİLERİ DEĞİŞKEN FON,Değişken Şemsiye Fonu,-2.7648,-0.145,4.7192,12.2964,,,43816179.52,657.0,Deniz Portföy Yönetimi A.Ş.,2.0,6.0,False,False,False,False,False,Hisse (aktif),0.0,0.0,64.37,-11.2197,True,False,2026-10-09
YOS,YAPI KREDİ PORTFÖY ODEABANK SERBEST (DÖVİZ-AVRO) ÖZEL FON,Serbest Şemsiye Fonu,-1.9317,3.7715,7.433,11.9966,,,604804585.64,221.0,Yapı Kredi Portföy Yönetimi A.Ş.,0.0,,False,True,False,True,False,Eurobond / döviz,0.0,99.04,0.0,-2.5198,False,False,2026-10-09
KDO,İŞ PORTFÖY KATILIM SERBEST (DÖVİZ-AVRO) FON,Serbest Şemsiye Fonu,-1.8511,3.5594,7.1813,11.5079,,,1151832671.08,506.0,İş Portföy Yönetimi A.Ş.,3.0,6.0,False,True,False,False,False,Eurobond / döviz,0.0,96.97,0.0,-2.577,False,False,2026-10-09
RGH,RE-PIE PORTFÖY MUTLAK GETİRİ HEDEFLİ HİSSE SENEDİ SERBEST FON (HİSSE SENEDİ YOĞUN FON),Serbest Şemsiye Fonu,-3.3686,1.2177,6.1296,10.3533,,,,,,,,True,True,False,False,False,Hisse (aktif),,,,,False,False,
EBI,EMAA BLUE PORTFÖY İKİNCİ SERBEST (DÖVİZ-AVRO) FON,Serbest Şemsiye Fonu,-2.6096,2.6883,6.6322,10.151,,,812955892.09,20.0,EMAA Blue Portföy Yönetimi A.Ş.,3.0,5.0,False,True,False,False,False,Eurobond / döviz,0.0,3.13,0.0,-4.4088,False,False,2026-10-09
AU1,A1 CAPİTAL PORTFÖY ALTIN FONU,Kıymetli Madenler Şemsiye Fonu,-5.2234,7.0183,-3.9456,8.2487,,,,,,,,True,False,False,False,False,Altın / kıymetli maden,,,,,False,False,
IEN,İSTANBUL PORTFÖY İNŞAAT SEKTÖRÜ HİSSE SENEDİ SERBEST (TL) FON (HİSSE SENEDİ YOĞUN FON),Serbest Şemsiye Fonu,-11.7235,-14.2772,-7.4701,7.5169,,,6780172.61,69.0,İstanbul Portföy Yönetimi A.Ş.,2.0,6.0,False,True,False,False,False,Hisse (aktif),0.0,0.0,94.89,-20.7898,True,False,2026-10-09
IYV,İSTANBUL PORTFÖY AŞİYAN SERBEST FON,Serbest Şemsiye Fonu,-5.4774,-1.395,-1.6261,6.662,,,134254619.35,53.0,İstanbul Portföy Yönetimi A.Ş.,2.0,6.0,False,True,False,False,False,Hisse (aktif),4.87,0.0,88.58,-13.2341,True,False,2026-10-09
SHU,SPARTA PORTFÖY ÜÇÜNCÜ HİSSE SENEDİ SERBEST (TL) FON (HİSSE SENEDİ YOĞUN FON),Serbest Şemsiye Fonu,-26.6678,-25.4615,-23.4153,6.2535,,,3033100.7,2.0,Sparta Portföy Yönetimi A.Ş.,2.0,7.0,False,True,False,False,False,Hisse (aktif),0.0,0.0,91.21,-29.8265,True,False,2026-10-09
FAL,ONE PORTFÖY ALTIN FONU,Kıymetli Madenler Şemsiye Fonu,-4.5973,4.5842,-5.7248,6.1374,,,280905219.86,464.0,One Portföy Yönetimi A.Ş.,1.0,6.0,False,False,False,False,False,Altın / kıymetli maden,0.0,0.0,0.0,-25.0069,True,False,2026-10-09
TVE,EMAA BLUE PORTFÖY TARIM VE GIDA SEKTÖRÜ KATILIM FONU,Katılım Şemsiye Fonu,-10.8348,-8.5692,-9.3309,3.8706,,,255879879.93,282.0,EMAA Blue Portföy Yönetimi A.Ş.,2.0,6.0,False,False,False,False,False,Hisse (aktif),0.0,5.24,78.36,-15.9885,True,False,2026-10-09
FSU,TERA PORTFÖY FON SEPETİ FONU,Fon Sepeti Şemsiye Fonu,-25.3162,-10.9208,-13.2046,3.7721,,,,,,,,True,False,False,False,False,,,,,,False,False,
EPI,EMAA BLUE PORTFÖY İNŞAAT SEKTÖRÜ KATILIM FONU,Katılım Şemsiye Fonu,-7.1719,-8.0456,-7.4133,3.577,,,261031357.73,264.0,EMAA Blue Portföy Yönetimi A.Ş.,2.0,5.0,False,False,False,False,False,Hisse (aktif),0.0,14.99,65.39,-15.0221,True,False,2026-10-09
PKH,DENİZ PORTFÖY POYRAZ KATILIM HİSSE SENEDİ SERBEST FON (HİSSE SENEDİ YOĞUN FON),Serbest Şemsiye Fonu,0.0,0.0,0.0,0.0,,,0.94,1.0,Deniz Portföy Yönetimi A.Ş.,0.0,,False,True,False,False,False,Hisse (aktif),0.0,0.0,100.0,-71.0243,True,False,2026-10-09
EME,STRATEJİ PORTFÖY EMERALD HİSSE SENEDİ SERBEST FON (HİSSE SENEDİ YOĞUN FON),Serbest Şemsiye Fonu,0.0,0.0,0.0,0.0,,,21368589.71,4.0,Strateji Portföy Yönetimi A.Ş.,0.0,,False,True,False,False,False,Hisse (aktif),0.0,0.0,0.0,-18.3222,True,False,2026-10-09
TLV,TERA PORTFÖY PARA PİYASASI KATILIM (TL) FONU,Katılım Şemsiye Fonu,0.0,0.0,0.0,0.0,,,3634303048.01,12177.0,Tera Portföy Yönetimi A.Ş.,0.0,1.0,True,False,False,False,False,Para piyasası,30.4,69.6,0.0,-0.6485,False,False,2026-10-06
EPK,EMAA BLUE PORTFÖY KIYMETLİ MADENLER KATILIM FON SEPETİ FONU,Fon Sepeti Şemsiye Fonu,-6.8601,4.7207,-11.1577,-1.3761,,,198339488.25,1191.0,EMAA Blue Portföy Yönetimi A.Ş.,2.0,6.0,False,False,False,False,False,Kira sertifikası / katılım,0.0,0.0,0.0,-36.0545,True,False,2026-10-09
KZO,AZİMUT PORTFÖY KOİ HİSSE SENEDİ SERBEST ÖZEL FON (HİSSE SENEDİ YOĞUN FON),Serbest Şemsiye Fonu,-20.4021,-14.7218,-8.4414,-2.6582,,,464024353.44,3.0,Azimut Portföy Yönetimi A.Ş.,0.0,,False,True,False,True,False,Hisse (aktif),0.0,0.0,86.83,-24.3678,True,False,2026-10-09
GMI,AK PORTFÖY GÜMÜŞ SERBEST FON,Serbest Şemsiye Fonu,-11.6163,-0.8318,-17.3608,-11.707,,,555548008.79,4769.0,Ak Portföy Yönetimi A.Ş.,3.0,7.0,False,True,False,False,False,Altın / kıymetli maden,0.0,0.0,0.0,-49.1978,False,False,2026-10-09
GUK,GARANTİ PORTFÖY GÜMÜŞ KATILIM SERBEST FON,Serbest Şemsiye Fonu,-8.5648,5.7072,-15.2175,-12.4462,,,1211674591.24,2365.0,Garanti Portföy Yönetimi A.Ş.,2.0,7.0,False,True,False,False,False,Altın / kıymetli maden,0.0,0.0,0.0,-51.5171,False,False,2026-10-09
BIY,AZİMUT PORTFÖY BIST 100 DIŞI ŞİRKETLER HİSSE SENEDİ FONU (HİSSE SENEDİ YOĞUN FON),Hisse Senedi Şemsiye Fonu,-44.1757,-42.569,-38.5647,-26.7818,,,10432914.34,186.0,Azimut Portföy Yönetimi A.Ş.,2.0,6.0,False,False,False,False,False,Hisse (aktif),0.0,0.0,100.0,-46.8982,True,False,2026-10-09
HIF,HEDEF PORTFÖY İKİNCİ SERBEST FON,Serbest Şemsiye Fonu,-6.4621,-4.0646,-22.5409,-38.7092,,,,,,,,True,True,False,False,False,,,,,,False,False,
BOH,BULLS PORTFÖY BIST 30 DIŞI ŞİRKETLER HİSSE SENEDİ SERBEST FON (HİSSE SENEDİ YOĞUN FON),Serbest Şemsiye Fonu,-24.0374,-23.9859,-33.6615,-44.5642,,,,,,,,True,True,False,False,False,Hisse (aktif),,,,,False,False,
BSN,BULLS PORTFÖY SANAYİ ŞİRKETLERİ HİSSE SENEDİ SERBEST FON (HİSSE SENEDİ YOĞUN FON),Serbest Şemsiye Fonu,-43.7655,-58.6057,-66.0696,-53.8353,,,,,,,,True,True,False,False,False,Hisse (aktif),,,,,False,False,
SLR,QNB PORTFÖY SOLARİS SERBEST ÖZEL FON,Serbest Şemsiye Fonu,-21.4538,-13.5942,-22.954,-56.3292,,,867354846.1,5.0,QNB Portföy Yönetimi A.Ş.,,,False,True,False,True,False,Hisse (aktif),0.0,0.0,92.56,-77.7515,False,False,2026-10-09
SIS,SPARTA PORTFÖY İKİNCİ HİSSE SENEDİ SERBEST (TL) FON (HİSSE SENEDİ YOĞUN FON),Serbest Şemsiye Fonu,-9.5151,-91.7391,-83.7397,-74.2408,,,27457128.42,4.0,Sparta Portföy Yönetimi A.Ş.,0.0,7.0,False,True,False,False,False,Hisse (aktif),0.0,0.0,97.77,-92.3586,True,False,2026-10-09
MT9,MT PORTFÖY DOKUZUNCU HİSSE SENEDİ SERBEST FON (HİSSE SENEDİ YOĞUN FON),Serbest Şemsiye Fonu,-81.6985,-79.2039,-90.8449,-90.337,,,579493333.98,17.0,Mt Portföy Yönetimi A.Ş.,0.0,7.0,False,True,False,False,False,Hisse (aktif),0.0,0.0,99.86,-91.8133,False,False,2026-10-09
MT8,MT PORTFÖY SEKİZİNCİ HİSSE SENEDİ SERBEST FON (HİSSE SENEDİ YOĞUN FON),Serbest Şemsiye Fonu,-94.1434,-93.8929,-97.119,-95.1872,,,43489885.75,15.0,Mt Portföy Yönetimi A.Ş.,0.0,7.0,False,True,False,False,False,Hisse (aktif),0.0,0.0,95.5,-97.5746,True,False,2026-10-09
MT7,MT PORTFÖY YEDİNCİ HİSSE SENEDİ SERBEST FON (HİSSE SENEDİ YOĞUN FON),Serbest Şemsiye Fonu,-78.4353,-88.9812,-93.3051,-96.0949,,,13560779.67,14.0,Mt Portföy Yönetimi A.Ş.,0.0,7.0,False,True,False,False,False,Hisse (aktif),0.0,0.0,99.74,-97.8298,True,False,2026-10-09
BOS,BULLS PORTFÖY ALTINCI HİSSE SENEDİ SERBEST FON (HİSSE SENEDİ YOĞUN FON),Serbest Şemsiye Fonu,-98.1036,-98.3315,-98.3946,-98.3556,,,,,,,,True,True,False,False,False,Altın / kıymetli maden,,,,,False,False,
PAB,A1 CAPİTAL PORTFÖY PARA PİYASASI (TL) FONU,Para Piyasası Şemsiye Fonu,-99.4589,-99.4198,-99.3573,-99.2858,,,203923579.61,720.0,A1 Capital Portföy Yönetimi A.Ş.,0.0,2.0,True,False,False,False,False,Para piyasası,94.56,5.44,0.0,-0.0242,True,False,2026-10-06
BBO,BULLS PORTFÖY BANKACILIK SEKTÖRÜ DIŞI ŞİRKETLER HİSSE SENEDİ SERBEST FON (HİSSE SENEDİ YOĞUN FON),Serbest Şemsiye Fonu,-69.2702,-99.5201,-99.4961,-99.4931,,,,,,,,True,True,False,False,False,Hisse (aktif),,,,,False,False,
BHN,A1 CAPİTAL PORTFÖY BANKACILIK SEKTÖRÜ DIŞI ŞİRKETLER HİSSE SENEDİ SERBEST (TL) FON (HİSSE SENEDİ YOĞUN FON),Serbest Şemsiye Fonu,-23.1825,-11.0498,,,,,,,,,,True,True,False,False,False,Hisse (aktif),,,,,False,False,
BYZ,A1 CAPİTAL PORTFÖY BIST 100 DIŞI ŞİRKETLER HİSSE SENEDİ SERBEST (TL) FON (HİSSE SENEDİ YOĞUN FON),Serbest Şemsiye Fonu,-24.8107,-8.9987,-49.2599,,,,,,,,,True,True,False,False,False,Hisse (aktif),,,,,False,False,
BSC,A1 CAPİTAL PORTFÖY BİRİNCİ SERBEST FON,Serbest Şemsiye Fonu,-97.597,-98.6733,,,,,,,,,,True,True,False,False,False,,,,,,False,False,
SEH,A1 CAPİTAL PORTFÖY SANAYİ SEKTÖRÜ HİSSE SENEDİ SERBEST (TL) FON (HİSSE SENEDİ YOĞUN FON),Serbest Şemsiye Fonu,-14.6622,-7.0015,30.058,,,,,,,,,True,True,False,False,False,Hisse (aktif),,,,,False,False,
CHY,A1 CAPİTAL PORTFÖY İKİNCİ HİSSE SENEDİ SERBEST (TL) FON (HİSSE SENEDİ YOĞUN FON),Serbest Şemsiye Fonu,-30.1751,-72.547,-82.6447,,,,,,,,,True,True,False,False,False,Hisse (aktif),,,,,False,False,
HAI,AHLATCI PORTFÖY ALTIN FONU,Kıymetli Madenler Şemsiye Fonu,-6.9515,0.4465,,,,,10791702.89,302.0,Ahlatcı Portföy Yönetimi A.Ş.,1.0,6.0,False,False,False,False,False,Altın / kıymetli maden,0.0,0.0,0.0,-13.05,True,False,2026-10-09
LAK,AHLATCI PORTFÖY ALTIN KATILIM FONU,Katılım Şemsiye Fonu,,,,,,,,,,,6.0,False,False,False,False,False,Altın / kıymetli maden,,,,,False,False,2026-10-09
HDD,AHLATCI PORTFÖY BİRİNCİ DEĞİŞKEN FON,Değişken Şemsiye Fonu,0.2328,10.9413,,,,,7068788.74,121.0,Ahlatcı Portföy Yönetimi A.Ş.,2.0,5.0,False,False,False,False,False,Karma / değişken,0.0,0.0,42.07,-2.0235,True,False,2026-10-09
LTL,AHLATCI PORTFÖY HİSSE SENEDİ (TL) FONU (HİSSE SENEDİ YOĞUN FON),Hisse Senedi Şemsiye Fonu,0.4539,11.2747,,,,,144800605.99,2669.0,Ahlatcı Portföy Yönetimi A.Ş.,2.0,7.0,False,False,False,False,False,Hisse (aktif),0.0,0.0,90.74,-6.1416,True,False,2026-10-09
HFO,AHLATCI PORTFÖY KATILIM HİSSE SENEDİ (TL) FONU (HİSSE SENEDİ YOĞUN FON),Hisse Senedi Şemsiye Fonu,-9.5862,-5.6982,,,,,4734587.33,161.0,Ahlatcı Portföy Yönetimi A.Ş.,2.0,7.0,False,False,False,False,False,Hisse (aktif),0.0,0.0,85.0,-13.6229,True,False,2026-10-09
PTP,AHLATCI PORTFÖY PARA PİYASASI (TL) FONU,Para Piyasası Şemsiye Fonu,3.0711,10.0384,21.0021,,,,111319818.36,305.0,Ahlatcı Portföy Yönetimi A.Ş.,0.0,1.0,False,False,False,False,False,Para piyasası,16.09,19.26,0.0,0.0,True,False,2026-10-06
PK1,AHLATCI PORTFÖY PARA PİYASASI KATILIM (TL) FONU,Katılım Şemsiye Fonu,2.9129,9.5748,,,,,22884788.34,143.0,Ahlatcı Portföy Yönetimi A.Ş.,0.0,1.0,False,False,False,False,False,Para piyasası,11.5,17.32,0.0,0.0,True,False,2026-10-06
YNF,AK PORTFÖY AKBANK YENİ NESİL FON SEPETİ ÖZEL FONU,Fon Sepeti Şemsiye Fonu,4.0431,,,,,,2142814.59,397.0,Ak Portföy Yönetimi A.Ş.,,6.0,False,False,False,True,False,,0.0,0.0,0.0,-1.042,True,False,2026-10-09
PUD,AK PORTFÖY AKY SERBEST (DÖVİZ) ÖZEL FON,Serbest Şemsiye Fonu,,,,,,0.0,77804884.5,2.0,Ak Portföy Yönetimi A.Ş.,0.0,6.0,False,True,False,True,False,Eurobond / döviz,0.0,26.38,0.0,-100.0,True,False,2026-10-09
BGR,AK PORTFÖY BIST GYO ENDEKSİ HİSSE SENEDİ (TL) FONU (HİSSE SENEDİ YOĞUN FON),Hisse Senedi Şemsiye Fonu,-8.2655,,,,,,30275837.54,250.0,Ak Portföy Yönetimi A.Ş.,2.0,6.0,False,False,False,False,False,BIST endeks hisse,0.0,0.0,87.79,-17.0743,True,False,2026-10-09
KCR,AK PORTFÖY KÜLÇE ALTIN KATILIM FONU,Katılım Şemsiye Fonu,-3.8787,6.7664,,,,,93814937.11,749.0,Ak Portföy Yönetimi A.Ş.,1.0,6.0,False,False,False,False,False,Altın / kıymetli maden,0.0,0.0,0.0,-7.6469,True,False,2026-10-09
MU1,AK PORTFÖY MUTLAK GETİRİ HEDEFLİ HİSSE SENEDİ SERBEST FON (HİSSE SENEDİ YOĞUN FON),Serbest Şemsiye Fonu,,,,,,,,,,,,True,True,False,False,False,Hisse (aktif),,,,,False,False,
NMP,AK PORTFÖY NEMA PARA PİYASASI (TL) FONU,Para Piyasası Şemsiye Fonu,3.0712,,,,,,86792967.93,2836.0,Ak Portföy Yönetimi A.Ş.,0.0,1.0,False,False,False,False,False,Para piyasası,14.25,0.0,0.0,0.0,True,False,2026-10-06
YZT,AK PORTFÖY YAPAY ZEKA TEKNOLOJİLERİ ŞİRKETLERİ DEĞİŞKEN FON,Değişken Şemsiye Fonu,0.539,13.1316,,,,,807438115.88,8881.0,Ak Portföy Yönetimi A.Ş.,3.0,4.0,False,False,False,False,False,Hisse (aktif),0.0,0.0,85.11,-16.272,False,False,2026-10-09
UHV,AK PORTFÖY ÖPY SEKİZİNCİ SERBEST (DÖVİZ) ÖZEL FON,Serbest Şemsiye Fonu,,,,,,,,,Ak Portföy Yönetimi A.Ş.,0.0,,False,True,False,True,False,Eurobond / döviz,,,,,False,False,2026-10-09
UHN,AK PORTFÖY ÖPY YEDİNCİ SERBEST (DÖVİZ-AVRO) ÖZEL FON,Serbest Şemsiye Fonu,,,,,,,,,Ak Portföy Yönetimi A.Ş.,0.0,,False,True,False,True,False,Eurobond / döviz,,,,,False,False,2026-10-09
YDH,AK PORTFÖY İKİNCİ SERBEST ÖZEL FON,Serbest Şemsiye Fonu,-8.6991,1.4299,,,,,5699849018.46,1.0,Ak Portföy Yönetimi A.Ş.,0.0,6.0,False,True,False,True,False,Hisse (aktif),0.0,0.0,65.56,-12.6884,False,False,2026-10-09
PPV,AKTİF PORTFÖY PARA PİYASASI SERBEST (TL) FON,Serbest Şemsiye Fonu,3.0298,10.0485,,,,,539701682.04,179.0,Aktif Portföy Yönetimi A.Ş.,0.0,2.0,False,True,False,False,False,Para piyasası,0.0,0.0,0.0,0.0,False,False,2026-10-09
AT2,AKTİF PORTFÖY İKİNCİ PARA PİYASASI KATILIM FONU,Katılım Şemsiye Fonu,,,,,,,,,,,,False,False,False,False,False,Para piyasası,,,,,False,False,2026-10-06
URY,ALBARAKA PORTFÖY ÜÇÜNCÜ KATILIM SERBEST (DÖVİZ-AVRO) FON,Serbest Şemsiye Fonu,,,,,,,,,Albaraka Portföy Yönetimi A.Ş.,0.0,,False,True,False,False,False,Eurobond / döviz,,,,,False,False,2026-10-09
VKR,ALBARAKA PORTFÖY İKİNCİ PARA PİYASASI KATILIM FONU,Katılım Şemsiye Fonu,3.097,,,,,,55857893.25,66.0,Albaraka Portföy Yönetimi A.Ş.,0.0,,False,False,False,False,False,Para piyasası,0.0,73.86,0.0,0.0,True,False,2026-10-06
BDE,ALLBATROSS PORTFÖY SERBEST (DÖVİZ-ABD DOLARI) FON,Serbest Şemsiye Fonu,,,,,,,,,Allbatross Portföy Yönetimi A.Ş.,0.0,,False,True,False,False,False,Eurobond / döviz,,,,,False,False,2026-10-09
BVR,ALLBATROSS PORTFÖY SERBEST (DÖVİZ-AVRO) FON,Serbest Şemsiye Fonu,,,,,,,,,Allbatross Portföy Yönetimi A.Ş.,0.0,,False,True,False,False,False,Eurobond / döviz,,,,,False,False,2026-10-09
KSD,ASTRA PORTFÖY BİRİNCİ KATILIM SERBEST FON,Serbest Şemsiye Fonu,,,,,,0.0,10409929.79,21.0,Astra Portföy Yönetimi A.Ş.,0.0,7.0,False,True,False,False,False,Kira sertifikası / katılım,0.0,0.0,0.0,0.0,True,False,2026-10-09
KCN,ASTRA PORTFÖY İKİNCİ HİSSE SENEDİ SERBEST (TL) FON (HİSSE SENEDİ YOĞUN FON),Serbest Şemsiye Fonu,,,,,,,,,,,,False,True,False,False,False,Hisse (aktif),,,,,False,False,
AI1,ATA PORTFÖY BİRİNCİ İSTATİSTİKSEL ARBİTRAJ SERBEST FON,Serbest Şemsiye Fonu,3.4045,10.1225,20.7351,,,,,,,,,False,True,False,False,False,,,,,,False,False,
AP9,ATA PORTFÖY DOKUZUNCU SERBEST (DÖVİZ) FON,Serbest Şemsiye Fonu,,,,,,,,,,,,False,True,False,False,False,Eurobond / döviz,,,,,False,False,
PKP,ATA PORTFÖY PARA PİYASASI KATILIM SERBEST FON,Serbest Şemsiye Fonu,3.0217,10.106,21.2578,,,,,,,,,False,True,False,False,False,Para piyasası,,,,,False,False,
BIT,ATA PORTFÖY İSTATİSTİKSEL ARBİTRAJ HİSSE SENEDİ SERBEST (TL) FON (HİSSE SENEDİ YOĞUN FON),Serbest Şemsiye Fonu,,,,,,,,,,,,False,True,False,False,False,Hisse (aktif),,,,,False,False,
BTT,BTCTURK PORTFÖY FİNTECH VE BLOCKCHAİN TEKNOLOJİLERİ ŞİRKETLERİ DEĞİŞKEN FON,Değişken Şemsiye Fonu,,,,,,,,,,,,False,False,False,False,False,Hisse (aktif),,,,,False,False,
BPV,BTCTURK PORTFÖY PARA PİYASASI (TL) FONU,Para Piyasası Şemsiye Fonu,,,,,,,88186193.69,104.0,,0.0,1.0,False,False,False,False,False,Para piyasası,11.09,2.31,0.0,-0.0041,True,False,2026-10-06
YZE,BTCTURK PORTFÖY YAPAY ZEKA TEKNOLOJİLERİ ŞİRKETLERİ DEĞİŞKEN FON,Değişken Şemsiye Fonu,,,,,,,,,,,,False,False,False,False,False,Hisse (aktif),,,,,False,False,
BAG,BULLS PORTFÖY ATAK DEĞIŞKEN FON,Değişken Şemsiye Fonu,-5.5307,3.9386,15.7773,,,,,,,,,True,False,False,False,False,Karma / değişken,,,,,False,False,
BI5,BULLS PORTFÖY BIST 50 DIŞI ŞİRKETLER HİSSE SENEDİ SERBEST FON (HİSSE SENEDİ YOĞUN FON),Serbest Şemsiye Fonu,-12.1069,-49.2571,-68.8569,,,,,,,,,True,True,False,False,False,Hisse (aktif),,,,,False,False,
BUB,BULLS PORTFÖY BİRİNCİ FON SEPETİ FONU,Fon Sepeti Şemsiye Fonu,-4.2147,7.8445,23.807,,,,,,,,,True,False,False,False,False,,,,,,False,False,
BFS,BULLS PORTFÖY EMTİA FON SEPETİ FONU,Fon Sepeti Şemsiye Fonu,-1.7483,22.8881,7.9253,,,,,,,,,True,False,False,False,False,,,,,,False,False,
BUH,BULLS PORTFÖY HAVACILIK VE SAVUNMA TEKNOLOJİLERİ DEĞİŞKEN FON,Değişken Şemsiye Fonu,,,,,,,,,,,,True,False,False,False,False,Hisse (aktif),,,,,False,False,
BVK,BULLS PORTFÖY VOLTRAN KATILIM SERBEST (TL) FON,Serbest Şemsiye Fonu,-17.7446,-41.3896,-34.387,,,,,,,,,True,True,False,False,False,Kira sertifikası / katılım,,,,,False,False,
BAI,BV PORTFÖY ALTIN KATILIM FONU,Katılım Şemsiye Fonu,-4.4062,,,,,,,,,,,False,False,False,False,False,Altın / kıymetli maden,,,,,False,False,
BVD,BV PORTFÖY BİRİNCİ DEĞİŞKEN FON,Değişken Şemsiye Fonu,-1.7971,6.4986,17.8595,,,,,,,,,False,False,False,False,False,Karma / değişken,,,,,False,False,
BFN,DENİZ PORTFÖY BAYFON HİSSE SENEDİ SERBEST ÖZEL FON (HİSSE SENEDİ YOĞUN FON),Serbest Şemsiye Fonu,,,,,,,,,,,,False,True,False,True,False,Hisse (aktif),,,,,False,False,
EVM,DENİZ PORTFÖY ENERJİ VE MADENCİLİK SEKTÖRÜ DEĞİŞKEN FON,Değişken Şemsiye Fonu,-4.4224,9.4472,8.784,,,,,,,,,False,False,False,False,False,Hisse (aktif),,,,,False,False,
DNU,DENİZ PORTFÖY KAR PAYI ÖDEYEN ONBEŞİNCİ SERBEST (DÖVİZ) FON,Serbest Şemsiye Fonu,1.496,4.6944,9.8933,,,,,,,,,False,True,False,False,False,Eurobond / döviz,,,,,False,False,
PSH,DENİZ PORTFÖY PERAKENDE SEKTÖRÜ HİSSE SENEDİ (TL) FONU (HİSSE SENEDİ YOĞUN FON),Hisse Senedi Şemsiye Fonu,-16.2901,-12.1803,,,,,,,,,,False,False,False,False,False,Hisse (aktif),,,,,False,False,
DRT,DENİZ PORTFÖY ROBOTİK TEKNOLOJİLERİ DEĞİŞKEN FON,Değişken Şemsiye Fonu,-2.3972,2.8626,21.3551,,,,,,,,,False,False,False,False,False,Hisse (aktif),,,,,False,False,
DSR,DENİZ PORTFÖY SER SERBEST (DÖVİZ) ÖZEL FON,Serbest Şemsiye Fonu,,,,,,,,,,,,False,True,False,True,False,Eurobond / döviz,,,,,False,False,
DUC,DENİZ PORTFÖY ÜÇÜNCÜ HİSSE SENEDİ SERBEST (TL) FON (HİSSE SENEDİ YOĞUN FON),Serbest Şemsiye Fonu,0.0,0.0,0.0,,,,,,,,,False,True,False,False,False,Hisse (aktif),,,,,False,False,
DKC,DENİZ PORTFÖY İKİNCİ SERBEST FON,Serbest Şemsiye Fonu,2.1516,7.8189,-5.9005,,,,,,,,,False,True,False,False,False,,,,,,False,False,
DII,DENİZ PORTFÖY İKİNCİ İSTATİSTİKSEL ARBİTRAJ HİSSE SENEDİ SERBEST FON (HİSSE SENEDİ YOĞUN FON),Serbest Şemsiye Fonu,,,,,,,,,,,,False,True,False,False,False,Hisse (aktif),,,,,False,False,
DEH,DESTEK PORTFÖY HİSSE SENEDİ FONU (HİSSE SENEDİ YOĞUN FON),Hisse Senedi Şemsiye Fonu,-11.0949,,,,,,,,,,,False,False,False,False,False,Hisse (aktif),,,,,False,False,
DAP,DESTEK PORTFÖY PARA PİYASASI FONU,Para Piyasası Şemsiye Fonu,3.1254,,,,,,128747362.77,692.0,,0.0,2.0,False,False,False,False,False,Para piyasası,13.47,18.67,0.0,0.0,True,False,2026-10-06
DKK,DESTEK PORTFÖY PARA PİYASASI KATILIM FONU,Katılım Şemsiye Fonu,,,,,,,,,,,,False,False,False,False,False,Para piyasası,,,,,False,False,2026-10-06
EGR,EMAA BLUE PORTFÖY AGRESİF DEĞİŞKEN FON,Değişken Şemsiye Fonu,-3.9401,3.4369,,,,,,,,,,False,False,False,False,False,Karma / değişken,,,,,False,False,
SGK,EMAA BLUE PORTFÖY BİYOTEKNOLOJİ VE SAĞLIK SEKTÖRÜ DEĞİŞKEN FON,Değişken Şemsiye Fonu,-5.8725,,,,,,,,,,,False,False,False,False,False,Hisse (aktif),,,,,False,False,
EDN,EMAA BLUE PORTFÖY DENGELİ DEĞİŞKEN FON,Değişken Şemsiye Fonu,1.0222,7.23,,,,,,,,,,False,False,False,False,False,Karma / değişken,,,,,False,False,
ETN,EMAA BLUE PORTFÖY TEMKİNLİ DEĞİŞKEN FON,Değişken Şemsiye Fonu,2.6885,,,,,,,,,,,False,False,False,False,False,Karma / değişken,,,,,False,False,
EVL,EMAA BLUE PORTFÖY ÇOKLU VARLIK KATILIM FONU,Katılım Şemsiye Fonu,,,,,,,,,,,,False,False,False,False,False,Kira sertifikası / katılım,,,,,False,False,
EP1,EMLAK KATILIM PORTFÖY PARA PİYASASI KATILIM (TL) FONU,Katılım Şemsiye Fonu,3.0211,9.8349,,,,,13331809417.59,2548.0,Emlak Katılım Portföy Yönetimi A.Ş.,0.0,1.0,False,False,False,False,False,Para piyasası,0.0,14.33,0.0,0.0,False,False,2026-10-05
FMB,FONMAP PORTFÖY BİRİNCİ SERBEST FON,Serbest Şemsiye Fonu,,,,,,,,,,,,False,True,False,False,False,,,,,,False,False,
FDN,FONMAP PORTFÖY İKİNCİ DEĞİŞKEN FON,Değişken Şemsiye Fonu,,,,,,,,,,,,False,False,False,False,False,Karma / değişken,,,,,False,False,
GLL,GOLDEN GLOBAL PORTFÖY ALTIN KATILIM FONU,Katılım Şemsiye Fonu,-3.7936,,,,,,,,,,,False,False,False,False,False,Altın / kıymetli maden,,,,,False,False,
GLE,GOLDEN GLOBAL PORTFÖY KATILIM HİSSE SENEDİ FONU (HİSSE SENEDİ YOĞUN FON),Hisse Senedi Şemsiye Fonu,,,,,,,,,,,,False,False,False,False,False,Hisse (aktif),,,,,False,False,
GOK,GOLDEN GLOBAL PORTFÖY KISA VADELİ KİRA SERTİFİKALARI KATILIM FONU,Katılım Şemsiye Fonu,2.9551,,,,,,54017260.78,14.0,Golden Global Portföy Yönetimi A.Ş.,0.0,2.0,False,False,False,False,False,Kira sertifikası / katılım,0.0,79.59,0.0,0.0,True,False,2026-10-06
GOP,GOLDEN GLOBAL PORTFÖY PARA PİYASASI KATILIM FONU,Katılım Şemsiye Fonu,4.1719,11.5084,23.3071,,,,238021709.27,1051.0,Golden Global Portföy Yönetimi A.Ş.,0.0,1.0,False,False,False,False,False,Para piyasası,0.0,100.0,0.0,0.0,True,True,2026-10-05
HBM,HAS PORTFÖY BİRİNCİ DEĞİŞKEN FON,Değişken Şemsiye Fonu,,,,,,,,,,,,False,False,False,False,False,Karma / değişken,,,,,False,False,
HBI,HAS PORTFÖY BİRİNCİ HİSSE SENEDİ ÖZEL FON (HİSSE SENEDİ YOĞUN FON),Hisse Senedi Şemsiye Fonu,,,,,,,,,,,,False,False,False,True,False,Hisse (aktif),,,,,False,False,
HBJ,HAS PORTFÖY BİRİNCİ SERBEST FON,Serbest Şemsiye Fonu,-42.6419,-67.2063,-73.7369,,,,,,,,,False,True,False,False,False,,,,,,False,False,
HOP,HAS PORTFÖY ÖPY PARA PİYASASI (TL) ÖZEL FON,Para Piyasası Şemsiye Fonu,,,,,,,0.0,0.0,Has Portföy Yönetimi A.Ş.,0.0,1.0,False,False,False,True,False,Para piyasası,,,,0.0,False,False,2026-09-30
HRS,HEDEF PORTFÖY AGRESİF FON SEPETİ FONU,Fon Sepeti Şemsiye Fonu,,,,,,,,,,,,True,False,False,False,False,,,,,,False,False,
HAA,HEDEF PORTFÖY ATAK FON SEPETİ FONU,Fon Sepeti Şemsiye Fonu,,,,,,,,,,,,True,False,False,False,False,,,,,,False,False,
HCV,HEDEF PORTFÖY ATAK ÇOKLU VARLIK KATILIM FONU,Katılım Şemsiye Fonu,-3.7026,10.4409,-1.9566,,,,,,,,,True,False,False,False,False,Kira sertifikası / katılım,,,,,False,False,
HNJ,HEDEF PORTFÖY BIST BANKA ENDEKSİ HİSSE SENEDİ FONU (HİSSE SENEDİ YOĞUN FON),Hisse Senedi Şemsiye Fonu,,,,,,,,,,,,True,False,False,False,False,BIST endeks hisse,,,,,False,False,
HCF,HEDEF PORTFÖY BİRİNCİ ÇOKLU VARLIK KATILIM FONU,Katılım Şemsiye Fonu,,,,,,,,,,,,True,False,False,False,False,Kira sertifikası / katılım,,,,,False,False,
HDL,HEDEF PORTFÖY DENGELİ FON SEPETİ FONU,Fon Sepeti Şemsiye Fonu,,,,,,,,,,,,True,False,False,False,False,,,,,,False,False,
HDC,HEDEF PORTFÖY DENGELİ ÇOKLU VARLIK KATILIM FONU,Katılım Şemsiye Fonu,,,,,,,,,,,,True,False,False,False,False,Kira sertifikası / katılım,,,,,False,False,
HOT,HEDEF PORTFÖY ELEKTRİKLİ VE OTONOM ARAÇLAR DEĞİŞKEN FON,Değişken Şemsiye Fonu,,,,,,,,,,,,True,False,False,False,False,Karma / değişken,,,,,False,False,
HTM,HEDEF PORTFÖY KAR PAYI ÖDEYEN ŞİRKETLER HİSSE SENEDİ FONU (HİSSE SENEDİ YOĞUN FON),Hisse Senedi Şemsiye Fonu,,,,,,,,,,,,True,False,False,False,False,Hisse (aktif),,,,,False,False,
HIL,HEDEF PORTFÖY MEDYA VE İLETİŞİM DEĞİŞKEN FON,Değişken Şemsiye Fonu,,,,,,,,,,,,True,False,False,False,False,Karma / değişken,,,,,False,False,
HTI,HEDEF PORTFÖY PERAKENDE TİCARET SEKTÖRÜ DEĞİŞKEN FON,Değişken Şemsiye Fonu,,,,,,,,,,,,True,False,False,False,False,Karma / değişken,,,,,False,False,
HRT,HEDEF PORTFÖY ROBOTİK TEKNOLOJİLER DEĞİŞKEN FON,Değişken Şemsiye Fonu,,,,,,,,,,,,True,False,False,False,False,Hisse (aktif),,,,,False,False,
HTR,HEDEF PORTFÖY TARIM VE GIDA DEĞİŞKEN FON,Değişken Şemsiye Fonu,,,,,,,,,,,,True,False,False,False,False,Karma / değişken,,,,,False,False,
HTD,HEDEF PORTFÖY TEKSTİL SEKTÖRÜ DEĞİŞKEN FON,Değişken Şemsiye Fonu,,,,,,,,,,,,True,False,False,False,False,Karma / değişken,,,,,False,False,
HTE,HEDEF PORTFÖY TEMİZ ENERJİ DEĞİŞKEN FON,Değişken Şemsiye Fonu,,,,,,,,,,,,True,False,False,False,False,Hisse (aktif),,,,,False,False,
TRZ,HEDEF PORTFÖY TURİZM VE SEYAHAT SEKTÖRÜ DEĞİŞKEN FON,Değişken Şemsiye Fonu,,,,,,,,,,,,True,False,False,False,False,Karma / değişken,,,,,False,False,
HMR,HEDEF PORTFÖY İKİNCİ BORÇLANMA ARAÇLARI FONU,Borçlanma Araçları Şemsiye Fonu,,,,,,,0.0,0.0,Hedef Portföy Yönetimi A.Ş.,0.0,1.0,True,False,False,False,False,Borçlanma (karma),,,,0.0,False,False,2026-10-06
HID,HEDEF PORTFÖY İKİNCİ DEĞİŞKEN FON,Değişken Şemsiye Fonu,,,,,,,,,,,,True,False,False,False,False,Karma / değişken,,,,,False,False,
HPP,HEDEF PORTFÖY İKİNCİ PARA PİYASASI (TL) FON,Para Piyasası Şemsiye Fonu,,,,,,,0.0,0.0,Hedef Portföy Yönetimi A.Ş.,0.0,1.0,True,False,False,False,False,Para piyasası,,,,0.0,False,False,2026-10-06
HIN,HEDEF PORTFÖY İNCİ HİSSE SENEDİ SERBEST ÖZEL FON (HİSSE SENEDİ YOĞUN FON),Serbest Şemsiye Fonu,,,,,,,,,,,,True,True,False,True,False,Hisse (aktif),,,,,False,False,
IAJ,INVEO PORTFÖY ALTINCI SERBEST FON,Serbest Şemsiye Fonu,-4.1624,-5.1886,,,,,,,,,,False,True,False,False,False,Altın / kıymetli maden,,,,,False,False,
ITC,INVEO PORTFÖY TEMETTÜ ÖDEYEN ŞİRKETLER HİSSE SENEDİ (TL) FONU (HİSSE SENEDİ YOĞUN FON),Hisse Senedi Şemsiye Fonu,-7.217,-6.1252,-7.7763,,,,,,,,,False,False,False,False,False,Hisse (aktif),,,,,False,False,
KPM,KARE PORTFÖY SEKİZİNCİ HİSSE SENEDİ SERBEST FON (HİSSE SENEDİ YOĞUN FON),Serbest Şemsiye Fonu,-9.4157,,,,,,,,,,,False,True,False,False,False,Hisse (aktif),,,,,False,False,
KHP,KUVEYT TÜRK PORTFÖY PAYLAŞIMLI HESAP PARA PİYASASI KATILIM FONU,Katılım Şemsiye Fonu,3.9832,13.5504,,,,,20074094629.99,1167.0,Kuveyt Türk Portföy Yönetimi A.Ş.,0.0,1.0,False,False,False,False,False,Para piyasası,0.0,0.27,0.0,0.0,False,True,2026-10-05
KU3,KUVEYT TÜRK PORTFÖY ÜÇÜNCÜ KATILIM FONU,Katılım Şemsiye Fonu,-3.0473,1.8711,,,,,,,,,,False,False,False,False,False,Kira sertifikası / katılım,,,,,False,False,
M1R,MBR FONUNA BAĞLI YAN HESAP (TRFADLVE2612),Borçlanma Araçları Şemsiye Fonu,,,,,,,,,,,,False,False,False,False,False,Borçlanma (karma),,,,,False,False,
M1D,MD1 FONUNA BAĞLI YAN HESAP (TRFKNTR72613),Değişken Şemsiye Fonu,,,,,,,,,,,,False,False,False,False,False,Karma / değişken,,,,,False,False,
M4P,MP4 FONUNA BAĞLI YAN HESAP (TRFTRLC92612),Serbest Şemsiye Fonu,,,,,,,,,,,,False,False,False,False,False,,,,,,False,False,
MTA,MT PORTFÖY ALTIN KATILIM FONU,Kıymetli Madenler Şemsiye Fonu,,,,,,,,,,,,False,False,False,False,False,Altın / kıymetli maden,,,,,False,False,
MP1,MT PORTFÖY GÜMÜŞ FON SEPETİ FONU,Fon Sepeti Şemsiye Fonu,,,,,,,,,,,,False,False,False,False,False,Altın / kıymetli maden,,,,,False,False,
M2U,MUL FONUNA BAĞLI YAN HESAP (TRFADLVE2612),Serbest Şemsiye Fonu,,,,,,,,,,,,False,False,False,False,False,,,,,,False,False,
NAK,NEO PORTFÖY ALTIN KATILIM FONU,Kıymetli Madenler Şemsiye Fonu,-4.1382,5.9628,-5.0429,,,,,,,,,False,False,False,False,False,Altın / kıymetli maden,,,,,False,False,
NBM,NEO PORTFÖY BİRİNCİ BORÇLANMA ARAÇLARI FONU,Borçlanma Araçları Şemsiye Fonu,,,,,,,,,Neo Portföy Yönetimi A.Ş.,0.0,,False,False,False,False,False,Borçlanma (karma),,,,,False,False,2026-10-06
NKM,NEO PORTFÖY KATILIM HİSSE SENEDİ FONU (HİSSE SENEDİ YOĞUN FON),Hisse Senedi Şemsiye Fonu,-11.2913,-10.2369,-7.0911,,,,,,,,,False,False,False,False,False,Hisse (aktif),,,,,False,False,
EDP,NEO PORTFÖY KORUNCUK EĞİTİME DESTEK PARA PİYASASI SERBEST FON,Serbest Şemsiye Fonu,2.8597,10.2912,21.7619,,,,,,,,,False,True,False,False,False,Para piyasası,,,,,False,False,
NP2,NEO PORTFÖY İKİNCİ FON SEPETİ FONU,Fon Sepeti Şemsiye Fonu,,,,,,,,,,,,False,False,False,False,False,,,,,,False,False,
NFS,NUROL PORTFÖY BİRİNCİ FON SEPETİ FONU,Fon Sepeti Şemsiye Fonu,,,,,,,,,,,,False,False,False,False,False,,,,,,False,False,
NNS,NUROL PORTFÖY EKSEN HİSSE SENEDİ SERBEST FON (HİSSE SENEDİ YOĞUN FON),Serbest Şemsiye Fonu,,,,,,,,,,,,False,True,False,False,False,Hisse (aktif),,,,,False,False,
NAV,NUROL PORTFÖY NOVA HİSSE SENEDİ SERBEST FON (HİSSE SENEDİ YOĞUN FON),Serbest Şemsiye Fonu,-2.4515,7.7163,,,,,,,,,,False,True,False,False,False,Hisse (aktif),,,,,False,False,
SFR,NUROL PORTFÖY SAFİR HİSSE SENEDİ SERBEST FON (HİSSE SENEDİ YOĞUN FON),Serbest Şemsiye Fonu,,,,,,,,,,,,False,True,False,False,False,Hisse (aktif),,,,,False,False,
NCV,NUROL PORTFÖY ÜÇÜNCÜ SERBEST FON,Serbest Şemsiye Fonu,,,,,,,,,,,,False,True,False,False,False,,,,,,False,False,
NDU,NUROL PORTFÖY ÜÇÜNCÜ İSTATİSTİKSEL ARBİTRAJ HİSSE SENEDİ SERBEST FON (HİSSE SENEDİ YOĞUN FON),Serbest Şemsiye Fonu,,,,,,,,,,,,False,True,False,False,False,Hisse (aktif),,,,,False,False,
NUV,NUROL PORTFÖY İKİNCİ İSTATİSTİKSEL ARBİTRAJ SERBEST FON,Serbest Şemsiye Fonu,,,,,,,,,,,,False,True,False,False,False,,,,,,False,False,
ODG,ONE PORTFÖY İKİNCİ DEĞİŞKEN FON,Değişken Şemsiye Fonu,1.5474,7.1678,18.7471,,,,,,,,,False,False,False,False,False,Karma / değişken,,,,,False,False,
OMT,OSMANLI PORTFÖY PARA PİYASASI KATILIM (TL) FONU,Katılım Şemsiye Fonu,2.8647,,,,,,91847256.88,71.0,,0.0,1.0,False,False,False,False,False,Para piyasası,9.17,0.44,0.0,0.0,True,False,2026-10-06
OYH,OYAK PORTFÖY OYAK GRUP ŞİRKETLERİ ENDEKSİ HİSSE SENEDİ (TL) FONU (HİSSE SENEDİ YOĞUN FON),Hisse Senedi Şemsiye Fonu,,,,,,,,,,,,False,False,False,False,False,BIST endeks hisse,,,,,False,False,
OSS,OYAK PORTFÖY SAVUNMA SANAYİİ ŞİRKETLERİ ENDEKSİ HİSSE SENEDİ (TL) FONU (HİSSE SENEDİ YOĞUN FON),Hisse Senedi Şemsiye Fonu,,,,,,,,,,,,False,False,False,False,False,BIST endeks hisse,,,,,False,False,
OHT,OYAK PORTFÖY İKİNCİ KISA VADELİ KİRA SERTİFİKALARI KATILIM (TL) FONU,Katılım Şemsiye Fonu,,,,,,,0.0,0.0,Oyak Portföy Yönetimi A.Ş.,0.0,2.0,False,False,False,False,False,Kira sertifikası / katılım,,,,0.0,False,False,2026-10-06
PA2,PUSULA PORTFÖY ALTIN KATILIM FONU,Katılım Şemsiye Fonu,-4.9123,3.874,,,,,,,,,,True,False,False,False,False,Altın / kıymetli maden,,,,,False,False,
PUK,PUSULA PORTFÖY KATILIM HİSSE SENEDİ (TL) FONU (HİSSE SENEDİ YOĞUN FON),Hisse Senedi Şemsiye Fonu,8.7878,10.8233,,,,,,,,,,True,False,False,False,False,Hisse (aktif),,,,,False,False,
PKM,PUSULA PORTFÖY PARA PİYASASI KATILIM (TL) FONU,Katılım Şemsiye Fonu,2.2822,9.3359,,,,,348000058.94,348.0,Pusula Portföy Yönetimi A.Ş.,0.0,1.0,True,False,False,False,False,Para piyasası,0.0,58.88,0.0,-0.0847,True,False,2026-10-05
PNU,PUSULA PORTFÖY İKİNCİ PARA PİYASASI (TL) FONU,Para Piyasası Şemsiye Fonu,1.297,10.1486,23.896,,,,7004040972.22,20164.0,Pusula Portföy Yönetimi A.Ş.,0.0,2.0,True,False,False,False,False,Para piyasası,0.1,87.09,0.0,-0.0004,False,False,2026-10-05
PSB,PİRAMİT PORTFÖY SERBEST (DÖVİZ) FON,Serbest Şemsiye Fonu,,,,,,,,,,,,False,True,False,False,False,Eurobond / döviz,,,,,False,False,
EGA,QNB PORTFÖY ENPARA ALTIN ÖZEL FONU,Kıymetli Madenler Şemsiye Fonu,,,,,,,,,,,,False,False,False,True,False,Altın / kıymetli maden,,,,,False,False,
ENA,QNB PORTFÖY ENPARA ATAK DEĞİŞKEN ÖZEL FON,Değişken Şemsiye Fonu,-0.2732,7.9418,15.9154,,,,,,,,,False,False,False,True,False,Karma / değişken,,,,,False,False,
EDD,QNB PORTFÖY ENPARA DENGELİ DEĞİŞKEN ÖZEL FON,Değişken Şemsiye Fonu,-0.177,7.1909,14.1965,,,,,,,,,False,False,False,True,False,Karma / değişken,,,,,False,False,
ENS,QNB PORTFÖY ENPARA DEĞİŞKEN ÖZEL FON,Değişken Şemsiye Fonu,3.4551,9.5898,24.2582,,,,,,,,,False,False,False,True,False,Karma / değişken,,,,,False,False,
ENR,QNB PORTFÖY ENPARA PARA PİYASASI (TL) FONU,Para Piyasası Şemsiye Fonu,3.0159,10.1128,21.3167,,,,2273748845.2,12839.0,QNB Portföy Yönetimi A.Ş.,0.0,1.0,False,False,False,False,False,Para piyasası,13.18,15.85,0.0,0.0,False,False,2026-10-05
ENO,QNB PORTFÖY ENPARA SERBEST (DÖVİZ) FON,Serbest Şemsiye Fonu,1.8321,5.8854,12.1177,,,,,,,,,False,True,False,False,False,Eurobond / döviz,,,,,False,False,
HTK,QNB PORTFÖY HAVACILIK VE SAVUNMA TEKNOLOJİLERİ FON SEPETİ FONU,Fon Sepeti Şemsiye Fonu,-7.2659,-8.1571,,,,,,,,,,False,False,False,False,False,Hisse (aktif),,,,,False,False,
FKM,QNB PORTFÖY KAR PAYI ÖDEYEN ÜÇÜNCÜ SERBEST (DÖVİZ) FON,Serbest Şemsiye Fonu,,,,,,0.0,,,,,,False,True,False,False,False,Eurobond / döviz,,,,,False,False,
YMP,QNB PORTFÖY YMK PARA PİYASASI (TL) ÖZEL FON,Para Piyasası Şemsiye Fonu,3.0591,10.2731,,,,,508573929.56,110.0,QNB Portföy Yönetimi A.Ş.,0.0,2.0,False,False,False,True,False,Para piyasası,,,,0.0,False,False,2026-09-30
RGD,RE-PIE PORTFÖY AGRESİF DEĞİŞKEN FON,Değişken Şemsiye Fonu,-1.9954,8.1662,14.3116,,,,,,,,,False,False,False,False,False,Karma / değişken,,,,,False,False,
RE6,RE-PIE PORTFÖY ALTINCI HİSSE SENEDİ SERBEST (TL) FON (HİSSE SENEDİ YOĞUN FON),Serbest Şemsiye Fonu,0.0,0.0,,,,,,,,,,False,True,False,False,False,Altın / kıymetli maden,,,,,False,False,
PIA,RE-PIE PORTFÖY İKİNCİ ALGORİTMİK STRATEJİLER SERBEST FON,Serbest Şemsiye Fonu,,,,,,,,,,,,False,True,False,False,False,,,,,,False,False,
RFM,ROTA PORTFÖY ENERJİ VE METAL FON SEPETİ FONU,Fon Sepeti Şemsiye Fonu,0.1346,,,,,,,,,,,False,False,False,False,False,Hisse (aktif),,,,,False,False,
RYI,ROTA PORTFÖY YİRMİİKİNCİ SERBEST (DÖVİZ) FON,Serbest Şemsiye Fonu,,,,,,,,,,,,False,True,False,False,False,Eurobond / döviz,,,,,False,False,
SD1,SPARTA PORTFÖY BİRİNCİ DEĞİŞKEN FON,Değişken Şemsiye Fonu,-6.146,,,,,,,,,,,False,False,False,False,False,Karma / değişken,,,,,False,False,
SDS,SPARTA PORTFÖY BİRİNCİ SERBEST (DÖVİZ) FON,Serbest Şemsiye Fonu,,,,,,,,,,,,False,True,False,False,False,Eurobond / döviz,,,,,False,False,
SIA,SPARTA PORTFÖY BİRİNCİ İSTATİSTİKSEL ARBİTRAJ HİSSE SENEDİ SERBEST (TL) FON (HİSSE SENEDİ YOĞUN FON),Serbest Şemsiye Fonu,-12.2701,-10.0938,,,,,,,,,,False,True,False,False,False,Hisse (aktif),,,,,False,False,
SYN,STRATEJİ PORTFÖY ADAR KAR PAYI ÖDEYEN SERBEST ÖZEL FON,Serbest Şemsiye Fonu,,,,,,,,,,,,False,True,False,True,False,,,,,,False,False,
SDP,STRATEJİ PORTFÖY ADBB KAR PAYI ÖDEYEN SERBEST ÖZEL FON,Serbest Şemsiye Fonu,,,,,,,,,,,,False,True,False,True,False,,,,,,False,False,
SPU,STRATEJİ PORTFÖY PARA PİYASASI FONU,Para Piyasası Şemsiye Fonu,,,,,,,,,Strateji Portföy Yönetimi A.Ş.,0.0,2.0,False,False,False,False,False,Para piyasası,,,,,False,False,2026-10-05
SHC,STRATEJİ PORTFÖY İKİNCİ HİSSE SENEDİ FONU (HİSSE SENEDİ YOĞUN FON),Hisse Senedi Şemsiye Fonu,0.3925,,,,,,,,,,,False,False,False,False,False,Hisse (aktif),,,,,False,False,
NDC,TACİRLER PORTFÖY NMÇ KAR PAYI ÖDEYEN SERBEST ÖZEL FON,Serbest Şemsiye Fonu,,,,,,,,,,,,False,True,False,True,False,,,,,,False,False,
TLC,TEB PORTFÖY ALTERNATİFBANK DEĞİŞKEN ÖZEL FON,Değişken Şemsiye Fonu,2.3105,9.955,,,,,,,,,,False,False,False,True,False,Karma / değişken,,,,,False,False,
OAO,TEB PORTFÖY ODEABANK AYRICALIKLI VE ÖZEL BANKACILIK DEĞİŞKEN ÖZEL FON,Değişken Şemsiye Fonu,2.3132,,,,,,,,,,,False,False,False,True,False,Hisse (aktif),,,,,False,False,
RMR,TRIVE PORTFÖY İKİNCİ İSTATİSTİKSEL ARBİTRAJ HİSSE SENEDİ SERBEST FON (HİSSE SENEDİ YOĞUN FON),Serbest Şemsiye Fonu,,,,,,,,,,,,False,True,False,False,False,Hisse (aktif),,,,,False,False,
VFO,V PORTFÖY ALTIN KATILIM FONU,Katılım Şemsiye Fonu,-4.49,4.0663,,,,,,,,,,False,False,False,False,False,Altın / kıymetli maden,,,,,False,False,
VPD,V PORTFÖY BİRİNCİ DEĞİŞKEN FON,Değişken Şemsiye Fonu,3.106,,,,,,,,,,,False,False,False,False,False,Karma / değişken,,,,,False,False,
VPH,V PORTFÖY HİSSE SENEDİ (TL) FONU (HİSSE SENEDİ YOĞUN FON),Hisse Senedi Şemsiye Fonu,-9.5634,,,,,,,,,,,False,False,False,False,False,Hisse (aktif),,,,,False,False,
VHK,V PORTFÖY KATILIM HİSSE SENEDİ (TL) FONU (HİSSE SENEDİ YOĞUN FON),Hisse Senedi Şemsiye Fonu,-11.6112,,,,,,,,,,,False,False,False,False,False,Hisse (aktif),,,,,False,False,
VTL,V PORTFÖY KISA VADELİ KİRA SERTİFİKALARI KATILIM (TL) FONU,Katılım Şemsiye Fonu,2.9368,9.7165,,,,,4101630477.99,7583.0,V Portföy Yönetimi A.Ş.,,2.0,False,False,False,False,False,Kira sertifikası / katılım,17.84,64.84,0.0,0.0,False,False,2026-10-05
VPE,V PORTFÖY İKİNCİ DEĞİŞKEN FON,Değişken Şemsiye Fonu,2.9936,,,,,,,,,,,False,False,False,False,False,Karma / değişken,,,,,False,False,
VLT,VAKIF KATILIM PORTFÖY ALTIN KATILIM FONU,Katılım Şemsiye Fonu,-4.6831,5.5057,,,,,,,,,,False,False,False,False,False,Altın / kıymetli maden,,,,,False,False,
VHS,VAKIF KATILIM PORTFÖY KATILIM HİSSE SENEDİ FONU (HİSSE SENEDİ YOĞUN FON),Hisse Senedi Şemsiye Fonu,-10.0338,-7.9578,,,,,,,,,,False,False,False,False,False,Hisse (aktif),,,,,False,False,
VKV,VAKIF KATILIM PORTFÖY KISA VADELİ KİRA SERTİFİKALARI KATILIM FONU,Katılım Şemsiye Fonu,2.803,9.6149,,,,,8896789400.48,1233.0,Vakıf Katılım Portföy Yönetimi A.Ş.,0.0,2.0,False,False,False,False,False,Kira sertifikası / katılım,63.94,31.77,0.0,0.0,False,False,2026-10-05
VKK,VAKIF KATILIM PORTFÖY KİRA SERTİFİKALARI KATILIM FONU,Katılım Şemsiye Fonu,2.8231,9.6384,,,,,168054799.84,669.0,Vakıf Katılım Portföy Yönetimi A.Ş.,1.0,2.0,False,False,False,False,False,Kira sertifikası / katılım,63.26,35.16,0.0,0.0,True,False,2026-10-05
VPA,VAKIF KATILIM PORTFÖY PARA PİYASASI KATILIM FONU,Katılım Şemsiye Fonu,2.9574,9.8068,,,,,5355547684.37,3490.0,Vakıf Katılım Portföy Yönetimi A.Ş.,0.0,1.0,False,False,False,False,False,Para piyasası,4.32,23.77,0.0,0.0,False,False,2026-10-05
VPP,VEGA PORTFÖY PARLA SERBEST (DÖVİZ) FON,Serbest Şemsiye Fonu,3.7183,10.9214,19.7082,,,,,,,,,False,True,False,False,False,Eurobond / döviz,,,,,False,False,
VPS,VEGA PORTFÖY SALUR HİSSE SENEDİ SERBEST (TL) FON (HİSSE SENEDİ YOĞUN FON),Serbest Şemsiye Fonu,-14.1256,-39.47,-44.8254,,,,,,,,,False,True,False,False,False,Hisse (aktif),,,,,False,False,
YSH,YAPI KREDİ PORTFÖY BÜYÜK ÖLÇEKLİ ŞİRKETLER DEĞİŞKEN FON,Değişken Şemsiye Fonu,1.7278,9.585,,,,,,,,,,False,False,False,False,False,Karma / değişken,,,,,False,False,
KMN,YAPI KREDİ PORTFÖY KIYMETLİ MADENLER KATILIM FONU,Kıymetli Madenler Şemsiye Fonu,-7.1593,4.9711,-9.4693,,,,,,,,,False,False,False,False,False,Altın / kıymetli maden,,,,,False,False,
KOD,YAPI KREDİ PORTFÖY KÜÇÜK ÖLÇEKLİ ŞİRKETLER DEĞİŞKEN FON,Değişken Şemsiye Fonu,-10.1509,-1.9909,,,,,,,,,,False,False,False,False,False,Karma / değişken,,,,,False,False,
PLA,YAPI KREDİ PORTFÖY PLAY FON SEPETİ ÖZEL FONU,Fon Sepeti Şemsiye Fonu,2.3101,9.1485,20.8311,,,,,,,,,False,False,False,True,False,,,,,,False,False,
YAE,YAPI KREDİ PORTFÖY TLREF'E ENDEKSLİ BORÇLANMA ARAÇLARI (TL) FONU,Borçlanma Araçları Şemsiye Fonu,2.7415,9.2154,19.6136,,,,69360319.69,564.0,Yapı Kredi Portföy Yönetimi A.Ş.,1.0,2.0,False,False,False,False,False,Kamu borçlanma (devlet tahvili),99.02,0.0,0.0,-0.5106,True,False,2026-10-05
ZIH,ZİRAAT PORTFÖY HAVACILIK VE SAVUNMA TEKNOLOJİLERİ DEĞİŞKEN FON,Değişken Şemsiye Fonu,-5.6481,,,,,,,,,,,False,False,False,False,False,Hisse (aktif),,,,,False,False,
ZND,ZİRAAT PORTFÖY NADİR TOPRAK ELEMENTLERİ VE STRATEJİK METALLER FON SEPETİ FONU,Fon Sepeti Şemsiye Fonu,,,,,,,,,,,,False,False,False,False,False,,,,,,False,False,
ZPO,ZİRAAT PORTFÖY PARA PİYASASI KATILIM FONU,Katılım Şemsiye Fonu,3.0205,,,,,,3174864419.21,4030.0,Ziraat Portföy Yönetimi A.Ş.,0.0,1.0,False,False,False,False,False,Para piyasası,0.0,9.24,0.0,0.0,False,False,2026-10-05
ZTV,ZİRAAT PORTFÖY TÜRKİYE VARLIK FONU İŞTİRAKLERİ HİSSE SENEDİ FONU (HİSSE SENEDİ YOĞUN FON),Hisse Senedi Şemsiye Fonu,-9.0926,,,,,,,,,,,False,False,False,False,False,Hisse (aktif),,,,,False,False,
ICO,İNCİR PORTFÖY BİRİNCİ FON SEPETİ FONU,Fon Sepeti Şemsiye Fonu,,,,,,,,,,,,False,False,False,False,False,,,,,,False,False,
IH1,İNCİR PORTFÖY BİRİNCİ HİSSE SENEDİ FONU (HİSSE SENEDİ YOĞUN FON),Hisse Senedi Şemsiye Fonu,-7.3078,-10.3122,,,,,,,,,,False,False,False,False,False,Hisse (aktif),,,,,False,False,
ICM,İNCİR PORTFÖY BİRİNCİ PARA PİYASASI (TL) FONU,Para Piyasası Şemsiye Fonu,,,,,,,1306114294.44,57.0,,0.0,2.0,False,False,False,False,False,Para piyasası,10.57,0.0,0.0,0.0,False,False,2026-10-05
HOI,İSTANBUL PORTFÖY HOLDİNGLER VE İŞTİRAKLERİ HİSSE SENEDİ FONU (HİSSE SENEDİ YOĞUN FON),Hisse Senedi Şemsiye Fonu,,,,,,,,,,,,False,False,False,False,False,Hisse (aktif),,,,,False,False,
SRH,İSTANBUL PORTFÖY SÜRDÜRÜLEBİLİRLİK HİSSE SENEDİ (TL) FONU (HİSSE SENEDİ YOĞUN FON),Hisse Senedi Şemsiye Fonu,,,,,,,,,,,,False,False,False,False,False,Hisse (aktif),,,,,False,False,
IED,İŞ PORTFÖY AGRESİF DEĞİŞKEN FON,Değişken Şemsiye Fonu,-2.6388,3.3126,,,,,,,,,,False,False,False,False,False,Karma / değişken,,,,,False,False,
LKF,İŞ PORTFÖY ALTIN KATILIM FONU,Katılım Şemsiye Fonu,-3.956,5.9353,,,,,,,,,,False,False,False,False,False,Altın / kıymetli maden,,,,,False,False,
DMI,İŞ PORTFÖY DM HİSSE SENEDİ ÖZEL FON (HİSSE SENEDİ YOĞUN FON),Hisse Senedi Şemsiye Fonu,-6.0338,,,,,,,,,,,False,False,False,True,False,Hisse (aktif),,,,,False,False,
GUF,İŞ PORTFÖY GÜMÜŞ FON SEPETİ FONU,Fon Sepeti Şemsiye Fonu,-7.8839,6.0676,,,,,,,,,,False,False,False,False,False,Altın / kıymetli maden,,,,,False,False,
KRR,İŞ PORTFÖY KARMA FON,Karma Şemsiye Fonu,-3.9732,2.2737,6.5968,,,,,,,,,False,False,False,False,False,Karma / değişken,,,,,False,False,
ZTS,İŞ PORTFÖY YAPAY ZEKA TEKNOLOJİLERİ ŞİRKETLERİ DEĞİŞKEN FON,Değişken Şemsiye Fonu,,,,,,,,,,,,False,False,False,False,False,Hisse (aktif),,,,,False,False,
